cpu_percent,mem_percent,disk_read_bytes,disk_write_bytes,net_bytes_sent,net_bytes_recv,ctx_switches,interrupts
58.18357076505617,49.47446517507686,15632365056.0,7298089984.0,57364232.0,68774190.0,22009188.0,15617486.0
55.00867849414408,51.06644398785345,15632414743.96511,7298106829.345831,57373224.69947925,68821135.00536947,22011248.509527624,15618922.749584405
58.93844269050346,49.12274023700012,15632465416.33744,7298120563.398164,57383542.500170186,68862242.3787791,22014860.204944123,15621827.256460857
63.31514928204013,50.57611541108288,15632529234.910376,7298141764.062719,57398520.39036511,68927502.54140839,22018125.509964928,15622714.37981354
54.529233126383325,45.81915599913864,15632510381.665468,7298165700.993786,57414454.85324024,69022077.14125848,22021219.8173168,15626462.781101014
54.5293152152541,52.139881122118815,15632644684.363691,7298210912.862158,57419936.87330864,68985637.89214294,22024639.2401402,15624240.55530062
63.59606407753696,51.50361642608667,15632502792.502104,7298200349.228839,57425452.67850166,69134239.2298661,22029019.319459427,15626333.0601256
59.53717364576455,49.04873410679543,15632670964.081335,7298174487.100263,57455204.16478426,69069472.95493571,22030064.07396334,15625188.53589292
53.352628070325245,53.477737005297215,15632725994.092604,7298295586.71386,57439226.61643118,69106379.82300025,22031715.766871423,15627543.039674984
58.41280021792983,54.31271041287968,15632872055.414349,7298232314.943987,57472788.54809061,69297863.51565088,22034353.84794903,15636121.16550139
53.382911535937694,46.677320406893074,15632867319.085268,7298287047.978644,57458470.74403297,69366383.63780077,22036130.420989808,15630919.897130474
53.37135123214872,49.21182566430136,15632760444.064075,7298334543.507882,57483714.50507624,69417845.0930439,22046519.4882838,15640319.628290476
56.90981135783017,49.19257295063811,15632846856.824902,7298341960.625104,57481506.49844503,69216294.31101382,22041308.82912314,15631009.895861551
46.13359877671101,48.6802906966734,15633040884.40124,7298421105.6705885,57492779.84325103,69363616.37285063,22053692.012208555,15632877.470767114
47.07541083743484,53.988424525795246,15633053986.57214,7298403514.220037,57493665.17751106,69589408.40288046,22051320.99357582,15637052.8288717
52.88856235379514,50.91852158368159,15633028187.383554,7298325385.781523,57554577.62093542,69530421.27608459,22050278.588948578,15639699.125352444
50.63584439832788,50.706455476068165,15633088122.593678,7298584268.973919,57500778.36678053,69402399.14460841,22062135.25772596,15645916.81900376
57.27123666297637,45.48841290677974,15633333404.559517,7298446502.344384,57509064.10341334,69702104.04965132,22054004.64163985,15645284.92912765
51.15987962239394,53.40625409062768,15633171871.336884,7298436723.379604,57620587.76837043,69545524.69338153,22068931.65636656,15642237.897610342
48.638481493323546,47.782224815439584,15633298318.663635,7298561556.915191,57591390.207456864,70065149.72119452,22068208.898151323,15645226.099902846
63.02824384460777,51.67979789079899,15633799043.317616,7298514929.094593,57468827.45205228,70083158.29248366,22063224.753109083,15645571.622481292
54.571118497567326,52.33213081387458,15633116082.646254,7298551902.960258,57550491.13295316,69951050.45953467,22077738.665561013,15643223.681467447
56.03764102343962,55.58197578751595,15633057650.599054,7298804124.239846,57504504.46914727,70173611.47504935,22081200.486982577,15644625.44461843
48.57625906893272,47.573538802642666,15633695281.622904,7298518345.03575,57550500.2281029,69939092.01052837,22091499.47546681,15659078.39885089
52.97808637737409,42.441463532537526,15633402181.665289,7298531852.692718,57453583.29602077,70157894.99865,22092781.76414892,15640323.212518925
56.25461294854934,52.05154863426108,15633535496.618065,7298604556.314001,57607382.5211153,70393620.07382552,22090328.92525908,15667116.190230835
49.94503211288849,56.90153354453256,15633461955.341686,7298749281.071626,57564851.02540361,70138019.65726653,22072529.317634284,15653810.645040303
57.57849009172836,55.21683905881831,15633644909.961992,7298426601.905924,57637466.88386701,70055289.46369115,22123243.92434035,15651728.680288224
52.69680655040598,52.12897824582388,15634212646.671389,7298374806.175193,57553225.20950258,69696895.85171041,22073537.373045,15665699.978041856
54.24153125103362,50.02509144310386,15634047673.252998,7298584852.28576,57659040.88748398,70200081.27754077,22109952.316027094,15673907.38428208
52.69146693885302,53.92136778991193,15634123723.053566,7298444895.556141,57639337.02331278,70521216.9553687,22105657.257253293,15672544.691974437
64.9613909225447,48.5793614008866,15633476025.612703,7298644135.141133,57767353.0838417,70617336.36254597,22083988.793226544,15668653.224059047
55.632513876310334,52.92907330806866,15633596686.804302,7298810383.951381,57774558.83915172,70535586.82102989,22103199.184977945,15675919.88950133
50.4114453552205,53.01641047749988,15633078160.04237,7298603010.437514,57746064.80979868,70245561.29866245,22106888.57737696,15649992.673986277
59.812724560515946,54.68062972249664,15633789866.520832,7298527423.481947,57682022.26291504,69802070.66655782,22133382.906168777,15663163.32847682
49.595781750144894,59.77898011673324,15634449902.115234,7298802118.0033,57853208.62766822,70350864.71569835,22101705.05924509,15660418.714369738
56.74431797502378,52.67724790153631,15634351156.74567,7298965241.82723,57612413.45999553,70464625.84642057,22112472.98988436,15684712.098297125
45.90164938060113,49.9731091228775,15634133096.092709,7298516413.913875,57630368.66141229,70508406.28213969,22076970.712307107,15668729.393989945
49.05906975550785,51.42327706342402,15634256581.892187,7299005828.155678,57737864.48440843,70909241.4156516,22156148.493069347,15684123.634747315
98.32729839643017,46.19277228533264,15634046390.638395,7299029358.709729,57930046.97249585,71498603.80029579,22512843.46896719,15682255.526227117
59.392332899977056,49.41586060673283,15634446959.55296,7299080801.020431,57748044.88745039,70823601.68073644,22135726.217284784,15667138.316766037
56.556841405949854,50.272152685660686,15634729066.094587,7299159772.444049,57759205.89005684,70735329.96644585,22130109.1394907,15671766.414017292
55.1217585880588,49.92773480619622,15633786383.549288,7299392406.924178,57663111.53008661,70765316.83853827,22133129.97969755,15696788.102904266
54.19448152205356,51.95706461610117,15634643904.50577,7298873424.209547,57875581.944333255,70977675.44977032,22155600.03267472,15671982.273831973
48.30739004816287,49.0327402028534,15634975327.34322,7298994089.747617,57888111.51038098,70609740.74544671,22177955.77412668,15685134.25245458
52.10077895802646,54.86309200197341,15634428260.869968,7298896285.352519,57885248.76812599,71078279.35143572,22149846.60757369,15674421.692634594
53.39680614520107,51.50062119475459,15634987378.281576,7299010438.674293,57766343.69809804,71281563.67471263,22162254.7944055,15682153.45982056
60.98561113109458,51.47209903658416,15636037943.588902,7299390209.238575,57767801.56377294,71222742.44988,22157916.951113086,15687335.116590025
57.41809144784231,50.51631585046125,15634714971.459366,7298727180.523856,57720092.26396112,71393810.12832229,22177608.754174337,15678212.722251715
46.884799223186334,51.965572051576935,15635007776.454502,7298859026.830319,57862451.50517257,71436726.32858078,22144846.548702583,15676867.429776438
57.32041984697398,53.975294794002906,15634496027.45817,7299434279.234126,57756191.26707215,70388241.65887678,22186072.76386041,15696780.100051662
53.77458859791842,48.8986093528673,15635007494.092928,7299370093.30926,57754135.516464576,71648993.78078166,22190505.746574007,15681061.517645497
52.31538999847021,49.52565053277423,15635204397.244991,7299035569.771828,57840168.16544129,71025262.28025553,22193333.96222576,15682839.7421311
89.37783349180634,50.58882191367,15635118322.440344,7299376400.530297,57842381.44543047,70843395.24360791,22599396.914530613,15682055.05501514
60.85499761247976,47.46238722958036,15634514420.527355,7299262112.277472,57846130.31888723,70877786.0129583,22166642.8838756,15697223.889649432
60.35640059558099,49.04222642083551,15635228554.97423,7299602559.517475,57965540.905652426,71762637.88575989,22180773.34219146,15715557.076967595
51.503912383886814,50.07133737936602,15635983885.72568,7299230846.686272,57933085.35384083,71449548.04075408,22138804.42274479,15726795.681090046
54.15393812074393,54.12316754213818,15635470778.385773,7299522289.152453,57901382.21252173,70665467.79312831,22225643.22593045,15690572.800729506
57.35631715701782,52.28768398700578,15635823008.569662,7300016167.454042,57965461.49968413,71951451.93281153,22182831.98052844,15741901.407803964
60.5777256356118,52.08076973410263,15635175218.937693,7299446423.250739,57837231.80914965,70874821.20282869,22194563.87268434,15688202.72396549
53.30412881077356,54.05269388650392,15635814996.143654,7299304782.449738,57976865.43486916,71858082.81511092,22171877.866808183,15726989.8734199
100.0,51.08788463480181,15635585409.381311,7299530330.330492,57992605.50412705,71969674.34466057,22659731.19877139,15695778.954891518
87.40570986266599,52.67139454978667,15634875491.347591,7299216746.933957,57797854.18943967,72423247.79065093,22678345.44215875,15694286.827180415
49.71896687959665,51.19033474120251,15635715724.233025,7300102193.82724,58119689.41305067,73046651.41547412,22205092.93191046,15697910.108636774
59.762629111971,52.296087048198885,15634930370.1354,7299427606.732062,57891408.48573095,71100797.15142365,22222737.72200812,15712479.004166735
62.48120014285412,49.75172402716525,15635203683.821323,7299301280.670927,58025972.27389684,71990081.99355902,22209446.22506959,15726295.457335155
55.33994939209833,44.18354852517072,15635790012.682814,7299134206.628344,58177934.34975065,71891808.70527081,22218629.892535985,15729749.387150517
60.71766448946012,51.09716251344109,15635914209.663164,7299797552.764188,58158272.68553366,72414802.28959385,22198897.61644817,15699011.901191508
57.50818012523818,55.76824440829982,15634956377.923748,7299744827.720362,58048901.34084536,72320844.76423486,22230060.451252345,15699296.95053477
96.88842949134344,54.27864620672478,15636542306.182116,7299298396.741862,58004207.13760228,71980933.09251173,22724707.34076181,15702011.579047374
57.50697802754208,54.39619245377351,15636265460.39481,7299691741.970793,58196883.66720058,71965558.4679724,22243855.630485363,15720147.557549903
63.39018283232985,55.20839216541865,15635414698.810717,7298974446.631285,58170038.68684883,71531509.89281933,22250926.73703298,15719509.685630737
55.52086980445024,51.76597277288431,15634857994.946556,7299596573.407026,57995187.43711364,73085450.33933268,22235772.59037504,15704962.210019292
63.52321827907004,52.09194712221679,15635909275.65727,7299715240.068508,57978177.52753776,72759409.05256766,22173322.83995961,15732890.320899986
42.60127447955128,49.64704431369695,15635735057.651745,7300201696.029537,57797523.43310899,73153338.4663684,22192535.338366643,15778715.027545044
59.80951252187612,50.55178143191885,15636199911.34279,7299300926.948976,58137336.77625254,72291392.89764336,22251245.842524894,15718629.902108708
56.13523534119086,53.34731344931343,15635889087.337524,7299124210.001055,58111661.9427572,72074995.04379223,22236772.31602552,15721601.93047656
54.20496324767066,55.11165331150645,15634669314.217226,7299285244.235044,58309205.47169496,71793887.3986955,22257121.95112921,15745914.182274492
56.15880388267752,51.081661172957,15635962145.388124,7299128722.284877,58200244.59458294,72954145.71531771,22308568.51329592,15721409.69877336
45.76215542699554,50.14943220544576,15636073616.902256,7300197963.656315,58365040.21267928,71902753.35262269,22274866.42196956,15751840.45821672
54.60164056081244,51.50158387656979,15636871984.819818,7300309439.71801,58052653.72353341,74253120.45517324,22299543.44822971,15720240.975037305
57.48556285755873,53.30362024678735,15635849514.263563,7299839671.714069,58358612.35361675,71764999.50931431,22256022.596273564,15783506.50646413
63.08947022370759,47.16843555159937,15637841569.232166,7300230714.927731,58097489.71382684,73098591.29775426,22222092.15722314,15748967.46432577
53.10864890863176,44.611457140588286,15634928394.342958,7299805576.727941,58323312.94625752,74224679.40698744,22255786.55439261,15726547.42856799
51.657531985534064,49.84838945152525,15637666436.698154,7299730037.107965,57959160.59005484,73477425.3977816,22227388.4238238,15728650.969173374
53.19121478207732,47.837862722257526,15636424384.874754,7299648443.011902,58254205.00089225,73173512.65561801,22330415.53566283,15731884.106305946
60.27701058851037,49.97557940705807,15637404298.990215,7299676515.873708,57882865.674071305,72241294.06361277,22301174.816291027,15781902.941389222
57.343755548298425,51.05665904354758,15636784483.291132,7299156690.323006,58187750.07744613,71922050.8059461,22292830.29360333,15714871.598701607
53.05119898116481,50.14025477293096,15637767864.871702,7299966256.095987,58321734.30292251,73851834.09584747,22327569.50089804,15731852.33989987
58.26633716556678,55.85740260341224,15636470303.851547,7299852035.409955,58161499.59788086,74564661.04428971,22186295.48955372,15735989.663130092
56.18538774674021,52.48023429380696,15635876297.61734,7300225396.325835,58075153.226823926,72879225.00856964,22305654.20781042,15752062.424897565
60.543224952664445,52.40142307883249,15638207714.901417,7299952537.19088,58428225.56141186,72287644.02806912,22222553.61681415,15746584.705390742
52.18973453061325,53.3666214321302,15636860653.805788,7299855140.297278,58265194.84666817,71112674.1238949,22284854.23787058,15714328.111853624
54.06168926701116,48.08350064665769,15637221105.38047,7299544879.241047,58203171.859652296,72512078.69539385,22273693.59695028,15745830.947127689
53.739459234339215,54.6173353622608,15638225722.799202,7300003896.021306,58312108.433177,73367352.5680509,22322289.62076856,15755678.670734184
48.38242525933941,51.27270714039362,15636134698.52001,7300340646.684638,58815199.13696966,75043357.0787949,22305026.896225646,15742085.211700227
57.18060138532288,53.51144185172364,15637736727.261734,7299461181.28428,58545704.547158055,74220398.34454365,22361753.624333367,15781265.134084571
57.00527636089945,48.28442830087953,15636642858.086231,7300072408.770535,58559771.29162844,73920122.84256555,22270995.98769477,15789740.785276731
55.72556728321231,46.83872370195181,15637135530.03147,7300164175.046249,58429599.0785225,73282072.73192489,22337934.60509203,15762181.431027956
54.527064333124265,53.953668974075086,15637386612.17573,7299714541.932109,58387196.08397028,73146855.93991661,22314218.04923649,15772833.085129466
48.62314628974793,52.62922857829255,15635864834.138554,7299796055.847546,57885015.54233392,75179837.59750797,22227423.486496422,15702654.320079522
53.59677338617321,48.79384533692747,15636628430.586752,7300226442.478627,58237077.970014445,74026935.92616597,22265797.868844587,15756226.586003495
53.98642741736616,48.89101075617592,15638843150.350262,7299551939.280671,58286194.81970669,71729537.29424056,22307544.22029037,15801233.543767791
51.68861365389191,54.87630435324431,15638427832.924242,7300330194.713353,58008004.23480621,73230444.16266584,22375471.061169423,15758901.80957976
54.89357144166996,47.93176432139801,15637499910.83958,7299704399.7256975,58163489.51563519,73081645.32695751,22345301.59899297,15750483.43569657
57.720254284072695,56.42801885976789,15637870335.63144,7300747982.188843,57998256.34110624,73450612.79036367,22262894.20674626,15846733.201169975
65.13092950605265,48.7981377960564,15637353158.944023,7301449032.705056,58416107.34683216,74670875.29990219,22319751.2399135,15834332.654648226
56.5728890641592,53.41517577682515,15639166600.222836,7299769479.11109,58609447.917761646,74009223.97648016,22438140.645010427,15792995.154690675
98.38578220243572,50.51414457275305,15637548675.215982,7300538456.245683,58683295.296022855,74091175.36043605,22762084.415372048,15816386.703811953
55.32777042116917,53.30956229324703,15638067763.880426,7299873909.661839,58544655.01273327,75655875.74584451,22318348.75615856,15708197.91183277
46.1061439235048,49.867657993657424,15639125689.158556,7300862508.795588,58252284.80493631,73508082.80123465,22366233.680241592,15756496.802459251
55.56743062275392,51.01162128178312,15637052173.65182,7299607765.582957,58045313.53480857,76393451.47373496,22384556.3159168,15768336.402823336
56.001151049705136,51.622757526187165,15639710899.886637,7300599112.58472,58090693.41133406,73622325.49766438,22319642.57254112,15777557.06867807
68.01621056242644,48.49343763265559,15636285634.60699,7299856745.233707,58207441.93754049,74524983.96217221,22376583.474751987,15770376.897688985
54.73819517609439,53.722473036260375,15639922848.029469,7300252002.784214,58301571.98884787,74153617.90124084,22332441.298689764,15701275.10083014
57.20773671166806,49.960359300585246,15637686479.078457,7299797144.46679,58477489.845461935,74666122.0035261,22395549.337105192,15803303.849345446
55.52644115147378,50.81420025397995,15637883525.452522,7300886947.27312,58288945.90139455,75089916.71428484,22367030.20316233,15810405.163664166
49.856609811902345,48.51695187617446,15636003744.099716,7299940350.492653,58613552.35911837,75131777.23090398,22388383.117882594,15849212.647584807
61.4141140725751,43.81299902361407,15637728398.233494,7300775642.913006,58489415.45333932,73785511.54986772,22318396.17077612,15766579.852026964
93.58249732074528,50.92691671219949,15637077686.22808,7300265245.673183,58556741.87939437,73387921.5338374,22849971.85706316,15764921.175267257
59.65515973521524,58.73784626483875,15637635880.385551,7300421300.57692,58837892.13264109,77777996.14908685,22425917.838279564,15701006.55850528
51.15306272602631,53.85381286369408,15638248909.731396,7300599376.323977,58288615.92032351,74238568.94908333,22367384.518926177,15788329.523831751
62.7139715546805,51.442218860796814,15639633561.769655,7300065270.950288,58686395.917103335,75727229.17517982,22392575.11926806,15833466.691186875
48.6907446860386,50.7113275123752,15638770408.122225,7300679359.774828,58590794.58579489,72946791.18805647,22359344.68123418,15779411.765885089
58.63428546900136,51.56739767843614,15638946575.050217,7301518791.4299,58521527.40231951,74627470.2273182,22436909.059988845,15883222.147249823
66.65227812904989,53.14135734552563,15637245656.763945,7300103674.758855,58835546.08021649,74865190.77002195,22346199.876248147,15795363.693657894
50.74731837434656,47.957561554073465,15637555305.8471,7301348224.390263,58845743.56694837,75669936.98810907,22378645.12188625,15812042.308346108
52.86851135198614,54.842965084006615,15640999436.773306,7301581275.997265,58393823.337818936,71666673.24094024,22440098.54360665,15756051.772629842
56.19825682543821,53.64614394632373,15637823998.675505,7300127644.807022,58597598.89053237,75386849.98474026,22468257.932746515,15820515.261254732
53.182621729419004,53.654557177123806,15640951564.645151,7299731473.779716,58726784.61410669,73741023.52257542,22362405.525728777,15734386.3239392
47.94668284466934,52.81542721642919,15638549076.441454,7300886258.585112,58593250.245514125,75695839.4245534,22526567.45882713,15839540.220245512
56.04281487403014,51.55884997308197,15638918053.196348,7300351432.072588,58827507.589059405,73966598.75214201,22422705.33093693,15842456.027326051
50.38848143136948,53.51858370790046,15640377938.011503,7301963262.124647,58758466.69272831,74244952.84137823,22336354.734720625,15869313.940403726
96.06431860588404,53.27544240122413,15640706672.92118,7300773131.014432,59181693.2899347,75060265.27817695,22903147.67046411,15776289.248121168
51.10287882883099,50.43787786717693,15638916567.169226,7300232510.396616,58294117.19157082,74064068.51073171,22385527.05262961,15824940.597155556
63.4496720250877,49.7791946813093,15638590927.877748,7300015651.330067,58681174.282768205,74882218.49690726,22443487.622884866,15842820.570655154
51.78373353831882,51.80556888578596,15639089004.19001,7301551119.372182,58477119.316868685,73951198.95478109,22414273.7751591,15839531.090843877
54.08969241897162,56.14706045448556,15639678057.81368,7300438722.977753,58899757.4427903,73112746.48117274,22425275.747778025,15787422.199791957
94.46929972852747,47.7826787730383,15640495055.08788,7300880225.871628,58297892.55834743,77078970.73235251,22925576.88592993,15725457.949772377
49.545678417830224,47.09742420274268,15639320935.504002,7301534266.907853,58850506.93344252,73922682.31697474,22494997.255534787,15840454.244380085
56.83729967302065,51.99428252370955,15640231496.817232,7300551003.153648,58587818.43922246,75524036.75734882,22348259.084299427,15821081.013510983
62.235713771412144,51.65266310556805,15641725143.222502,7300877604.175738,58567198.35375387,76885766.42490624,22354020.074873947,15805015.833917731
47.66258382719386,52.02002499311122,15640006515.649416,7300918220.429026,58373426.51019444,75000969.37442721,22461270.58478947,15863030.07249428
56.62316929266152,52.2318595937255,15639960719.584087,7301438561.025734,58661220.27938651,74744202.76336388,22552791.363673225,15830058.951813174
56.99941397124212,50.83039323609558,15637377824.411873,7301395319.921567,59116568.15272379,76299972.84768109,22415801.297011364,15776496.77372043
59.60911435888656,55.96959031580624,15635800497.301598,7300830401.54484,58806927.28177645,77645194.04295437,22495008.49339604,15750967.825424314
49.51524644560959,46.69728806457045,15640232084.564676,7301056447.814893,59007514.68201935,74366989.71297376,22525541.83291104,15787037.408987168
49.09771693457862,49.014508925659264,15639575664.380016,7300756726.42653,59323636.69565809,75903472.68693437,22510067.30614112,15943517.842199216
58.30970782808449,51.19023571955286,15639003177.641129,7299956550.81888,58922303.65310748,73610097.99944836,22430158.58660115,15871577.288762616
96.50348621020537,46.570433566537496,15640177916.004238,7301261896.6387615,58687709.72752542,75638320.50451353,22888601.80641561,15849416.971686283
56.95246425172939,50.97243678670379,15639774450.406204,7302509127.820624,59004407.664554834,76325497.02680711,22293621.93257465,15834311.25827664
57.43224104748488,56.48441049718406,15641618004.178455,7300442776.048779,58709854.56381308,75033706.79094985,22442343.54229059,15832779.09982038
52.29987639210755,51.562659464887886,15640095944.519754,7300542481.420702,58730887.50427766,75679562.41258565,22554722.64001073,15898710.136841174
56.86126848580502,52.19210271715605,15638872263.373842,7300483877.254692,58429144.80331659,74269603.0444896,22382189.30216572,15824467.655446632
57.16536236649341,47.71950570448226,15641589912.007998,7301727919.669617,59189519.307254,76592891.0615275,22525104.158258945,15875139.722973617
52.12824290986816,49.650915775881565,15639778502.833834,7301537560.227002,58794571.20154867,78160516.08576888,22400551.17892098,15833784.10031144
65.02887255572378,50.37441085902819,15640986453.226528,7301086324.5999155,58981046.65269455,74862645.56315808,22485461.66095817,15942285.33036988
58.06916460455894,50.5468547097313,15639465521.191277,7300509339.036613,58608939.95441751,75646595.32651275,22535749.641711168,15887947.788706938
49.74348251398676,55.34493138501131,15639238329.520914,7301322961.665396,59081991.45099009,77468213.0693976,22431087.860489763,15913525.393016003
58.98276804316915,53.17307318217537,15640448883.485994,7300026109.408768,58711934.686273046,78651414.24372315,22499741.532115404,15828109.65374737
50.8265916488634,48.1656261291889,15640385581.82967,7301404725.253486,58918885.20905542,74385086.3004657,22455980.69306197,15908276.533403236
59.63542301871226,52.239514335296015,15641187577.52694,7302011561.130801,59256891.982059,76552446.57276031,22548952.467044525,15843888.510353437
61.49297789503702,52.99466524549035,15640029849.87964,7300316512.6993265,59240438.01716334,77332861.93215764,22514248.690647256,15865833.692443136
51.59658840824145,54.9204471155638,15637521789.552454,7300100981.604383,58987050.19635948,76757838.08327498,22502793.375465985,15941939.83109329
60.51688064622161,56.24162205970512,15639855306.830915,7302665123.07119,58424285.0212722,72912251.01032157,22628972.69673164,15812181.467207585
57.7639046346825,48.4547174245164,15641924856.470787,7300885282.297409,60001859.48812001,77850988.51535948,22558828.256745383,15875046.762699615
59.81030079997245,49.06742746636898,15640171411.708456,7302352820.712133,59603857.17813068,79596288.34281047,22449888.79511152,15888298.661874233
65.18396491326973,47.72726642325616,15640303595.7178,7301301395.94956,59275605.39151269,77319015.12445307,22503018.364283387,15894038.21947812
54.47305941998565,50.797940422679055,15642422168.529922,7301313941.95377,58791155.52938543,75441931.83046564,22506812.50205331,15846766.46154809
51.93131917821256,52.899075123339,15639611821.245932,7301840442.731074,59015837.84934474,76357004.95364437,22522975.00388683,15976759.58991097
51.25242785187238,54.4620035497673,15638242290.528988,7300738584.971765,58879469.05387598,80283042.2150145,22733771.28851164,15806444.473847646
51.62094857517281,51.272146929072434,15640640376.785612,7301623269.057689,59506470.73117097,78880225.94487156,22553895.83682679,15948826.820436846
55.31449145292948,50.54045743023547,15640132276.803852,7301201903.103251,59174532.99445303,78475035.78362104,22350100.378970988,15938183.385248529
57.40575987408322,51.95527397674622,15639343449.866829,7300407757.171454,58822911.305007495,78040783.76951447,22481235.88894648,15975642.128180431
57.0834539966501,48.99457129510993,15640759897.486736,7301863593.405012,58940409.22550458,76323811.4247877,22363071.628387865,15795580.545447452
59.83591624518012,57.76861616508432,15641975190.882685,7301359589.668982,59506647.84989946,77173190.4338524,22505330.65250849,15834372.346885793
55.76500945938954,46.67701691864583,15641148708.13164,7301471802.150969,59687466.44208081,77437045.98520581,22362304.69978408,15960260.593523735
62.96767038578659,52.054221736687175,15641758412.498655,7300558991.565079,59675261.37347413,78596936.53943406,22463052.243310444,15783315.22088913
54.37671583381022,57.57081865768892,15644492921.703358,7303066330.327309,59413735.41515922,80360065.6317951,22407843.783862565,15798701.094684444
69.3008458329481,51.52039953367999,15640701302.837812,7302454643.196815,59063792.296968654,79726015.2648597,22580570.33592809,15859763.871853594
58.82833673882504,50.92988289499552,15641866083.54236,7302557724.295754,57997287.02288152,75219298.15956713,22549236.5426366,15897853.664585602
51.41421221791859,50.42766373156872,15640493379.813696,7301433556.544291,59281803.92861858,78229620.8937109,22579606.088828634,15975443.821499128
50.34553750969444,50.958824954712775,15639924681.309805,7300156427.570552,59183566.33178075,79215099.28820558,22545673.823640265,15880370.481044805
58.11236207621593,55.61854542402959,15640444674.994246,7303536903.404978,59245465.447253615,79056704.40416469,22430609.75585629,15858593.670771256
54.58268607337075,44.86441426601148,15640684140.2284,7301713774.292635,59224066.22370822,76816399.87536715,22608431.96597144,15910674.724560842
59.27000247046046,56.100301103888974,15642280086.225462,7301097344.188682,58723515.00007881,83415292.04917146,22741993.771824926,15921048.60482284
58.06618812286773,47.22812854264957,15646034336.963264,7302197609.46427,59431587.98314864,75698812.71406412,22605244.76981041,15921107.1820771
55.33585543671564,50.70004301229675,15640376054.774164,7302921241.936783,59470680.90144792,76098627.60473448,22530364.04996381,15888000.97373393
51.46603140965798,50.21226673910402,15640981800.425444,7301828316.47728,59500791.38205443,78613348.75277176,22438949.685446087,15789219.143175015
48.12576387657068,53.26565980931216,15641695753.50522,7303078237.533703,59612038.10735074,82224947.77388167,22490375.671263184,15848957.17341767
53.4674252396649,46.70562694434876,15642617073.812548,7302918833.941591,59493771.62507021,76685419.78366208,22622226.767374344,15983441.451860243
59.98199397161736,52.88651799824583,15642418438.050833,7300882039.966031,59117600.76479214,77816457.82161425,22684670.77155934,15914705.05014606
56.770468720651024,57.57292886986056,15644430519.92438,7301283145.498567,59257030.65040022,80442593.85219014,22610231.15277331,15886908.725939434
49.47130610644006,47.410477986221565,15637332119.303867,7302874007.362565,59329406.1987598,78389716.04106668,22665377.123456627,15971727.958950851
56.56590462925591,52.06911850283119,15637434412.05182,7299338749.813104,59346019.38625337,77825058.52221122,22659832.78967064,15842713.211996129
57.62658689864418,49.51405346661017,15641148093.56458,7301844264.699164,59703536.88582897,79627174.1586791,22643575.103160128,15896803.13417779
51.28071281899434,52.77766161857911,15644315764.367586,7300607769.422408,59576550.15118482,79108325.26085,22532657.5876644,15919586.194224233
56.46862552972764,51.55744333224725,15639130729.377735,7301560578.505588,60152705.31519056,80654154.40770447,22617319.46592956,15886900.589555288
55.99104359223,49.57553927286707,15636309943.967407,7301754152.111861,60217993.71603433,81231298.40034942,22519198.597415667,15920471.311680354
49.98514851084688,52.96361685461322,15643451703.018375,7301713530.843982,59385932.533880346,79335126.08941066,22607922.180819333,15904780.67229412
57.48893680174142,56.91304432936023,15642852370.447405,7301537722.747888,57829569.78061625,79357655.45075662,22642274.35310669,15833525.417132849
58.50392263184118,50.9272886248181,15640223737.102331,7301007354.632123,59871438.65138316,79254553.07439512,22780905.772642378,15929929.116277307
61.11525621587639,53.65927382644455,15640474266.006544,7304444814.379487,59165919.95904923,79862233.72443156,22482905.070588868,15839987.88143432
60.969010260174514,47.62018112638651,15640546476.249142,7304045457.934224,59068829.52773661,79036186.39487907,22667061.024545617,15932071.96111839
48.81165316021455,48.63069086954597,15642790548.047647,7300984676.863338,59241666.32780434,78972948.69606254,22772274.13234561,16007583.112437986
51.01087480042439,52.91721883364113,15641331109.683825,7303811653.670086,59231108.35080601,81477275.59769584,22701969.89599848,15907703.073367525
58.2751763360433,55.952348085607895,15643682827.67309,7301798534.544813,59676487.16176342,82197389.33153139,22712981.38061098,15854088.342567792
58.26892975456105,52.56684004635698,15636805978.807789,7302363693.034899,58788625.58744174,76003555.40460882,22691014.42234332,15920100.05679997
58.27523843153024,50.56082590843054,15640982804.120537,7302184179.081707,58995900.16975069,79195033.99562038,22768214.786936644,15877571.0028559
74.96365745327361,51.49787421627006,15640461603.221697,7301580546.669889,59597672.27565452,77784818.63409945,22522546.531432256,15968261.714464992
93.28478425332445,47.74877679809085,15642326740.575418,7303323028.960787,59725868.49277359,78621149.92037925,23044115.273919705,15923162.70890606
61.377828200903,53.3135459790661,15641779775.229586,7302442794.289759,59744962.574163,80173499.20254153,22641519.748180915,16042214.013830367
60.47000881746602,54.14699918697023,15644656484.81338,7301824839.491387,59150528.61773228,80793399.34767003,22416104.8170214,16009452.138285078
58.95695625652899,50.14372900150076,15639054668.676365,7300960596.242352,59077490.83341258,79185360.67510784,22779251.77814496,15927204.15576364
54.12365377679828,50.08987355672149,15643162407.759348,7301413837.33532,59287392.29113877,75379641.6836932,22781804.52591801,15984428.102163872
59.49484610246634,52.297634688956144,15644315479.309906,7300625500.375728,59617377.28348243,77449342.00176121,22607602.81532841,15914622.251608996
51.83587392731214,50.18984079187821,15647175414.462976,7302423185.432288,60165958.22352574,81510629.28763236,22617144.775560662,15943686.406158702
54.51590696629996,51.30160215612253,15642169623.842728,7301131601.832372,58645644.26137549,73677464.6641842,22652338.29894616,15919456.633817594
53.27318226085448,57.79916536749955,15643972375.757488,7302160523.041355,59447994.26196616,82262781.19066676,22668858.25089792,15994612.219774172
56.10937069693161,50.75892289776201,15639364596.48429,7303970245.529703,58970518.84283096,80865683.67951155,22680113.544151776,16040133.32977982
67.27329283336755,50.42497954393633,15638102752.350512,7303809213.530213,58837245.22196446,82669777.37936606,22730593.531756613,16000196.781674616
46.363674037041264,49.55737458309452,15645282007.370478,7302474318.032017,60001626.83724241,79385352.09699307,22653112.787992563,16010110.39666522
59.13130095187257,53.73257591449981,15643452712.148102,7302433319.953981,59826045.31107771,75297869.95866916,22779882.456686035,16011960.0269199
47.63642064405175,50.95632748034569,15646143139.29825,7304646044.122604,59794679.34811248,80883898.69055949,22727911.17714947,15988865.021204192
53.34034067105284,49.55188088503572,15640488633.528708,7303153230.854802,60016851.57619949,82829412.99784589,22613208.094062265,15876925.97010107
94.28954647088942,55.46391209681904,15644784835.81394,7302221201.732639,59398358.49645524,82104814.0624052,23294236.055074748,16069801.577560611
56.02140009547732,55.75880901354091,15647888584.31963,7300998583.527654,59428679.84261724,78576507.24731705,22533704.96056816,16078825.054050151
50.31127611035348,49.69872930278388,15644667787.73097,7303077030.102617,60626553.699992046,80321137.6413002,22679727.180471763,15942058.79901436
52.123481453700165,45.90038014591815,15644395661.832748,7303595413.100744,59531795.59925763,78959323.30718178,22803416.583722603,15934130.262599211
59.09798874467338,54.522541069510766,15643834649.425089,7301946743.004432,59990922.50777877,78348069.79700634,22613396.12948756,16003058.680555286
52.04816684141432,49.44611052271999,15640252028.648611,7303024867.168408,59667167.50884312,82471583.71371366,22734786.89937822,16000492.085627662
56.78229294790988,53.87187679748831,15647046429.481491,7302290056.844373,58820336.55910377,77557890.36097747,22764943.72345339,15949991.137435416
55.92785919951907,45.589688546864494,15642547866.275652,7302516506.416929,58735524.14223621,78300535.88105066,22605367.23131417,15878484.214371102
52.44199826197092,54.177792014897925,15645190501.987371,7299851671.302939,59424425.353508,77851810.27400935,22699744.34566729,15988354.51323341
66.41972044662663,47.86648421215766,15640407555.722624,7302510499.757652,60198487.38578156,76987010.79548024,22692877.05186552,16007196.844979923
58.86959511159006,53.69229235719958,15641343325.788406,7303928992.930329,60084729.07861892,80868263.58583012,22649358.802409705,16021156.390936736
45.57428706671197,51.5428192035093,15647551862.262163,7302064928.984431,60155676.42151374,83315337.19441746,22988785.63254199,15996215.928282678
56.63227157384714,48.63818174181007,15643391949.57517,7302892227.746335,59266372.11118419,80186032.08769873,22629759.89711671,15953709.712951468
91.87347557870469,50.27889106121966,15647723851.63298,7301950402.659037,60513387.305298224,77090510.23465729,23300493.28059461,16045457.745620748
59.96216667398112,53.5589553708701,15644128084.72485,7303300711.80317,59293013.002510905,82731657.44998345,22679248.278482705,15980707.337275475
94.85451241535353,51.8176833593457,15639944501.344902,7302630156.162956,59866387.71136159,84819874.20968392,23121937.29630842,15944011.54296574
55.12631779266551,53.25323894141745,15646564938.915354,7301778197.943479,59769242.19626447,79266745.9988067,22744577.116300184,15965924.760478094
58.22493639490229,57.42932175354646,15643037516.591032,7304542371.275875,59700077.07096774,79716088.67454313,22813728.29951089,15853728.648242315
60.02877597085061,46.80727516486685,15646212869.816849,7304078636.396441,60444787.77921166,82177245.33110264,22850029.91337048,15968700.571017385
49.69851796472112,56.35163772490587,15644626570.516798,7302231997.748008,59460138.06615901,84931561.94459553,22931784.34349992,16033879.553254826
54.02749382079526,51.81306781256964,15640834416.34154,7303599774.679037,59152925.424701154,79750596.3429732,23104980.67051705,16009960.052127233
53.32527344419522,48.80364785503062,15645069221.122812,7303671000.763469,59834069.77921356,77796363.53874442,22778001.24706193,16098711.015966011
52.43335383713144,47.50905912278303,15650139727.161118,7303823226.025239,59636717.59326246,82683793.95749284,22668296.116532564,15968499.558871437
64.52727120140548,50.932638827668896,15645987662.417116,7300949106.688966,61519413.92786499,83155878.82139291,22809344.416522566,16025742.099331168
57.72490855480478,54.26495033577338,15644671836.795015,7304323209.143585,60191132.72326711,81239457.31158371,22723044.4876744,16050203.69117004
49.395580228324775,51.1173526388674,15647553414.504892,7302377860.296343,59659561.71239069,79878856.85085638,22874933.76623153,16168200.275621556
60.28930973527388,56.033464790742045,15645443833.84766,7302660909.943531,59344063.992268085,83820080.61479004,22599393.880806103,16004886.84148116
66.31078098506316,47.14647292984533,15645493082.260262,7306453715.007848,58936566.64107333,82704840.73146087,23063598.152342454,15916545.44927788
60.86232630275574,51.46373315646184,15642253244.314438,7303531853.826612,59375471.14261686,79480048.14223416,22876478.083989102,16061343.792379666
48.10315017022994,47.742819666760646,15645659029.985506,7302679354.4561825,59962622.42005364,81598890.6175164,22557319.489739887,16140654.424524795
53.27882963566874,52.5908956478749,15647755436.711864,7300378233.674736,60642169.61231333,78077335.79333715,22683786.81495484,15975311.023667663
62.03455574593312,54.1606621702919,15643024736.890623,7304988882.091452,60498536.84090261,83330069.56848107,22881646.373646583,16066081.062164972
52.1616526719061,50.23771461895684,15648876010.260605,7301501389.573011,60051986.74346624,80950249.72668606,22931348.21121804,16097720.93305815
88.46966089708445,43.6873584301186,15645028454.457706,7301955547.814486,59777477.48449752,80550056.05244738,23181116.30545632,16083206.87310329
59.573170267146686,52.09684444038948,15643015732.965117,7302840882.772681,60093476.800621495,81639045.08345519,22878524.847631067,16015741.897196198
51.06534764210959,52.81021565520053,15647958899.399992,7305131319.32921,59694540.24130802,81878990.01825865,22536033.81655395,15953005.046859374
55.402373219691,52.71288426488509,15644666523.044724,7304319062.182599,60871218.00578874,84159957.46068612,22780529.66955603,16002621.811390536
39.49366329965464,55.20734657546646,15647454985.005213,7303123216.862109,59885096.34501186,83422847.19207208,22940866.13631552,16046531.995674782
50.57806179332855,48.28683896105285,15644747730.79716,7303755388.063685,59948818.28656222,81512833.59677494,22725663.681491457,16083644.757150838
54.4371592430342,53.54064831635135,15645407114.98108,7302577474.88541,58834277.75958909,83990273.91525814,22602274.25651378,16039934.447801525
49.46108409017575,55.07752253743392,15646922990.541489,7303575025.138674,59910651.53134294,83086143.72228277,22823561.460520025,15984783.316660024
63.86205651965818,46.16423724798045,15646438842.17319,7303507521.870555,60469241.56139735,80939434.96747914,22726760.39073748,16060805.296560751
48.54929311019684,52.45895547775693,15640386986.146194,7304723291.810735,59464068.14386141,81791192.51750858,22894234.04186979,16086878.8139262
92.86918730506429,49.98746050697699,15642760122.776546,7304746002.684068,59641845.90071185,81776952.65790044,23104137.155381568,16050006.648535725
56.35370288643046,51.25543198069506,15648315168.859089,7304134383.579066,60480710.52754071,83583343.0131386,22712268.338341657,15953505.699856758
62.90636644533058,52.54302945061501,15645508287.209969,7303000814.797313,59266837.09930025,81283228.94025156,22546352.686681703,16007792.111187909
48.520689244102805,50.03831430765934,15644495744.169489,7304515153.208899,60647560.14608772,81266181.10479738,22845215.50834748,16101043.829122333
61.5158187607748,49.472875762515166,15642269734.6785,7303404906.885963,59794745.72374583,87729209.88166037,22803304.92839438,15912631.74680645
94.8247330684404,51.60245725246407,15643067375.842916,7302073170.886706,59882073.75161181,84989667.8651696,23168309.498457227,15855554.719966164
50.79245674476024,48.23826218341159,15640525327.726503,7303017479.725082,59488346.63399117,80390144.17947511,22857738.423786093,16152450.41028184
58.010517371316354,48.24252461334444,15645836534.023573,7303706208.602703,60322157.44323534,84094277.73334104,22975410.16633857,16072177.758539304
56.69529847786736,53.53811984886951,15644513368.277596,7304866081.781457,61482081.335736215,82900836.18120828,22807439.623808187,16081723.244208666
52.69891561420603,48.05361789452403,15643537607.541971,7303375797.481563,60567181.47066119,83708786.75547045,22877329.122550342,15943502.50949159
56.0490104249501,53.49893750272764,15646075672.878033,7301969197.791377,59663689.39436106,83055998.88229099,22881178.26369233,16095995.84049311
53.7734320156912,52.88777387856185,15647330534.06008,7303749138.648199,60787908.28670424,86043292.9809038,22678183.989108536,16059024.315149471
96.18233579111258,46.32257981362821,15652226010.210188,7303848822.456079,59986891.45427682,83741926.96502405,23679427.586209364,15904402.483460736
59.01065337260523,49.46730604299304,15642166663.591028,7303971085.868608,60946692.55956229,82649720.75801785,22786033.59886782,16159053.091823284
63.63008408072676,55.08232820914212,15649734510.542109,7305027002.837496,60639197.4908207,85813167.4270921,22947700.384462297,16053910.609178144
49.51092250586576,48.55650340658096,15649268933.417671,7305191760.384727,58528413.873943,83584386.66627868,22967031.96172791,16008358.47127987
66.36516687328134,50.10678721307184,15644352432.62017,7302926204.561218,59633914.768481545,83319189.16529453,22841365.49194956,16011281.27364206
45.93956100238749,52.88618267975569,15647194278.47057,7302911979.57228,60752531.577016175,83919154.41708542,22950656.291071,15872684.527085532
54.941074524822085,53.850171527847785,15645356224.906897,7302322499.843333,60310979.95966695,82806468.19317219,22902340.148719743,16097394.280248372
58.641586032422886,50.745383341866514,15647247982.2258,7304832784.486853,59646596.086015694,83150671.469897,22666756.69483787,16070531.905543856
57.104959338675165,49.70746941592508,15651111353.318604,7305936284.956006,59879284.43907557,81484509.58436581,22825340.73101999,16032717.47656642
52.58650240089703,55.767109585095525,15648565258.012304,7303414690.614172,59152427.23358834,81053316.735287,22787674.39460984,16161830.66748606
54.65938874821363,56.71669899139274,15648340020.282375,7303539909.681149,60212975.49323469,80378335.87920092,22812234.96900481,15932090.265347362
53.23499532670584,54.436574152345386,15645662855.878933,7306044152.620288,61560853.420541175,79273518.6354205,22692455.53762477,16001887.762813108
52.75317621527895,51.75595442769507,15642631610.538422,7304668098.465693,60754313.10018768,80805415.30475709,23049647.32264492,15981025.27688299
59.94801048510513,49.07520283507722,15646404244.143116,7304589069.307533,61577816.36269642,82913587.58901191,23122879.923900865,16032479.92127808
57.48507742982524,49.0086667803303,15650612483.9753,7302219336.736218,60823081.48879651,83777355.69239017,23034954.43747177,16064436.856227688
52.23545202369673,53.06754231579727,15642609910.82306,7304991107.902187,60920444.81257809,82723865.13871446,23081591.060561705,16098042.196857303
60.197999377166255,52.75519466266605,15644041991.470198,7302634862.216045,61492886.58314505,76601307.66922303,22846182.0441228,16030674.757364266
57.23649760438305,55.70479577883929,15647590071.176617,7302345964.023887,60558326.37604928,88300711.48255415,22805703.86000457,15984813.603997698
59.7643105941948,53.45135027760842,15644330784.741156,7303533294.350617,60232644.5163819,86911900.76621334,22787178.530025054,16215215.021309478
58.84814420961806,46.99075909472055,15644945410.893126,7303194223.878445,60971761.19493996,85057011.95513922,23002475.705982104,16282310.125203434
93.68044021069878,54.65584285316876,15646094260.254816,7303757584.458423,61236536.14227313,89496662.01765981,23494799.59491076,16080381.800469382
52.89909479901515,48.50581811805676,15643304547.613388,7301941306.64004,60085293.28508725,80882324.00637403,22900566.132404435,16000648.732858015
59.43646802561632,50.34808618414294,15644523208.024427,7305577796.6227665,59948404.27426662,89574817.86429054,23110755.430173498,16204162.144272432
58.75185132716733,52.25060061875509,15649646442.587866,7305858428.736193,60478378.75565311,80999591.34744585,22979536.615103025,15940475.779034743
55.59549203017927,57.48700246935189,15643590651.86202,7301210023.439306,60909783.31109445,84699953.29288572,22793712.03909687,16042954.67278692
56.28663691654391,60.82975566801608,15642741545.98979,7305682132.153642,60901067.53968355,80138986.15834068,22820349.403556805,16011291.289801814
62.08832447894213,53.32016917740855,15645737179.562626,7302969875.196373,59552641.42868519,84119153.93236576,23031532.974785883,15970040.636468643
52.74214305582085,50.95041014383884,15649962159.392706,7305545441.449268,61607958.12517688,85309721.14885506,23090093.99288248,16052195.768147904
58.43548690585019,53.10351694544165,15647158536.83137,7304144576.401294,60049274.40349154,83697743.78010558,23018146.75576742,15999636.499884326
54.68903673783053,54.16296627762151,15646379500.468622,7304314442.246505,60290421.83192286,86430071.30223852,23229257.31154624,16082159.06882658
54.6115939838639,50.53799712332842,15648002568.2723,7304003082.643397,59904586.29680755,84581134.7934105,23192614.11068837,16085013.47659354
61.19388425993596,56.885634067736966,15642485905.883806,7306194844.912583,62152592.53595287,82699480.19474594,23010769.07231929,16026015.7501954
59.82708174494015,52.19021227757421,15649508537.639778,7302396226.700461,60635284.098259695,82605732.4484567,22814369.417120885,16050805.949822811
59.7675481800032,52.99322926727418,15649215207.648293,7305301254.13012,59961521.59949334,86962350.10828713,22743174.95441398,16065309.28191384
62.227394035771646,53.497772756163386,15646779827.39134,7306099072.358876,61046775.98937642,82421440.02640612,22890369.06603269,16164773.49895745
55.8050192081638,52.76475983184336,15651283718.212158,7305518219.626851,60998787.54096532,87407709.35702755,23072819.117810544,16075959.421599437
59.109764856474825,54.01682150140884,15644602168.327309,7308083008.284631,60405588.52109751,88437959.2653489,23245798.238531288,16169667.725026522
54.14866621703272,49.64824044035923,15651790527.508614,7303591603.381082,61067176.655904666,79334367.05636276,23026353.354954112,16148696.814736048
57.32083176244221,49.82509473816191,15648756345.856592,7305972098.667924,60019346.31291157,88276895.9116173,23149014.924282767,16149010.028484331
55.04928472816158,48.19953730108492,15647241453.238289,7304300769.43663,60239750.140582375,91296938.4080386,22927061.455953047,16228802.85936211
56.18497982496359,52.81850369186068,15648301460.36682,7306463433.722164,59277693.34107772,85580602.03584617,23068831.06003641,15990024.475544391
58.67578512718457,53.83680951053634,15648070736.101748,7304497643.161867,59724255.40393104,86747250.23479638,23104336.771131087,16053418.466862625
51.60889658383264,52.87331859845565,15652394366.926466,7303905503.991201,61748346.23885192,88213347.1444687,22656473.32158774,16270820.664108938
66.1619363784273,56.523477300042615,15645037382.418268,7306659290.609253,61654594.89350861,84034382.12197176,22911417.633416194,16077052.0310929
50.669913092501496,51.48321194351286,15646094493.665165,7303773653.65879,60646863.044324525,85564777.9242627,23135039.46225301,15829855.97734115
49.62905693606135,53.50622496677754,15651983040.399237,7302294304.641787,61695137.4406734,80753041.5287249,23028789.10454094,16085196.58654308
61.49055436750034,48.22489737158206,15646723612.1113,7303767523.580426,60519863.43473139,85526140.19300927,22792156.0471514,16119683.086049968
59.65831346981468,50.3387008925768,15651659799.162874,7305642102.867672,60475041.66212059,86753016.22575766,22592862.991568577,15851247.203179998
58.82059908526078,53.586613272697335,15654339206.02427,7306932927.552603,60681302.985393405,86867204.71519881,22933199.95777047,16240745.266964974
58.8417275463214,54.04730633222943,15647493150.361362,7304852791.822363,60572033.59027709,88729437.34063604,22984412.15351896,16040542.579816464
55.63876613576543,50.61809915700745,15651113551.677698,7306865009.160936,60522202.42645028,82717342.81215276,22853340.713278323,16145013.748403564
51.21372814257085,51.2852022444258,15645096334.548763,7302462204.504954,61431161.546933,83561261.63541073,23025868.55707813,16091546.032547334
56.07902279096864,46.94637875995757,15651470770.549583,7303994166.648402,60783922.07422692,91667274.3886913,23089248.20004066,15987166.198647276
94.11439624069192,50.42891239758017,15649679137.873337,7304269506.429938,61168744.85511291,84923596.51536685,23680360.710584696,16010042.237349922
60.57559866708876,54.17114949055936,15650645003.862415,7304578669.756121,61393194.19088526,86142302.84962317,22617749.5395363,16024790.69978996
54.96471309248931,53.225615048319696,15646952389.55868,7304930842.100319,60974316.48308867,85299706.3602205,22794045.24611714,16229096.026872955
51.572514016037445,53.00199716414363,15643583815.723694,7305970714.408419,60072209.66898967,82813342.42361513,22966011.395076405,16106614.150639504
54.09307079173504,51.64932106154288,15650911015.458206,7304080484.477683,59822400.39083824,91095483.4407054,23116599.172579814,16070225.39627662
57.76465727137813,51.521189475884526,15642290753.34462,7305084942.48095,60844807.709129736,83890559.22770835,23105868.548289955,16029716.656263351
52.88137723598013,49.519036581579655,15648239237.831297,7304793500.700901,60638120.22532869,81902692.07463351,23106169.956165098,16247634.477529207
51.58889802216785,53.59648526060761,15652565074.345827,7303315971.163385,60823658.17166568,84241673.05717064,22964006.94986528,16276834.529797403
56.918436057459566,52.76291883316817,15650069427.279327,7304716182.295116,60763283.14523246,78998372.53411593,22976326.49893865,16250185.300837694
56.92483285554361,52.9760565439784,15656128387.84518,7304684326.203876,62551396.38355393,83646786.86975752,22910643.695099883,16181010.070997218
53.16528412314435,49.92189547199726,15653031180.393356,7304666870.831019,59881696.78863004,82603508.90936652,23169933.292970154,16161809.511308497
53.34480847190839,45.039971240386265,15647315645.54416,7305024610.26532,59435148.966363065,88098144.49039,22882863.928508792,16008001.217184886
56.86024968678819,54.79145813526109,15649709287.160488,7305120520.857558,61043572.01512853,83700910.87351844,23190819.2781702,16109543.720385406
48.459578292513385,50.06348763197479,15649501153.369196,7304262113.340144,60563747.59222497,89145991.61710282,23083146.61019781,16065501.31089264
99.0282428099503,48.91167270787064,15644224902.63119,7307238144.06344,61053583.101592585,90976929.45595054,23562575.24131468,15947950.189454691
52.10777889373782,53.58043673574198,15646492467.770634,7303015087.705187,61250614.58350967,88892680.17028084,22938920.390438896,16249841.332960865
54.63276424144077,50.32396208024261,15647858000.43464,7303811891.16072,61750537.07723487,85472484.87187833,22819645.94522686,16068132.604612729
57.25453782799003,54.67980915213987,15642738284.240004,7309954920.342391,59809173.92573124,86768090.73846957,22945848.76763384,16268059.900280708
63.076781084747765,53.351017848730095,15650081758.073565,7303288309.171994,60483416.03570427,80971492.86009435,23004271.79455633,16236833.89600003
59.9882981160101,53.55070796960143,15649088323.10682,7302747375.772511,61186079.92625206,85903286.60872523,22648239.7211617,16204275.41833249
54.90030735018287,47.4021328663984,15644109740.52837,7306446335.454927,61438179.29855518,83386842.20772408,23033354.81508344,16211890.42319972
55.60491896048656,55.1358319561592,15651495969.54308,7301493481.85882,62457194.28160418,88932105.38926852,23234799.254140604,16083139.665723773
50.68735317681096,52.28375159370157,15652656404.243652,7304772372.809799,61592781.81949084,95657460.98181789,23174869.17821452,16347847.041112456
55.60743432003805,50.39216858226139,15650973298.74476,7309029552.366636,60883798.51972897,88353555.02406676,22988863.35411801,16156091.796025788
54.25670680539931,51.93016540202675,15649058132.614504,7302472273.378956,60298460.87239894,79515819.66823184,23088566.12926712,16185322.883476213
57.31359280169045,46.17129430130504,15652382418.90327,7301702267.570528,60540200.46545319,85380985.90936655,22983634.542073462,16084775.201774944
51.56384528223839,52.72595843444201,15652757047.09411,7302578953.742486,60528671.3731168,87163932.42209429,23112890.55163376,16055699.50141432
58.296732571205865,48.411885475453786,15651471708.85099,7306907031.223024,61436000.21252991,87088676.73093694,23366407.408273924,16209033.968951415
63.36369456501289,47.4419891424694,15647438205.77593,7307340205.979574,61159784.15571297,84185954.6165524,23267002.03387379,16182542.71161017
55.15619925771571,46.93292244134633,15651466350.77115,7304402198.277469,60025909.710710265,87762146.1083457,23189451.76933039,16074762.33306298
57.70855861049471,54.83806512496977,15654854650.762497,7306590014.513262,60677767.53344034,82413911.96198262,23008729.38840236,16005341.330325358
59.15071995855556,49.61220981892164,15648393326.226654,7307900248.696072,61643086.61891264,83534722.24942635,23237676.78751596,16024810.398863832
53.693897640570825,56.1011831297495,15658272534.587831,7308651891.206334,61270945.51913106,89381351.39185354,22796332.95637441,16295962.642021475
56.82046240905208,49.89259561084311,15648741246.781614,7304959190.435441,61440479.85892135,83356862.57497984,23061007.31279567,16099150.731151422
55.762962003908974,46.37792612722116,15650833989.738958,7301206783.398075,61315296.53518203,89099426.59215659,23217299.04553769,16130672.16912109
56.18838049274416,48.15042668015402,15648290309.006697,7303939566.782766,62241285.02067212,82134563.3092657,23249425.503384788,16329603.564567
51.83495108072267,55.20743486002082,15651638925.384546,7304682530.260344,61228431.78110238,93736397.5111915,23239781.688444804,16046763.932843454
55.82255087129472,51.03230546619,15644418835.73725,7305010947.22633,60778575.129575685,84409391.287105,23173731.677503794,16091789.574345406
58.18999145622725,49.8551381105282,15648889240.92639,7305161504.811129,60394741.7594789,86494387.01860923,23085881.01637994,16088422.251981197
62.95571803897521,51.98005467755837,15646902365.134705,7307611127.952151,61269941.43690803,88604071.33125632,23225251.53038773,16356062.44249813
60.49635413042604,53.00534820850263,15651519868.037638,7307926793.015772,59273466.80497779,85315434.67717092,22950479.41593065,16400045.613715172
66.46591228755779,54.852196447707385,15654784289.184402,7305248954.26716,60966383.82662913,88010528.29440668,22973233.35176416,16262811.393890124
51.86326218555976,55.84549768967878,15653537579.20168,7307649643.142597,60959852.10505899,89681777.71695048,23145763.251836307,16268116.781467352
60.0616031836034,50.42069406263274,15642247616.803171,7306282387.369266,60098149.91807981,91186095.7542131,23169749.156829245,16116021.955678212
56.61671002869176,47.52185694175388,15658913658.591536,7305751577.758846,60434319.55765338,90608135.33361804,22796059.53884057,16403228.851868875
100.0,50.25960451663017,15652381214.175549,7307363352.456938,61756333.09279207,87024746.44682589,23818700.20451488,16214842.755244272
51.658508573224246,52.280841519748655,15648372124.257532,7305806901.631411,61329111.50579882,87168455.57637474,23292620.02761573,16282984.637067936
51.50139078909612,48.608723221368166,15651962142.092163,7309599825.236485,61241591.133617565,96700802.52049512,23134503.804881405,16175456.156980112
52.70303677277989,48.62854725531487,15652086339.223736,7302969810.727257,61407668.8208562,91443267.3500298,23604523.8269656,16158349.875268454
45.08052137845097,52.53136364464966,15648917693.901243,7304746007.582734,61254999.477192976,84352823.63285679,23024747.3946938,16381070.642949715
53.0712248915962,51.35404294528865,15652273076.83592,7305507700.312333,62146264.72314947,88307144.66722207,23089039.808211416,16254000.250801932
51.90433669223151,51.59839098623476,15649232362.41554,7306613733.165679,61299025.6115484,86687240.34709173,23085335.154023577,16360684.453115309
56.45196893238104,49.22451399589979,15650058262.328144,7308230807.937674,60091407.90235956,87503153.19939603,23149521.88482648,16224476.403836552
57.4087798788858,50.8087978573827,15649016018.535986,7305762894.765234,62482692.332883045,83328338.69124678,23103744.111097507,16098245.155082203
65.08085419607943,48.72730056719509,15646170618.108707,7303077969.628205,61520875.36691253,86530047.08292636,22897970.15961896,16130259.885492807
60.452119190930254,54.17059523337436,15652330901.504436,7307484460.959123,60786971.10490303,95203026.39999238,23067157.630530123,16211471.15422288
52.81548172168799,54.60574800417126,15654091870.808048,7307338378.800146,60279085.46316648,90476796.8104057,23157200.774671946,16127873.424787745
51.20792664325821,45.96143641328572,15653873102.024698,7302103359.61421,61573045.09234728,78558660.5082093,23418759.556002088,16072913.01519056
58.15959585753253,48.71146741942277,15655120963.737804,7305902546.9186735,61182603.49211004,93081578.85566697,23612726.559944406,16344912.217828618
49.09883396489679,47.01041223472976,15653236469.62326,7302813306.011867,62518363.08024941,92645537.72980392,23446940.88397873,16141409.279671157
64.85729382927177,49.549928196779305,15649921444.792007,7304643944.593409,61022348.87739588,87012198.75407578,23035826.020669334,16223278.924964596
61.59720060360644,51.24968609062892,15655373331.625858,7304191450.413883,60644375.937730215,91300208.36250588,23054113.506706644,16243488.99032448
53.35412173947648,47.15106434090441,15646752861.717625,7307588281.779028,62021911.01240639,85129563.11727205,23162720.605941903,16140289.854649512
47.13432735454562,48.73442056062406,15648598397.32525,7306241307.744861,62057055.25903173,86711977.36358523,23550530.65999301,16383840.97659748
62.469361870827065,48.4881278837555,15648387181.71645,7303478085.8635,61468141.185882494,94573419.05185932,23167351.325641893,16079934.41624053
55.12730077373691,52.12180198819683,15656563679.115374,7307801315.266285,61882612.209949225,87592704.44131856,22939014.009383053,16245724.056471543
61.889081559867314,51.70803301110875,15656076782.17142,7303209541.381263,61324157.677647695,81263960.66879958,23106203.16117787,16245446.289453276
47.727861706028165,49.33478733998824,15654314276.94818,7306750211.580942,61551324.0808074,88520977.10887465,23360599.20036388,16210975.447656302
52.70312488523114,52.03046261641819,15656713494.7595,7304477892.60807,62308554.68781626,88509050.54441343,23350521.025517665,16062967.41262338
55.72621849859092,49.85995974623821,15648930339.214705,7305394973.064114,61886987.940553285,93691631.64888132,23174944.450035177,16325506.596754732
55.934902968823714,50.68503466902184,15653919894.33304,7307166089.557298,61257796.8027039,88981965.78136832,23355896.056722347,16311876.440043451
53.44967264260379,56.52035627089561,15652059351.309332,7307223311.7861,62496940.93710833,87270997.46178122,22762007.21508554,16141607.094334744
58.8142496617375,55.52138315537104,15656044928.520737,7308897346.373951,59498699.14803887,93256667.38818638,23245213.42009412,16310945.695675451
50.36189785308703,47.6012562892172,15652197245.61584,7306043008.989667,63090515.52887461,89564598.3439545,23401907.140537832,16272149.756191434
54.98810257489354,53.98919725363752,15651148338.444172,7306853611.50613,60045581.29675894,86071597.68602753,23060700.323506054,16071623.257051408
56.3014781585595,53.934189663474776,15654971962.75573,7305356999.862295,60932524.25498581,93886580.0470098,23062574.93855476,16124965.100856466
58.272194170293744,48.05521013374214,15656398587.893812,7306642153.309963,61420761.456210434,90016266.61687371,22854499.352759868,16370653.133287951
98.23654869952688,53.95633293126458,15650124840.701128,7307190930.398417,61344117.85000291,89286186.4633857,24018960.63772437,16270544.190772472
50.07678954081066,56.11379575523766,15652664034.990742,7306107957.263481,62301501.87490183,90055393.4887019,23094196.357722063,16164407.44678155
48.02942914632189,48.13236558126676,15648604280.589396,7302614258.002769,60612574.62626517,84963036.30976363,23294842.915239595,16129378.379851062
62.08838410949255,48.747491536957206,15642698063.997755,7307034471.400924,61709625.39124101,87244979.90438347,23372896.86906632,16173128.708413498
57.36157005989797,54.552984400530505,15653894958.874052,7307124626.258126,61025472.382674046,89489021.97158772,23564186.06547228,16183281.64238919
51.95756731721723,52.31448593247694,15655642013.228456,7304978624.036578,61759199.01285005,88716335.66564758,23222254.21189798,16134663.602437658
63.45575987761262,53.15442882571857,15654255253.9258,7303738458.96497,61470341.47984817,94867492.07251704,23144986.60289409,16024113.838774564
56.278373171464295,52.52176764920149,15645085383.636965,7309507192.028801,61611740.33433761,90530772.4058716,23296272.60472696,16385601.66212874
94.29189742953189,52.67208776278443,15651798505.38228,7307477105.117769,61084494.84005981,93247688.39662015,24072703.738936502,16366203.462545477
56.03759240705055,47.52058361506675,15644020178.885386,7305990059.240219,61126798.40981949,89763556.53567281,23230536.85467153,16085937.78970788
66.00373962440995,54.64195311986435,15659117800.652147,7304102214.945391,61805540.91178304,94210601.63173372,23068665.492867343,16264661.223241022
64.47670421221602,55.00876997728332,15648842766.209282,7304780063.786173,62368840.45584659,91497781.85517298,22947858.481349617,16135033.314997124
54.45517925760464,50.81182776779592,15658762859.23192,7309278449.737219,61079284.24193702,89930824.4483393,23017494.2518483,16217371.58953952
60.55785475477178,51.36956915055841,15657516084.592785,7306841139.004936,60859254.65729132,89868002.53370336,23461006.80170151,16208235.121014033
58.92687974792574,46.90667749233283,15649746552.905249,7305402739.417958,62124446.22048972,85927370.22452632,23213215.61102296,16199065.487760687
62.54315778766175,53.0427642680535,15648800719.957111,7307673073.616352,61586603.69090097,92178581.81057931,23155089.80664185,16510361.753219727
50.87538269709948,53.21617232514243,15655157633.121803,7304875315.86074,62331816.410156034,89902917.83087502,23134686.98146182,16200212.377498385
59.1302572999922,51.313426949002064,15650109792.361229,7309834283.869649,60860681.17978104,87980684.33002625,23308345.29115273,16154447.404008929
60.99212243424794,54.87306007961151,15654203690.268436,7309544977.144679,60121032.27983754,94909846.37907566,23241944.60993417,16161570.54445258
46.90630256788443,50.49776830706018,15651743725.63544,7305669182.61727,61196914.49779301,84860763.2489113,23237601.15517222,16395320.094288906
49.78370743667113,53.1938177776808,15646206074.8178,7305338342.9688835,61005168.75603209,88457457.64964053,23589292.64447931,16049364.799211612
45.5038391111995,48.44100698392366,15644301738.837574,7301067906.956819,61606316.399130784,94753657.8072398,23633630.50874118,16165378.856904889
54.35296582777721,51.429343547377286,15654944331.953497,7303529769.533449,61133997.73487038,91737249.10477547,22957423.318651658,16452994.240078457
59.28771127897981,50.97693722629149,15651583510.95839,7303850031.937217,62335952.679857366,90216960.84326357,23379111.82629245,16298679.805820892
63.21178526048014,52.17592376612282,15651664646.194592,7307063347.039943,61454117.572217256,91563545.37727164,23142608.92459916,16293474.245055702
56.07047390209888,50.39141921349992,15657142063.700058,7306080425.69284,61845144.8139333,91304641.64406246,23260193.38273521,16548231.113048753
63.84307772785646,51.105582212985,15659281264.326117,7303877152.637435,61861689.334960505,83961541.29819338,23384610.68795762,16303708.312245663
48.79949270892555,53.97814151432452,15653024035.56765,7306215640.567215,61904622.75076825,89097915.5610294,23273708.6981506,16180142.79424576
90.6094906900868,50.18970728828535,15652773233.663734,7307956672.353348,61723094.89924144,97754554.84677024,23888789.390154768,16237421.074726447
55.42226150551691,46.68026869778396,15656510683.915367,7308028591.373065,62202539.406180255,87829757.04832824,23473904.960224006,16126449.564900674
57.62032724469654,56.74875171261626,15648394539.493322,7302710709.382111,61064055.482233286,89373665.53794093,23393994.896118872,16443269.689282073
93.03666279934608,55.64436223607146,15655399160.971436,7306627163.025533,63008518.61130872,88435642.43380648,23779481.34388928,16355000.515230108
45.36278949980062,47.62321191468315,15656904391.995457,7303872800.882893,61575132.953102216,90489582.71293384,23196134.88685956,16429583.31628614
95.26389283242284,53.56912341573558,15657528475.82329,7308947313.064166,60632199.46382177,88340955.85723336,23470410.934941366,16443191.56410421
49.17765249747573,49.99107568834597,15645965874.000889,7308710789.044305,61971241.1410087,93135322.2695818,23151617.6939504,16228313.123980451
59.0483627441502,52.290461645993176,15651227025.04935,7304991873.421428,61056681.37062174,91902234.68469168,23780748.21052242,16158861.494256811
57.53299123048424,52.38267238704048,15650748001.892406,7305301703.198647,62417710.40478192,94524212.3633773,23170571.20297676,16279566.785706984
51.00060106836322,50.79677659905104,15655161550.686209,7305999052.142137,63809619.384981886,86426482.98713535,23083467.835418805,16170948.740407256
53.130665413316535,49.14870300324081,15656918791.71736,7302003726.795802,61139463.405964166,89649464.6366846,23424851.84105323,16311656.204054972
50.40393239055525,49.428376843051225,15661535285.729431,7307824232.549374,62152702.35523514,90210695.38406152,23331411.111538976,16443479.449848432
55.38660451363415,48.75142425355627,15652637711.338345,7306476083.770735,60284276.97016584,93324601.09539868,23315179.521708924,16269787.147783363
60.4757116025062,49.00453337530867,15652671004.032623,7309297728.811191,62283654.51695609,87746762.40059628,23679927.86542593,16314280.335664516
50.77136976832229,51.298465129851934,15660161573.525331,7304647579.167404,61083546.724981084,95512945.19524772,23489290.62867619,16282760.534440111
58.22023257758922,49.35272003266775,15656358549.531542,7305747670.522214,61328131.83569836,96798652.62504476,23248144.60096916,16406076.677094284
53.0487119081378,53.54615619713786,15660820193.860794,7303750171.664251,60904263.86722544,86984709.54173446,23274831.966706667,16207534.037897935
51.73563583868828,55.96173846600778,15656428768.413694,7304905222.968051,62580489.61570981,89290718.32823429,23259849.568086457,16000171.085285718
55.16484820022721,49.75984027588987,15649888604.218668,7304515065.048964,62842893.57401562,89148582.32218805,23576628.633720297,16365900.859962553
50.52378838790313,52.21821350160613,15649122659.418665,7309505783.856164,61955606.08619788,103654194.95537618,23309776.26666996,16438418.099161329
52.931753473264095,52.9990553309088,15648159129.89931,7305650964.36636,61152417.13791248,89705247.51814789,22972555.847938,16365817.821229825
49.71061053705576,52.91600681275782,15658353873.92154,7307554967.196489,63413414.14714335,99424490.77949664,23375098.633730467,16217826.260774054
65.52362566458194,51.727865803748266,15660832601.3862,7306414228.171118,61273854.68246572,85947682.8225096,23035672.019740578,16150854.330450322
55.87631775985864,53.72804725507917,15663940615.47179,7304383866.56184,59980838.2194669,87261899.04598229,23895653.153704505,16377375.008645218
52.20137246003708,52.94674685804197,15659360202.635334,7306941210.022473,62407783.44520033,88702077.06286131,23172118.71190129,16330094.982876746
56.76989955367111,47.78701273301811,15660898998.613989,7308736908.213264,60971210.65220796,88008648.4880026,23360716.306819685,16294513.40401826
55.138359751545856,54.10746819316782,15652873780.216486,7304567982.209299,62921660.96036723,90731139.87350456,23461091.034450665,16567172.897344736
54.59515200233389,54.16187251180023,15650237722.45214,7309271171.23845,61659773.94209372,88728371.35734503,23337074.97764208,16182907.386861704
58.77083350021713,49.21014168746426,15659626425.689066,7305430134.252957,62586892.74018719,88256058.17785689,23339610.916458376,16564636.17555362
59.48753855023653,51.61381350634281,15657665625.11296,7306302216.532619,63343233.32367972,97534254.22353044,23508684.671318565,16322438.925072376
53.04749426194736,53.54998697843321,15656267895.671915,7308691782.507844,60912740.102715,97901544.15336162,23770322.53435833,16061771.90504733
52.8209087967766,50.87205854126192,15657631828.24417,7305914226.21132,61523382.97122292,96676390.57738024,23596168.879686154,16295772.186537296
54.32474151424178,54.71893414329804,15657384027.767551,7307578284.919439,61993101.19170236,94736985.09124634,23766638.761464786,16457774.94680052
44.19039417632208,58.59161748385808,15661961833.40991,7306768887.098204,63522605.34253036,92761009.8398217,23175709.20004398,16272403.723864658
48.12404468900724,49.14204190209505,15662077387.960337,7307835292.495821,61462718.71426422,90028205.14005691,23500085.581448264,16116657.358560644
62.53437133722262,47.35686619053868,15658589218.26657,7301919536.015437,61531831.50363224,87915755.00250842,23464903.691311784,16303641.387938123
63.92483856750642,52.41145578681463,15660074161.615948,7303233638.097957,62557509.26562691,94194789.63427094,23514396.636127383,16206596.0884326
54.45481980221811,53.66468751537843,15658556853.124018,7309052905.639361,61565864.71057496,86949445.63540271,23761043.09302595,16400069.552155036
58.58278481527884,50.80740087846569,15653969888.075516,7310078475.745444,62269436.64051853,87843126.37712513,23384640.18234949,16441927.493734457
57.256250772717685,55.8597819899631,15659823869.499336,7305458473.212077,60654065.300396405,98123586.23209694,23343475.44707685,16181833.704651246
71.0944040422762,47.48418260083025,15649599369.570852,7307066756.238311,64261131.42508411,101759292.41943157,23570809.41058306,16233273.698496416
61.29787455717289,53.578755869094834,15661363196.535498,7308375836.610701,60863126.55736359,94608073.71181744,23020308.44674798,16444715.522235868
96.0606984402214,49.68241753772332,15650631345.889124,7309353706.243981,61855349.4041694,98085184.33101428,23871918.532302868,16213812.423924947
50.922297796997874,56.65813371862189,15657789769.809484,7302833420.161632,62142985.2435199,91641659.59309444,23419913.455726847,16182830.58100002
47.66776839871214,57.47754605950436,15652391413.920383,7305594627.004782,64028063.36151995,86426600.42305736,23233381.57347003,16170047.26234226
56.71731817933612,49.20003023664996,15659187924.78825,7306946804.797663,60914430.97561897,95880978.91792776,23713467.75124261,16392996.395017631
51.91824627357849,49.85132859227426,15656400857.90651,7309471583.277311,64124457.60314343,95729550.3246271,23204125.843202926,16388375.700873936
48.58873145201163,54.07876366093941,15648880489.602907,7313848677.923024,62948693.516468965,93371782.48631918,23431238.78577178,16245457.30257985
52.46713557878737,50.33860805063146,15658709656.206747,7307255930.083853,62629648.6553394,91896245.27360916,23538425.205753483,16347227.450755496
50.29225998192803,51.363766346203285,15653900581.816824,7304403993.879777,61275198.78884451,97810155.51768994,23799753.45521944,16571100.041325064
64.13570817536282,51.57616526162723,15661065051.99757,7308831518.108371,62801665.85222916,88363812.79687393,23470612.229889072,16206883.593027173
60.10819878474726,45.74098053140703,15656821538.61791,7311099818.705427,61546662.08327343,89440402.96922469,23705077.553764347,16064665.359258167
55.66013679341692,51.45848676171729,15658802618.828402,7308154618.596399,63505560.02813444,88334468.1168739,23650833.872332897,16419382.109630894
63.09972069445013,49.43081667780748,15652213392.430876,7305684161.821646,61320649.08741621,93741407.24654192,23512496.830039524,16337723.908557296
56.0868415382381,50.020631532800685,15654065541.421375,7310286649.096041,62172884.04145522,88021756.38042244,23217167.70156473,16250686.297186092
51.39357899335869,55.83089601040644,15654753967.52402,7309585623.949598,61746732.73521902,90050876.05005985,23134563.81778708,16453428.66710479
63.315620386348286,47.73047931716223,15661297166.252398,7305435564.314836,61328559.31312213,89987757.52259764,23517494.834150538,16482859.166439915
58.3945502184233,53.93961556024393,15665418072.584637,7308934012.403398,63048138.61873884,92234178.7549469,23359870.523709103,16032056.714047806
50.51376922836772,50.663111209004576,15653171404.111357,7310483202.607794,62855407.07743035,86196812.74583627,23725164.75073696,16264379.431091474
54.74830660958196,50.6607194945125,15662566991.278948,7310966980.755759,63535988.13770759,94057598.81042522,23685533.34474749,16708527.670071453
51.32190873307621,53.871115688155136,15646460062.459726,7307884526.051479,60571476.39222467,99885762.1803101,23457219.862385176,16451646.69442025
48.78600134517832,52.52015388370667,15651356050.88855,7307176575.781782,63416274.36093636,94400291.94786064,23217338.62547665,16467198.714653084
60.33088773765821,53.2118389916586,15652571163.719069,7311158168.555203,64869680.90535689,101480795.7240066,23636871.88740182,16543420.141794724
65.24708320235065,54.40455398159858,15650638987.465902,7305078531.940033,61921687.6286447,100507520.9112434,23257191.663743146,16371551.444427518
48.70716213090429,50.506074850450034,15649515442.283266,7309230818.020212,64286961.20655741,97778419.93718424,23324813.555344354,16490466.634509798
58.51484618345286,49.66328979647675,15659592440.528051,7304704367.032179,62129491.76030781,94299859.78846352,23271864.94183889,16480341.562415034
52.44678715439087,48.24454842032661,15656486154.803452,7310854732.206094,61020842.984538205,94087591.956757,23486285.74247113,16454989.074309018
53.26437308117652,49.023768410063134,15659531053.257906,7307538419.073082,62105543.23316914,97881378.85043448,23819661.564352818,16326201.186451465
52.73803037880566,60.34728327592617,15661158847.791777,7311419499.586188,63485014.415287375,92092336.7159096,23525912.659833446,16402604.544415198
51.38004615160092,55.23403874221036,15659061734.155384,7309475715.337361,61584321.04691583,84579809.79005995,23417832.061469577,16288496.20606894
55.942608139724136,47.446776901375934,15661106492.934843,7305143004.615643,61834287.92244941,96673570.59484304,23145681.80776851,16381438.900015932
51.54524941794482,47.53262612976929,15657461136.663029,7311895661.578136,63058455.14207447,88467050.673631,23676703.706813745,16202557.44077644
57.0522841288992,52.94559818515548,15651811389.71964,7312245659.429391,62467353.31907334,89367269.73622903,23340184.8254882,16261520.529335238
55.44880945275432,53.1417943921339,15663320486.463997,7310564225.988591,63071716.65744145,94325334.37425847,23572213.75169489,16340707.563972907
54.50525976566795,53.14665150595209,15654948801.88016,7306380319.065507,62727769.449736536,93887150.62692624,23454508.03432534,16240532.84573234
51.162181689792014,50.735132619338906,15653215446.987349,7307565058.207073,62986327.57785992,87180242.13960081,23763180.456827257,16309263.842032315
52.81614334715834,51.1236372199913,15657150558.118366,7308743731.948732,62059826.38098779,95324816.63964434,23510778.24724866,16363208.6143843
59.47695612912878,52.48363857247807,15653414079.765623,7306577929.721722,62752914.87029131,99499809.2534344,23539014.46371032,16452135.532250648
58.20458593812191,51.75767901887999,15656011115.228935,7312776238.156955,61567183.05812179,88751947.49742857,23682510.76404351,16538431.03032683
50.81222377600725,44.842098881757394,15659993814.774485,7308803067.929412,63866472.365668505,101202928.82048808,24104832.03711504,16321053.043999257
56.19666152714613,50.81060110827442,15660069466.209295,7301448312.557992,61887123.39337726,86592505.1258269,23793295.754962865,16601961.257523544
59.45693561685895,48.94578069721906,15653655317.955252,7309350612.334103,63725975.692076266,105713102.30928524,23543194.715402536,16542127.744941987
47.35297359439315,52.02563425672554,15655828988.060669,7307584774.768275,62321280.76057782,92635635.76148587,23570019.477559976,16476124.637783255
58.41680096189968,60.45577700781023,15664012330.954851,7308314800.321311,62784714.96920913,95582854.55346812,23435462.110585485,16423001.35890906
52.38688120527077,52.60244499642291,15661056264.61457,7307567887.455299,62067489.00887011,84997774.75162481,23327239.12138136,16450460.323836612
58.5529933429658,50.55941094148281,15669367646.155792,7310660410.379427,61531500.77899824,94599218.37236552,23433643.669182155,16588234.325539555
51.883704217287416,54.26540450593176,15664748927.630404,7311503565.97981,60775723.11378964,96171436.61124332,23378884.97150747,16595832.722514158
46.67558949667741,52.94806366162764,15664622594.60994,7309332998.550929,61506141.63347792,94571838.95347764,23755697.20074642,16615240.109720424
47.56228781058419,52.76028347135552,15651364867.424604,7307717595.577826,62283479.88641685,92112383.5347045,23305463.752380457,16413007.374070192
55.94042473330691,53.32055177964701,15662740600.053108,7308521060.465328,62857552.65448564,90135794.98735842,23941488.98292364,16495726.30878628
56.998612508607415,57.66963069448863,15658484652.08704,7308701726.987765,63711192.55482712,101143370.551157,23791728.24527537,16622303.766648931
95.03870388670492,48.107334694022256,15655900362.259283,7306547556.544558,62182620.60753493,95387159.74413916,24045715.99048173,16312002.265258769
58.89296229388688,52.920896230434366,15659755537.304825,7310224144.918714,61729353.58987679,103440177.59553888,23599272.432038244,16361857.72025879
94.64344255393767,48.720856610055385,15663934129.248789,7309931396.369849,61142068.89726512,92528568.69603896,23942177.10156764,16416540.640418047
55.36960100676342,53.166537939026746,15661629480.064142,7312827557.697806,63195019.689449966,93061082.2312598,23677030.453418504,16559061.958581513
49.64491900118772,48.74394046554172,15654332790.638847,7312095491.164469,64168717.35334108,99771307.32369757,23898164.64144509,16563322.026899908
52.4408194609892,50.247899559184745,15663029786.598583,7306939231.970035,64056672.72617732,86807503.70290098,23423445.2245777,16381501.569386091
55.93699335658207,50.61473025728628,15655703962.649893,7310984282.151812,63473860.040517546,89032161.02318186,23204005.61621424,16177854.182572056
51.39793317358024,54.42745015803413,15660326477.517649,7306261428.933307,63408750.43611087,101456709.44645296,23805650.49230161,16461072.37824279
97.73138330735551,54.25536333182724,15657586066.137648,7310698561.691026,64557479.93940783,89330904.80007145,24258724.13616841,16275045.270276394
60.731464046072205,47.76284787066085,15658087555.565662,7307460291.805335,63101551.65248449,85887695.5376723,23321854.52241232,16184010.296571068
52.81554065238426,51.66480233299955,15663445105.635468,7306112316.563003,63450759.79075406,105795551.54371396,23428539.02553865,16221617.968629358
59.87846056032571,49.37126043575248,15653748009.912994,7309646106.425283,62417785.429199845,88247574.70147929,23397229.84600646,16480359.72327098
50.05146572671191,47.724485267974,15669938561.35184,7301675279.918343,61300501.07273515,96820275.9449554,23436202.021226235,16649882.363679394
58.349020889576416,50.84894884872689,15649594769.504423,7304184840.193362,62042939.79185846,96248631.74456556,23547469.97365484,16436810.248340013
62.90784310328951,50.57455163463254,15656269720.479927,7308468093.535553,62784285.28415136,80662478.24076381,23565820.406887777,16466419.908641828
88.5221931940407,58.780149459036565,15661579008.681284,7309194225.605247,62870366.485281415,94519985.39396712,23960550.672339264,16626534.454024876
51.71552372264762,52.798879476082085,15662799568.207071,7307983590.351319,64913883.58179238,98468042.20966116,23437588.35918627,16182467.62236484
58.5853606359027,47.367147497737285,15659116458.565678,7304698122.904501,62912986.66700945,98008719.22309296,23584729.87411001,16521690.897858124
54.68477306978504,49.80567798748717,15659401128.854582,7306793049.811751,64123886.727764055,101066448.14040516,23696051.63478409,16436084.11639328
57.55572936685655,54.56414988628819,15662014870.467596,7310121897.55663,62367387.34323236,94050737.59431824,23566522.74903604,16532545.846231991
52.6800740664209,57.765328318609775,15658546484.568758,7310666974.960375,62512011.877429776,100135839.38708596,23974242.097907186,16361356.200285891
56.1329489373645,46.74205006328613,15667527552.918642,7309045370.426611,61402323.59905421,92482880.1255596,23798912.12146572,16307526.347079633
54.92161382303961,45.86022684458287,15664539869.619415,7312297061.066757,62056186.52981002,88552514.53556561,23223909.96643543,16467212.12187841
61.53891030829904,57.11289552611535,15664783046.417553,7310226799.784747,63466019.45606558,89210729.3662396,23809736.863254223,16718592.083144188
56.97210421650607,52.66884253211271,15654672209.31976,7307083269.116805,62902593.55951591,88338719.18276936,23835620.911184914,16589810.986343428
57.38801331037601,48.8951218043709,15659625244.128792,7308392993.31205,63949007.990846135,102067296.2621172,23550766.4138296,16364107.461596068
53.64061516938767,53.10388725836731,15658447469.9846,7305297030.413748,63115423.88266301,88118307.02472502,23259270.669523373,16226714.156009115
53.261968879637536,43.592756782949365,15654573912.351166,7308909357.606711,62532303.45041883,98097845.95401011,23679430.559116296,16170917.17707921
53.5372090609019,51.51012651979149,15662221170.504578,7312327184.224531,65327434.70625867,95142992.23901656,23678041.140562195,16672906.218404217
57.67226071189149,52.483463518529256,15657264992.671589,7311161943.336344,62839435.61731624,96101410.96014547,23370248.70000724,16294605.224966062
53.59507759589869,54.27281041861349,15663978763.408863,7313188600.065944,64254467.084130526,104346754.78016631,23280572.22905535,16401397.400640748
57.14887428448207,48.458312143122384,15654371983.247791,7308441905.317363,62514877.688669965,94318996.74359448,23664673.00699304,16679449.469181033
66.0770039932272,51.75706148421008,15670058873.838043,7313085793.923613,63770402.61586836,100255274.76029372,23626809.847629745,16187366.385042883
60.05562351715847,48.72372612182124,15655427666.458714,7308786799.123681,64027321.600886494,97085296.03476185,23577936.432344407,16712081.796297494
54.0698823391608,52.26615126702295,15661749728.158438,7313492496.007434,63228993.9588681,96068323.56128792,23674707.878168844,16419146.127337556
61.706069610819725,48.813961032910925,15665031142.51059,7309308347.972213,60348375.26319824,109946015.86153972,23390205.06258267,16269145.703061605
53.65962313489224,50.27569748251934,15657390937.56937,7311387912.630997,63034857.28076741,88880609.13670816,23581351.176865324,16423060.01784826
45.50937732411073,48.51255381562931,15665490028.52183,7313584551.990997,64417112.774064295,104370676.18857594,23858118.98366386,16343789.06651803
50.65956844541298,53.45340872547097,15653745585.000471,7308881616.672973,63632395.26465344,100846015.22632812,23610971.48222041,16542969.447793862
46.34604039487073,54.07535334997,15669013084.531357,7310070208.724626,63550704.962260425,94450488.03049149,23238347.818010915,16359044.233265525
53.94243257979346,50.79613829012776,15660895565.317656,7313136800.444712,61094303.60915634,106495012.36424278,23581707.046987645,16144668.67459612
55.79209189594776,51.61471398488008,15657465510.974577,7309110924.9828,62242913.21943043,86739962.35938534,23414192.837900545,16434769.806616062
64.08218656137642,47.154225756099365,15659206728.07944,7305738836.533445,63544002.41477494,94344902.3868223,23798455.412639823,16241609.832543315
57.334636868820816,50.60097005597964,15665592074.220926,7315658984.176113,63553710.4686442,90461671.79158089,23816375.4973668,16510547.292092396
54.60449735595568,51.34938614887477,15657666127.177696,7308204108.809674,64486240.13003231,99785428.25371347,23252949.06991285,16272918.295880497
59.84702790591745,59.36237927308993,15656763742.862713,7310025613.866191,62937924.96509229,91085202.0591856,23949024.72255709,16394450.195293767
44.64432345496058,48.16409892267751,15659841220.563894,7312913503.174672,63580929.69967489,100014307.6937626,23414434.438382413,16511482.396226972
56.87807279054283,55.89253171625731,15654385754.230446,7307857521.557254,63143095.12670485,96500316.24486785,24186232.49965892,16444773.13231408
59.55432596943484,54.49057632039742,15671719594.348824,7306722285.070354,61995300.082077205,94858317.7508744,23726116.04769157,16526335.48198748
86.72643911135789,52.34190921347041,15657991295.26278,7310383284.78768,60536537.22125448,99920571.08207253,23927256.64753748,16602447.794535458
61.418770216034645,56.7758614525854,15666130117.191984,7304479027.828044,63653341.22348663,96168870.7973986,23415583.03253447,16284852.916356672
57.39248203747207,52.61631641782059,15662579982.485155,7308855056.377083,63366010.761758864,91460107.91025758,23850135.63461833,16476280.827931302
53.623560430496,52.66747758700379,15655694913.1667,7310421821.319837,62455912.601079606,114100167.06977922,23638515.38198452,15908653.488094334
58.86390933053143,51.34063804094736,15661430399.592382,7308944423.980239,61299514.56221554,95038876.99477038,23727061.71230112,16533670.394473769
67.05346428902197,55.17070664725589,15666085792.203382,7305250824.500613,63928508.27380059,84995529.06271376,24228313.437831186,16439373.60859744
56.60933127529248,54.78940770143265,15660465609.803097,7314424983.632115,62893637.3533396,93056333.65202709,23557008.733245112,16321185.60143866
56.94110293150168,49.62296813751136,15668594766.733229,7310092833.100302,63865775.425170735,90610621.37301952,23781727.135875992,16550394.75861304
53.40319550229879,47.542258416203694,15667651136.201702,7314003259.705042,65408896.87764258,102915403.30999742,24183202.434800304,16702646.234069137
51.45077815267605,50.89105808781303,15667109086.196844,7309066777.60572,60720192.14650466,100012291.1118026,23849583.705049388,16414159.274647826
59.85167908272123,49.09988430680706,15659062274.179035,7307262748.773829,62421501.44896602,100518621.27452722,23300846.795804743,16332820.72392136
51.41958087045567,51.309426276153935,15655454783.982569,7310662721.810151,63007587.52751857,96044757.67621864,23925025.06395512,16530145.96387292
56.05783118609696,55.21231440405242,15658244889.12836,7309253411.977332,64980926.88549305,96626023.54236417,23436102.15695388,16266083.620003594
53.311712766174416,50.12809503473963,15663074839.95934,7306429698.891636,61340003.63129794,96131987.17767867,24197899.6247406,16386900.383004049
58.09489912873196,51.37152985606527,15665196113.344112,7314280545.406011,65576291.45440584,97893526.349918,23541619.1889206,16722584.623909129
57.36831052643475,51.67406820442518,15649137637.56977,7308104952.78912,63455357.09925762,103377717.27171348,24668647.56904659,16518047.684983606
60.8876997212895,54.045292646615856,15662016863.582426,7304504392.837157,63190183.21386018,100470477.95028175,24226998.66853332,16173564.987024792
53.14991800572627,44.759331998046186,15663055686.890673,7313941278.010523,63078540.8817695,101499861.33624417,23557195.76053568,16189222.990960628
54.35062532353314,49.67989911570411,15660510892.23236,7308507175.912878,62804206.46564141,101551561.09316523,23803152.11389048,16540466.921845244
50.80618142108847,52.13385107683842,15669923960.818924,7308215629.680542,64585683.41056737,103904311.35116898,24025150.818067588,16667440.152146855
53.47853369961945,55.100236869280586,15664787300.84402,7304771475.11478,62066281.1781174,100397327.24841072,24037502.481793787,16224284.71032247
57.58650246522426,50.02429265748138,15670163105.529404,7315284103.752358,63768038.18960933,100873689.95534672,23938667.70986287,16596799.355567122
59.48494308322676,45.87034188187438,15661069292.8779,7306221542.238371,62903214.00115163,105907027.44715892,24184835.711089835,16756947.83134815
51.08917337911188,53.35913433789841,15668049295.729967,7310285624.689521,62458147.59488606,94827264.0328013,23775235.83153637,16859366.975528944
60.0480296005283,49.59391283352311,15672308155.695057,7312876971.170847,66497746.11152341,93722619.66869192,23704805.981758613,16580304.830430694
62.47818929402476,47.93100002272892,15670424567.499117,7311421460.553004,63899607.18611267,91773082.75690326,23713608.50764073,16613666.589354545
57.76717451611851,49.626963830860326,15655968520.77569,7309989827.977783,64145056.77795066,100078993.96426634,24080416.716055583,16136952.98171378
93.47891521162693,50.94642392703245,15661080315.73087,7305042444.778681,64790941.90460909,87809109.9406243,24433536.03186671,16906091.08746127
51.83105400448214,49.68576600638536,15660573357.884974,7307756517.747625,61701555.866273925,101874843.82212164,23915446.950704142,16421861.879259124
49.47672648344292,44.88330182870279,15665684831.027914,7310799958.025959,65561514.37767415,98461387.91638164,24071541.59464956,16358000.9020508
46.80639875547861,54.19119859066139,15666938085.614489,7307856974.82724,60393340.07094999,106072799.37491202,23209668.068012428,16482936.401078211
63.18022155744592,55.32462512383616,15657706199.615185,7310889213.555696,62517874.51257308,95132213.57926822,23930603.956869982,16807168.73277168
58.97182828177029,53.454565974018514,15663278870.934893,7312369301.396886,62904213.35872174,98033948.4589532,23905851.511106484,16936558.42670047
55.42207664544773,48.08694298872555,15650573300.000526,7313250430.316119,64185097.95199396,106180852.36642247,24352008.868837364,16556973.410947924
57.0998431315991,50.895525398157446,15671789759.435509,7306577875.165093,63751943.15775718,107838980.1582823,23377440.07742732,16718734.254090032
50.07255476350812,51.480436054311625,15659874201.904652,7317082704.15851,63289717.12790377,95254855.99794134,24325465.702823475,16544931.224553265
67.92875989808414,53.29638316868573,15663408060.590645,7312726145.587781,63489499.26079716,100590326.76808517,23874338.60257988,16347324.07387005
56.346105909876144,53.50502146615424,15661210710.258974,7310384712.977468,62311263.68106724,101334866.7127569,24004552.280677963,16812445.20726044
56.24697397302447,49.29747860366452,15670224585.862083,7313765756.675876,61679641.6899955,101875894.97862628,24373370.986583687,16426516.841630138
59.32883311949346,51.74598666924068,15645707641.256578,7317727266.97662,64430747.341962695,98004098.18202262,24033182.85117972,16827212.746151134
58.10504615868357,52.87184121384573,15663162404.084423,7306004338.887734,64401652.75509472,107593139.40040408,23986901.80144393,16785235.56253919
56.81942012139566,55.8674669664403,15662660037.891088,7309772796.12149,65515836.03644444,88026925.43638264,23941177.122005817,16660012.534216853
51.74762772277344,53.61351961947417,15660552510.39693,7303116845.854393,62584610.79994914,97163182.54423328,23719309.778151743,16887675.304663308
58.05734178567998,53.86717006212656,15674134922.848398,7311108167.008872,64434708.49119374,102605839.85052,23863342.12683952,16964872.065982502
65.11012248237517,51.751479883788086,15657945866.765917,7311666360.092387,63231300.82991427,102718128.33032492,23652663.529735822,16517785.58847086
62.42710023077489,55.73137743561051,15668323346.184175,7310427994.010396,65077563.83155108,108351878.76072995,23864305.410828963,16400822.379267968
63.66593313319699,52.72928838787849,15665788073.401524,7308527839.258485,64879641.54529432,107451116.45357604,23152377.62251881,16204494.686465587
53.14392161784408,48.91673626947929,15671499551.328346,7304185251.136911,63878243.74903057,98239554.84182984,24018262.86486486,16975863.922893174
50.7519758987071,55.71010991037557,15659488452.329292,7311779144.429079,63199140.24385419,108211383.9845016,23849084.239565726,16473913.718725117
55.07106539950176,53.59370981761708,15659119341.002497,7315192771.107075,64839240.951974764,95647148.26651536,23784788.12855497,16771486.432820838
55.97862456144348,50.17086793661456,15670648375.018955,7308794186.048997,64456744.08121025,106020162.76393272,23962192.03835721,16419833.488761213
61.170957592354746,50.06152109780227,15666490327.029396,7312053972.476778,62793205.97417558,111612376.38926804,23445332.146227367,16851256.7264401
47.2376768514259,52.389726635422285,15654131950.715937,7305750329.412726,61991205.67141592,107928337.8731863,24506908.048935704,16430163.775146889
63.34775159730307,52.889554385802754,15660512041.358736,7312152491.21595,63310103.47933957,100991601.12003724,23869764.86590066,16338393.568006236
54.909960507105055,52.09187679689362,15666406994.37232,7309486895.939127,65599715.062600136,98277348.1624002,23859101.159180783,16525953.18069117
53.5655946502629,52.433926020328656,15669318103.52239,7308336931.186342,65145684.74295603,90748207.09467871,23602640.09949293,16466001.794387383
50.63947812369916,56.59987212372914,15659758733.658756,7308359631.257345,62293800.7684577,102443011.30437604,23918779.003236417,16681902.219194723
47.42571664067116,54.71462945670466,15645609530.464664,7309540267.227045,62231180.0818071,93442560.60238466,24354547.765161768,16560195.266369823
59.81585291980957,52.07190677379507,15667492755.461288,7312026121.943902,65345629.85679231,95529853.53941536,24246609.354599383,16691251.616880506
56.066589835942025,54.32393174230245,15656441613.205055,7306650744.204192,62287431.857338525,93039139.2493074,24192326.423738267,16517371.7964934
49.25019550129473,48.40242828941738,15651394434.46798,7309583186.092298,64394092.8329672,97736886.91765054,24097489.26558186,16447184.449187
49.22460613968192,52.693781149840426,15646216493.339352,7310737481.669292,62966892.98680018,100545465.44142818,23811633.662443742,16464117.442968322
54.02107650354936,56.92791904919933,15669574533.505266,7307373058.481498,65834049.50338775,102525323.31946053,23465135.786548257,16970114.24922196
64.04510762644696,50.84586231382288,15665239493.857096,7316668295.971369,62786547.40750524,96974942.46699648,23867755.073616743,16622286.37026724
54.40204324318198,48.957098214142746,15663016342.035828,7308190263.509003,65252308.20478428,107738991.39505708,23859473.25988469,16198413.398459343
48.18428523440947,49.54373333422082,15673446482.65385,7308797744.322668,64031960.229121625,99585430.19112451,24275375.412354305,16481637.681304708
54.47128467957028,48.23110088797284,15668669426.958668,7307819832.401571,64129058.97225376,95901257.52977006,24040811.72247206,16602200.517474338
54.33638215126165,49.14571427561689,15675040191.275557,7316790082.28102,61272533.93005669,102483775.12372015,24464158.46774889,16942070.838321947
42.21556678529215,50.38847570422991,15655667984.849802,7312795867.888376,60978067.94765821,113758741.30469306,24333976.79843233,16785847.811139464
55.42852566741095,47.28329894246407,15664491513.463018,7308000108.859802,63548819.6732941,103292678.8654822,23802511.670325425,16409080.56793886
54.54532734895661,51.54685500184881,15654288753.330338,7314634174.250707,64164222.25818793,98822885.53461902,23371566.140295163,17059614.358494483
59.18103182406709,54.206831521359945,15663326364.666258,7311721251.262967,62393725.21959644,91310965.7987896,24405807.16341401,16584919.076973151
64.94478047472673,48.77673145955924,15663249052.950516,7311926057.618612,62448930.566380754,99848009.91368154,24400988.19754999,16835520.313159615
61.33282514773879,56.0578517709253,15668994310.778584,7309988710.685511,64605269.364033625,102853572.09432364,23517486.127161324,16368412.8404578
54.35555654722585,53.03237626558278,15665262132.505045,7308686887.882521,64618194.2425161,98847162.58901368,24457200.246463764,16126405.298568925
50.16737045629165,54.591741756872175,15669085904.612968,7312252790.313414,63714342.17513337,90549228.31228627,24092949.25619846,16321074.271036835
68.5667990162493,49.52649633844359,15669665554.470728,7309387548.757915,64924735.851311386,95911492.35264754,24023732.15788709,15960770.571970403
55.99609217007245,54.06357568119985,15679229838.83686,7317139858.686858,62376026.99260661,111051416.9188148,24503029.515766,17015011.552805196
55.76964645956473,48.22419829881406,15663096709.941322,7307046709.174803,63457245.38878189,110981236.58447182,24418244.73681964,16643706.078436846
55.57937456444999,54.170742502509526,15659032536.856625,7316276258.998829,66099543.17399975,95798970.6583258,24194150.217730425,16420738.663963892
56.69042380383928,52.01551801938059,15666884286.188782,7310883744.987455,64034143.9230008,106100929.6597722,24138876.414652143,16693833.983518075
54.97819794038029,53.15975365995435,15660028030.621153,7312255471.4936,64120711.894225664,93957395.34836456,24189289.918729752,16643417.33895282
52.83168996559882,47.97321618312544,15675145997.071682,7314039404.629877,67008081.49347742,111042677.46116668,23857169.046818767,16730430.81233157
52.965705293798045,48.81479047317018,15663542984.762571,7309227010.08001,62124301.65674792,103445198.9545809,23973976.97086347,16848836.07684532
55.53623364892001,53.29168465476016,15661720940.444674,7314190646.153353,65038705.80543415,108160816.72084148,23696521.021829206,16552907.659009231
96.9764607340684,48.6549559873274,15662390232.768768,7302374476.119411,66200677.80702554,90553121.10817976,24311713.66529683,16436985.962016514
52.13577108661418,52.88961887629737,15670335347.691853,7308979618.749703,63572820.67360993,106473700.35678126,23879465.55228192,16778378.822702885
97.72170398017286,47.39858658061927,15664566038.56151,7308317475.165591,65157540.94651695,101973157.47649804,24234031.65836045,16775051.38918795
54.425113912895725,54.044522638,15661391554.977932,7307235808.978802,62716182.02971508,107748037.611467,24052724.58538194,16636613.014462644
63.21996494291345,47.80243005569447,15676822953.290548,7310713109.615006,63118130.98431315,108226358.21331266,23902140.38629136,17053714.593155023
42.445150958034944,53.15689981303857,15660045841.46438,7312738388.893727,64558547.13183964,102613631.72569132,24180934.39659756,16531746.446578523
61.15753425961231,53.376892800938,15666052993.03528,7313820381.694981,65122714.20862197,98204639.71444832,23473521.75485324,16440384.505092802
61.93042596248815,49.40968454471128,15670235507.215788,7312296921.136621,65566286.92662437,107498154.42060262,23981214.14397405,16706522.376928829
45.33304883795925,53.24607970125418,15654968797.4091,7309276582.425282,66180673.5636728,101920553.3089916,24066323.57527955,16488121.009403313
53.98656202959826,52.28132679000067,15669192406.569448,7312769879.231092,63993583.82530183,96509075.11229424,23920816.575414807,16725382.131267613
53.84279567002105,49.88347443142179,15658914181.344015,7311968205.363173,65700833.4224623,96231565.48228978,23970177.8565142,16458801.633146018
48.662441526410895,48.47433594777138,15671610611.942822,7314724493.285944,63642805.07103055,92518101.83405456,23496960.09438404,16547557.010391172
51.81091656204563,45.61212292498226,15659617161.669546,7314212145.372394,65332055.27064416,99079724.67294931,24154499.02282596,17012881.18505793
50.14712077267086,52.54895014189909,15670848174.655298,7311712994.279052,64404756.85469615,110028388.2314628,24256078.82210767,16549232.88405157
64.46135221711812,46.80559168591383,15673701545.858816,7308592782.574144,64737679.886188924,103828097.7440058,24207250.37408797,16470739.251410088
60.37839196573731,51.78603259832393,15672105595.643791,7309436482.971729,64718508.67717388,99082364.95384178,24395316.4731509,16872602.065622903
62.0577754749708,50.709655351753256,15668021496.041536,7309803449.124029,61975042.596694574,108189161.82024272,24114607.30116316,16421888.7547266
59.30836032021618,53.53742832631458,15664792209.588078,7310618078.4646845,62635426.27194935,97113348.97228096,24211939.60142132,16496125.581049995
50.05474114391386,50.59386350153041,15662489638.68516,7312622695.705943,64313893.44103146,103473525.36820623,24105336.89644456,16756777.436919987
53.077398668601134,50.511656640958726,15676497512.591372,7314168728.670337,61882783.335369445,101649110.858012,24289642.79538104,16832484.977324475
58.14687280613959,53.695612112864886,15661737503.646255,7311575413.663352,65329666.36697087,108245652.17276844,23519564.07926088,16892061.61253251
49.58936095554027,52.50517408725235,15659471524.056782,7311825130.77462,65396520.56188218,92185947.9429106,23755583.30895152,16490156.080028355
59.26499215086194,52.44846787154833,15671172833.204975,7312280808.094625,64662455.65744257,97200335.4411696,24607701.13253384,16767465.782298649
54.49837300920933,52.90780276942558,15661203557.53014,7310040428.775956,62686036.13449613,91835824.7786115,23223258.513021,16550560.932533808
53.82589596225201,46.89328363037868,15660188119.772408,7308651261.594996,66130542.90200534,101340760.52117032,24022036.881104995,16523160.37393346
59.25479984101746,53.77036603996095,15656833058.676271,7305811277.633251,67047433.84025246,111508811.22499111,24476450.58610517,16897829.11826513
57.9213165574302,53.3374063820408,15663487807.206118,7309475194.461425,64456903.86822055,99741658.7254872,24044059.70072086,16537393.106375825
53.8951691709046,48.449950614270506,15666294322.335114,7313522335.813774,64968770.822262704,99750470.82645,23939459.18034951,16710074.351376344
61.496649016821245,50.76775857897739,15668594819.838137,7309481424.981573,64553034.82092813,109347805.77111238,24126903.189339686,16686237.62397151
50.29468336200051,51.38207813711711,15673548095.210552,7311107171.650506,65018262.95757434,110768552.94451068,23963008.41771915,16433197.391472127
58.77967803472132,51.0965096467948,15670666458.611004,7313566168.410884,64128523.563315816,102810392.50382727,24098877.34924028,16857836.70462858
58.66550628984192,52.5015798997056,15665740402.7963,7313776776.552587,64256256.8350968,108226111.08710626,23854054.78032752,16775136.482063958
54.15226780343005,55.79410034549355,15665737596.04916,7308238607.338723,65573179.46469134,96039355.94089828,24479452.36093461,16245844.407425018
57.33066511121059,54.745300183018486,15670715751.98365,7315479750.560459,67589340.83335984,113164891.36412089,24592484.192530848,16719411.528026355
49.444432118073486,47.56334241970578,15676084870.035612,7315958799.061404,62382532.69924398,118600672.86874124,24053701.4727441,16501357.25491576
60.320135096034505,53.36620997091815,15668146729.112392,7308106807.998307,64199309.77177346,107312276.2224973,23619303.19217876,16894213.569162805
54.77548931778506,55.48679995860623,15664035831.32907,7309190674.140604,62703948.24164555,89154711.96681383,23923104.811975468,16362885.654227074
53.086384897404805,52.66042556206761,15660414993.9924,7316258801.391011,66593066.85800652,99866578.16321552,24044791.96896396,16592625.836587796
60.94504612918445,54.7729412755579,15657284167.09647,7311595262.408,63550223.3670135,108120095.50490196,24289379.37635457,16745119.763072874
52.17828154728621,57.53681133710229,15672142269.097746,7304338563.404444,62357978.085524745,100915379.35989211,23761375.35866709,16681930.06594628
48.65769351818221,54.57112863832094,15671578245.021189,7307230103.510864,65291522.92038109,112867745.8363782,23847827.444997285,16832893.896340977
47.916854132380486,52.24792578692519,15671629695.216751,7311292202.919393,66860222.0495583,108114817.14162847,24300946.0005263,16352795.276554838
58.7300497567282,54.63526542225426,15666708006.903215,7308090258.657746,65349904.994670674,99043537.71960114,24455153.363293946,17024365.88224745
49.29785323751859,51.93466349929067,15677598015.305996,7310750598.089653,64713406.60272206,104301979.56404504,23907765.302054748,16787711.638731357
64.47397090992183,51.57170912985487,15664292338.243286,7312344504.615372,65012757.26480526,97804789.13008164,23658895.771428324,16966382.23297749
45.290352960581394,50.4457572928588,15674528362.199429,7317426365.298283,66447646.37856098,102881489.06083992,25295765.84325591,16865174.61194514
64.18228184145019,56.19024007649632,15667540368.874523,7311240324.866973,63214617.435119934,100292123.9253332,24413869.35204795,16678516.528655412
56.7550873360131,49.044714002174,15663545765.570776,7316097507.388483,64305409.11219744,112614998.78165457,24044401.664572705,16408951.781075925
55.21643444064805,56.097103174034345,15672127946.48503,7317389226.37604,63830506.60881944,119369035.72406836,24451128.61845121,16563780.106439652
52.97540456595525,52.99959237122111,15670881665.16503,7317436126.422894,62821191.80241661,94184129.06736144,24100881.439821664,17025016.727899447
57.69568057176036,47.30208147559418,15670560271.773573,7313365134.12542,64025968.88007164,90711657.87932448,24457329.430964217,16983331.1414963
55.51182648787576,52.60294787897426,15668645383.93348,7305361041.742215,66086057.72506294,102723658.9079811,24208091.37160611,16555767.68426179
61.21650941008261,45.199920477045126,15667844120.465725,7314037432.893819,65324473.0722016,93667517.75337492,24186817.703594908,16085459.730609631
56.271138243310205,53.37652405049311,15685265799.468952,7316163255.598372,65446884.63615494,104905065.08228377,24116525.69117338,16645800.24507126
56.45150880730939,54.155694448966976,15676706176.146055,7312139358.427014,64744278.02711086,109994061.93598849,23641301.79195348,16631101.108763428
53.88193893893072,49.72293213304384,15673454953.105995,7318713040.09357,65295724.951998256,115402128.8223758,24858964.068882138,16640684.979366502
55.415271881394666,51.870643087866746,15669118891.947483,7315561085.653476,63402983.08770342,106172216.87716287,23827706.555663746,16809991.905835032
57.2390088444603,57.36247230125086,15675616587.844296,7314535768.15775,64118537.76426479,103383472.38108304,23679579.512528185,16886747.91713348
47.14915803671688,49.982759887214186,15672149798.337782,7316426386.463897,64851102.10970883,90560034.75150806,24095452.01226633,16913187.79203763
48.95907288947144,48.3232772388302,15668654254.31503,7313733449.163052,64984964.900225446,105063246.77712144,23828096.675322708,16797026.59975332
59.416320470113575,55.9449902073878,15666320285.928328,7303538474.044685,65057223.63821703,105439596.8937726,24159493.826212466,16311398.83475298
56.55432719063971,57.38776157159239,15667979214.475325,7310763100.995677,64403922.51164028,109600237.33490027,24430158.51317936,16629377.418059016
54.780083318236606,51.511087015543545,15645629469.414885,7316929718.098773,64066968.06836102,99887651.26391408,24544985.301441845,17206125.52792195
55.792169665326966,54.53438910622507,15670194018.093302,7309678427.435443,69209315.90298033,101915708.12228766,24482935.25194867,16787990.40483998
57.43790852680836,55.52442774659264,15665163834.897598,7311817661.443463,65952700.69484371,94379113.60393858,24079090.74808541,16788207.44787761
53.00120159845319,49.27254730238485,15680359693.5875,7308846779.817392,65245774.724987015,88493578.365884,24211239.425268818,16787997.72924661
96.36401822282774,50.0440824938964,15668956074.276218,7319172381.85951,64314214.00961508,97143246.20809144,24834737.755342968,16801829.52344206
56.67922627548841,55.19262353946421,15660185623.037395,7318827431.469576,64005452.51266194,93810811.55595298,23557595.590261143,16190584.432342185
50.808136111924846,56.55504283612553,15668550432.073324,7309479443.188261,64483001.5319712,107785556.87952468,24410736.707893807,16661458.317301402
57.74126377857236,53.188642580523066,15661307449.657345,7313269094.681424,65112933.42701091,101581448.7051986,23671816.46074432,16707164.734137883
47.1870819788108,48.86055693949384,15672485132.357172,7310255973.314945,61937513.49240352,101478911.8365518,24955975.028499227,16998786.838295825
60.84577818662822,57.461183335098326,15671200609.654251,7315026830.825245,62400368.073989965,98248598.24107394,24062730.963936497,16728983.57139583
58.06298741206522,49.90708730656411,15676155177.288649,7314663069.308866,63778014.88825973,81764834.07103361,24146246.372380987,16356930.239254272
100.0,50.494586656485644,15663344166.013128,7315797060.503537,65029141.25093805,116675357.11078195,24499866.17888937,16816449.68568272
60.61345491972757,52.52701350346887,15669465695.6692,7314053103.479804,64381543.38109817,98252196.24713507,23988044.043261178,16545260.370273529
64.02737222231289,56.162481262144325,15659191195.149752,7323681632.901573,66925938.92972284,102630529.88450769,25062328.527013853,16455089.659064574
60.771850325090654,54.06192792965667,15674499102.438423,7309071805.688285,62563249.54882026,94972536.898512,24573654.59994631,16541052.939342937
46.49562884334178,52.74459650108573,15673204702.735256,7306560751.588585,63652240.70498701,112966474.5414607,23655983.0952953,16847921.938985523
49.30211516632149,52.88986559035432,15673088971.205814,7311453584.806401,67027007.96014881,106886998.42344657,24789498.87970388,17008808.623598665
52.57590711152161,51.6305440059304,15669477069.21267,7307112747.534771,64978813.07781792,99742559.58332726,24677880.88407747,16837986.205796532
55.83045525105417,53.17441854355552,15672596818.57856,7307405486.666927,66109108.07804252,103009923.9877139,24133717.5702599,16872863.976544235
58.288295102345614,43.91131976691709,15681501338.965816,7309245093.486383,67856487.45158496,118459848.62060905,24355279.2624351,16839069.70489744
52.07128093423268,50.6101776227906,15667491103.785036,7309554830.327268,63780463.41732629,105480567.73248447,24238621.33041565,16757632.624028314
56.63383382238539,52.22396580475034,15670699349.070477,7309449258.479726,64676055.00801429,104718457.80938534,24982960.304358702,16892459.076104663
51.92308533823339,48.04695774914148,15661601692.545116,7314965531.779914,64427226.21000928,99092070.29853968,23952773.61441145,16195938.417829745
52.64241098504026,52.65896995343468,15663270464.007244,7311156836.911541,61920160.86529302,92002722.99446715,24307795.96805612,16764414.226032805
48.66669451575889,50.88658633704164,15670547677.56527,7312397701.917103,64389257.58797356,105025500.33489072,24095847.573543195,16506191.34472038
51.08383376944549,56.76642709494647,15678144557.600264,7316443356.904379,66185825.281071,108715328.34243464,23721797.848268304,17004139.07882243
48.94157697191834,56.21905917564457,15667990387.00987,7310232442.919446,65686197.49180199,114582069.3271008,25085148.164773148,16710831.909734642
50.82063373511334,50.10258329264551,15668190963.699574,7312135291.42087,65815333.08675957,89465496.0605626,23820918.96625749,16752467.888713222
60.9682089830392,51.04748686529992,15666951210.108885,7314527070.34764,64328715.47515691,97952214.6575166,24351066.63908915,16406990.263606066
95.64495360899824,51.27815730317482,15666032990.701834,7305850273.391662,63914837.36810349,102095402.17720436,24055996.80128924,16978493.147094708
68.86191032418695,50.145021571521134,15672342090.490602,7304186965.703711,66830808.06456692,106497909.59327231,24123538.87143573,16892075.81924202
58.16658950440445,52.08507495208438,15658845788.20245,7314518307.502855,64172288.4747072,105477735.29204512,24436692.214501847,16877801.779714826
56.62418061847437,49.22515379333723,15679911768.595367,7315092258.051946,65379472.20673293,105703006.64934736,23968026.188758355,16568348.51027246
51.40821109909393,48.10815399518742,15665221154.98018,7321073378.31109,65191847.375907145,109767558.12396018,24505585.90142881,16578560.299261069
59.20154939704496,53.3681336717008,15675794303.454475,7313869954.053914,67173118.43067831,99868195.28918657,24184086.90562848,16806899.595777333
52.821810868811134,53.38858875266544,15660713066.659807,7316404994.925581,66440778.783661984,113873664.96097608,24730019.35471148,16599140.362463444
56.31004907322681,49.08705272102002,15675504929.393456,7312566210.591155,63002848.37934464,110122763.08133304,24810338.02752596,16858272.063379236
68.50042269134397,54.1860662922878,15675585273.911549,7314462419.714239,63174400.97383484,104437068.14734404,24071638.246161867,16266501.379007528
55.21970050137676,49.605266812504006,15673446517.809404,7319710568.851274,65877648.3823735,119139117.97811244,24327461.58585841,16650387.051038532
61.44636663142838,52.259495714113946,15662967622.093449,7305256331.43476,64905924.07480464,118865208.51176833,24371267.5145124,17175301.89427575
52.18411787437056,53.96103203783737,15672524099.650423,7314972066.185212,64317819.17055074,114160839.46723264,24541089.10550377,16865847.99752503
55.5250575475152,51.39916230588886,15661602845.624935,7321589281.176196,66580173.91827953,83952045.13745071,24312696.304561555,16804815.184109222
64.55400317817755,52.8642227364234,15668776361.833412,7314511585.230668,65321794.69212439,119234698.86114688,24383133.90290798,17224786.62585798
93.84220062045333,49.95071106833728,15678670948.615335,7319788184.178814,65124806.54626219,113277935.45258445,24664919.311285123,16231282.28622815
64.76224278998464,50.910600249715706,15676941693.819174,7311050663.285059,66253608.449481264,122653472.42401248,24360497.72885074,16582893.725818384
59.23875967727738,50.88242170735898,15670981964.657562,7313366601.147469,64486564.14778691,116802667.35634825,24818894.974511027,16679814.997326354
52.88766612052866,49.26026496037928,15663399297.299637,7313639221.727708,67492888.27559868,119493212.04350407,24571253.08948717,16972522.640194148
58.8620386952776,50.96967751065265,15675948993.137983,7304970082.433675,63867486.46972823,114157405.44339252,24595872.67682514,16978288.01372366
60.562772248133655,46.85414510340876,15671164872.967403,7309034976.695359,66109844.33656487,117849588.4255298,24607654.6802784,16576159.04418693
58.809049811085984,50.026538758573686,15653105813.269695,7309325077.442784,67323805.23424543,122908707.75328456,24271664.00296004,17010210.9936015
47.84887640054773,50.64537351989099,15677180437.153954,7316775490.052376,62979423.991628245,109202489.2224311,24457733.479387067,16686215.316597704
52.06431412087566,50.73146074251386,15670977009.209171,7316993938.050055,64591375.807077,95373680.97795372,23916140.61280573,17063555.704851124
54.46240682224248,50.77550766238766,15680558102.196829,7314888865.579915,66909222.28854416,105235218.80688237,24833119.774479136,16542276.987067748
55.327832854499775,51.314707400419614,15662743851.363403,7316855744.268768,66944904.51626948,110707966.76320314,23260616.391818486,16755705.07277796
58.8033604877534,52.9383245542582,15646568533.295202,7313030622.037449,64887041.854595125,108307564.28225444,24312243.70118536,16671433.898396498
56.588505004666274,54.123551222397566,15673541910.095093,7318377517.511204,64018145.0938641,98051006.66395648,24794137.431088608,17034597.106946375
49.0232782064495,49.5507043194552,15673692168.314886,7313744302.868478,66667403.75448065,95085551.84722722,23819597.571917742,16666498.360958546
94.73082327101666,47.89039743383257,15658244003.872118,7313956232.425439,67035302.79643763,102078297.93127564,25044514.88312352,16780527.575093843
58.75292872641912,48.37386676327069,15663853404.555864,7312710188.840777,63370369.19622959,114248790.7233559,24091667.936164312,16911035.997311052
58.4989522396552,50.038391236415215,15693165963.110764,7316453029.8723345,63316495.39842072,120364053.80325209,24216617.120045964,16921730.795207743
61.10390362777312,50.44423604655047,15669216012.678892,7312136778.644794,65567884.99071425,115219245.76815496,24735469.82705098,17003863.33905993
59.86961077274452,49.19001180140763,15677410393.554316,7317647359.312388,66213586.91575022,116385568.47671711,24445024.371872865,16846269.22237997
93.4676684242866,47.61165000725032,15666594363.158611,7309374977.131283,64763497.25984789,107488171.4392028,24065995.31325929,16699237.431102432
55.34917144270677,50.13163751757744,15655293469.157038,7309520253.956371,66314799.06029218,94446580.233277,23988476.33734575,16716817.216597192
47.395195332420045,52.04427986034192,15670471718.43278,7316581882.548974,64133636.43441061,104632499.61683545,24760957.947413616,16807062.637009643
57.84809109566293,53.2850883975067,15669766779.97374,7313540234.352397,61923016.1134635,106229951.1462082,24556520.373686235,16861639.41682963
56.73843843581556,49.82773084067504,15668752019.132132,7312114843.449115,64603620.50356984,104392504.82912976,25073575.61893336,16769062.167965569
57.05789418597687,50.2610065335697,15671057100.582788,7317454612.620603,65384391.72007676,108807373.33376704,25051516.447229262,16810048.732821412
49.316257120898456,48.71990507345807,15674110703.39415,7311542192.493149,64856749.82360422,111924648.6959511,24252487.8058968,16446031.306569897
50.29471729795869,51.40568248887567,15670873127.407043,7313175185.020428,63464370.017308734,115247130.59465335,25384973.408612587,16967450.028757103
60.96576426666452,48.95471409742756,15662066206.96482,7319551915.101533,62427350.12835268,106313137.07828765,24403918.668766133,16853181.28090013
55.50222423071673,53.2193834397236,15676035086.940832,7320135770.536326,64505802.62344631,93420265.13106903,24014045.92330521,17050732.65475361
59.10750348686312,46.14240052419767,15656678563.11008,7320295990.867928,66765095.30000969,104775654.57724965,24147682.51343464,16813024.377321035
55.84159188065231,50.42111098264261,15655903203.490871,7312924302.150034,67349123.11330424,109022998.96799605,23502754.682989523,16398313.619701885
55.84878069747873,52.40332201757523,15678221108.152666,7318986642.105412,67252197.98785326,118494425.29784591,25048192.093795583,16730066.44842319
60.39141902987999,52.05150354896751,15676421218.177082,7310294172.688926,64058776.74376232,104231727.26252715,25047092.795617547,16769502.81845158
53.119776358913136,59.57910099194149,15671955319.125755,7310477837.986738,63525994.46954416,112929664.4634792,24005477.270755265,16997505.664295696
56.18060388470492,52.54940007370372,15661273558.991863,7304704656.030976,66180833.92242775,111200694.95507616,24323806.400358856,16322378.185190078
53.38862355647479,48.48783620947397,15666830531.146387,7320866549.830623,66414202.61862627,109276711.2809808,24456574.4289612,16831906.145632997
53.52751886283843,51.21360725873278,15670452572.1486,7310696785.006714,66047704.7251624,116455677.88736972,24035126.07303887,16947384.462049346
54.15413938265681,46.17126099960065,15659768109.55298,7313680690.366518,62171590.1284772,103704418.36614172,23717759.43241336,16665236.675704513
56.81066885816857,51.25820075210972,15666708485.016333,7310541376.902029,64026814.04916786,104438187.21587326,24342413.885677904,16844531.052773714
53.306256891682615,49.000831828997725,15677979361.829086,7317034975.777012,65386314.29247843,109028150.35762958,24300632.4502132,16676180.461134825
61.97878062786761,54.24617082668048,15684297683.343456,7312732424.010702,66231576.60252277,104001806.2388429,24276269.858640537,16652637.520987377
51.22696348890248,49.85137917621339,15669421828.850992,7308991999.678199,66695735.31269082,113334009.4346317,24526276.64732209,16731862.50237313
54.76564177919321,51.14970225261426,15678992611.66996,7316078717.3849535,65697922.7060969,103497332.33463432,25018143.461703025,16659787.845830517
53.50134470862913,49.59332647578679,15657392028.827536,7308496208.749394,66010763.33420502,111159517.12481304,24319283.902165003,17000310.33529411
62.934889421768666,56.71655405556,15678319800.077845,7310930116.755219,65622053.50437843,108560787.11745152,24514387.857480872,16656451.722802902
56.68277388255788,50.53627170164626,15666478955.388266,7305785479.749045,66609049.10247925,111171538.09363462,24743660.86790232,16616766.24928101
60.85922269734318,56.9976711304376,15675566849.320004,7308574474.4833555,66013577.280627206,105731895.04418686,24676724.17109069,17270214.180442214
48.27219813481514,53.9424552863548,15671095873.791346,7315117490.366611,65621384.38587708,106760620.39960636,24203810.413787503,17074886.932890978
57.035251329346295,52.94620018200616,15683939634.319836,7306394676.9645405,65086254.1198078,110357625.62685592,24496509.866230525,16385787.529310629
60.14815397811719,52.60619944195256,15666070916.753063,7308379503.71492,65667062.18851941,111275138.71533792,24683858.01653906,16655541.292157143
56.111419946377126,52.68139189464876,15678398875.514055,7314440295.133017,66337023.49578105,109639818.33210032,24001692.302958094,16903986.413260754
61.02740187532676,45.71698226196317,15671025889.8756,7312243913.760499,65992356.68701503,123691107.69984215,24983607.22492117,16925532.620018777
53.11355774949814,50.66334981754773,15672066951.08032,7322657334.207433,66188787.326086216,101650147.26632148,25056139.451137785,16480824.755028725
62.7467372009279,54.03547391355296,15671905615.537165,7322038129.32143,67778981.29633865,109297076.84343822,24175486.70514004,17134340.680882137
98.60240245828535,51.35330844957768,15666513623.08106,7310962822.678093,66020161.48899539,96938959.4381984,24988045.03666168,17053986.341770187
53.88580719780171,47.28443045958928,15673399021.510588,7316842605.29973,64525980.43530119,112986420.5694326,24742485.50262013,16970967.51295076
53.47248739299614,51.34278664826759,15673048834.649715,7317657028.134343,67060415.98331839,100784558.54025504,24256394.967592552,17188869.282904036
62.9669223855885,56.61231654876647,15675605288.049356,7312125383.7106495,63360004.74284629,107728130.38901824,24682853.71134634,16966927.773161303
63.597860728653565,55.24067514660416,15674363068.503424,7308433397.454263,63837737.0950187,107000938.67276324,24554612.573658664,16967644.341878608
53.08569986423366,51.3139879719019,15680314470.925291,7314579129.912111,66189723.375847,112447159.6169917,23883203.833546355,17244446.2273391
53.59906591452072,54.35434783117426,15681411707.340872,7313934402.90627,66499384.88185458,105597081.20272592,24683280.784815125,17133028.943852764
54.29107695569747,50.40047893889584,15665105388.662048,7312863740.160057,63589937.07143038,105289105.76611689,24040178.968455657,16651703.094968705
48.977747444828616,46.38838523951984,15681075867.754904,7316525599.002883,65028754.981562,122191798.65191296,24888957.18343975,17020151.599489305
51.10674026757901,48.726602035611336,15664056600.290716,7311590702.482892,64666920.670850925,112688940.02884331,24223299.79828187,16698384.021265823
50.67929616623967,56.18866630552459,15678856016.989304,7309937674.202071,64874402.59872502,105706246.91117471,24438093.25959696,16991322.97591719
51.86101217447936,50.67802075451209,15679177480.076574,7315204314.571507,67266265.89527074,108334745.51381244,25079742.1674505,16986091.71540425
55.526575563066096,50.76984806187495,15658124673.123535,7316379479.286013,66882683.11319682,124196450.301938,24718179.14660253,16522342.478423512
56.871073662682605,50.60048541117536,15674891432.70852,7309877491.359218,65682297.95964431,108560563.26660334,24063507.63857763,16839463.674366586
63.45250246407039,57.21240976871902,15670248428.492308,7318689402.7539425,64811383.65786384,104811837.43044604,24092952.87340598,16938012.461513966
50.70822979630605,56.37787674608619,15667864190.79108,7307420520.438407,63474918.45205148,104890772.22344208,24269379.78296097,16763433.533041367
60.62161199238293,58.1563407003444,15685585198.531258,7312427688.607982,68124461.95739855,106072510.08930734,24688543.870926443,16953604.079517037
54.63005577887246,51.02286436879984,15668830688.010052,7313787638.190651,66747799.12467809,105736354.1088398,24676494.772364296,17078830.47047117
55.45268145173784,52.38687346624128,15667591489.795408,7312217844.406862,64577027.90515713,100025148.07386637,24175085.032041594,16869776.547813848
95.36111938686668,46.95007235173762,15675051650.445442,7312533904.708717,66984598.35500507,101369667.18467592,24489870.306034323,16935652.447973493
50.08638989218851,55.93080327835482,15680237721.663834,7322807207.570518,65665975.42295233,103891312.44787726,24653734.613541137,17229938.922243237
57.61204873092026,47.99666134619619,15673320958.419935,7311363507.564701,65310165.37480209,115911133.68555962,24461533.982269447,17001657.41589766
56.53226104106528,52.15032669128789,15684409223.405449,7325271939.668832,66538869.05975285,107756547.29541697,25451533.104502942,16934334.710145578
58.16225632004075,48.20809241710147,15679101800.343596,7316836844.644363,64561099.957647495,109273673.72715536,24559653.0448979,16642112.877260916
57.145843219539096,49.73339951978391,15656237388.235071,7315399377.23083,65242595.968988895,121819134.69365644,25314616.94611721,17056792.40169049
67.97650069955448,48.9882127068509,15670230470.819096,7317046861.896597,66039987.04275403,122092900.5599784,24054530.54620281,16971877.10214049
93.96458830857024,49.676374217972544,15670000634.997498,7325776877.656828,64997162.776866674,108781770.482192,24467950.96915565,17216069.311933637
53.04501522499091,49.88263189055306,15678884830.494616,7310852181.698311,66990338.68703426,105868158.79429786,24080711.86124291,16902925.964979354
52.58429736787618,49.85519361522477,15652554111.02082,7310328207.844521,69041645.05625305,103926532.33377492,25064568.157117724,16429338.04246583
52.92261440419873,54.00000173534092,15696607128.621187,7311898028.333587,64590416.57830264,117219711.8002171,25309409.2264146,16459945.142188145
52.51306436346741,48.18541162081244,15679489398.3285,7315266913.806069,63046858.49509791,109630084.37039012,24231979.55261618,17083526.00321699
61.64508265553776,52.1616242810416,15676284975.13742,7307789570.152675,62479263.274285495,108127388.5855466,24371756.58830755,16751073.458349042
62.80252123994928,55.15387745691668,15685155644.29822,7315265372.55189,65647232.41432657,104525494.52832527,24072033.151339263,17010385.89783451
52.84626853125262,49.96041090645981,15695153298.151548,7322429897.995343,64780220.550884224,104943542.20295262,23799711.96535689,16929286.673314855
51.53822213447886,49.34624332775719,15682618647.277678,7315858007.631874,66280089.17782685,114313888.11918215,24884668.2066484,16858641.573336203
58.05707778193202,50.808426124459245,15683346384.23676,7313975826.80829,66161504.409852736,100350884.06134616,24675752.199819285,16878211.51347527
52.938884778595146,55.03917562508213,15676386376.409904,7312598075.675147,63193111.89121021,120210163.39270052,24587687.34456709,16681734.74140136
58.86465908877756,52.08232289286007,15674099349.778578,7319129091.771049,62836261.58095095,107138464.50962985,23984863.717288326,16901920.089570556
56.7146151042565,49.906357116177205,15671273215.18156,7311738903.075076,66473237.17339528,110487320.8794346,25294369.373186324,16756686.694339044
48.121279425013846,52.95162995356412,15668302231.751335,7323258718.43818,66207440.45338777,100312809.78040984,24375492.924269702,16812832.14085153
63.43752600665031,48.19312355049073,15669542994.46059,7323662764.512649,65250121.77081607,111767595.61235082,24825180.9890959,16826790.35703821
64.6793883654776,53.54407853132884,15663859758.02772,7316457863.696225,63134002.172061644,109090780.26458047,23970544.7536369,16853295.112423223
52.63605654757807,52.7258219231053,15674909526.66608,7315320238.819509,66818796.102057904,111541493.62588012,24518881.118084144,17152513.359926637
53.761492200320085,50.57657458658335,15661042681.456991,7319847587.670645,68214618.21358342,124754471.97083037,24730207.452323187,16881305.27982138
57.12932695362453,48.98424260465831,15677318393.099085,7320150461.514645,66505697.586459175,113613055.07654348,24748811.56941708,17182443.867046107
57.37228394993513,48.839957233149626,15675400069.628271,7311936009.845858,64564712.27376018,105234494.87345588,24677228.14349308,17317982.072840016
58.99272136336416,53.10445200903773,15677040454.389996,7313164734.722187,66121574.55943152,105999933.1764558,24827810.761549167,17142113.58713502
65.75102269383174,55.18694150746718,15671277732.656528,7309724384.396301,63679925.727337256,117395880.00559063,24124976.86185368,17060321.94709236
54.81526386252976,49.588076758913616,15702633741.22057,7317269416.481753,67905083.6420795,123572821.6316428,24705045.08336625,17007789.206675198
51.708513777307736,52.875160110654456,15687761665.49057,7318413148.432455,66216804.83075046,114779695.96074164,24671729.471155666,17150104.230674785
48.80340385992736,45.23891894419379,15665112645.39926,7309644308.2189245,63000566.34590236,118379765.1325176,24726197.290309045,16948862.769216776
52.04534980029041,49.7461468080284,15678047994.403236,7313563040.780478,65569254.56666533,117747200.32472944,24659766.687359825,17184844.84265619
55.53436513563102,51.4068232013873,15670751082.310728,7309682484.38017,66914083.03988943,124876812.97274472,24074794.017799847,17089504.542146955
64.67278931758894,48.7709497490545,15667238358.39131,7311657734.830183,65531398.66329283,95465275.98864722,24057650.608452324,16835527.879045147
53.111943504819145,48.69048087563121,15664426024.656954,7318023438.723791,65640862.696036816,118419027.90830769,23667338.534582566,17166915.611291017
56.818939758194496,49.49666133059334,15680005596.377958,7312413665.137616,63986630.52883908,121251555.10503426,24998676.882567164,16957054.3895727
55.61788551963624,52.37657818497912,15670282537.536089,7314329358.053019,67139077.97331539,100920195.86012968,25006529.64677375,16906530.829194915
61.64196636724042,50.93801294478087,15684822246.75118,7308517948.955671,65014223.14636636,104939166.6625836,25016928.35299212,16810412.281402785
68.33466212936811,44.78530630002509,15685110339.487867,7316512740.922789,62368888.136471145,105287301.81207225,24784175.58348304,16981314.97583889
53.0456561353984,45.1378995420948,15688519241.733711,7315514960.026084,65520076.51287877,106403548.36991525,23712548.98459517,17202351.069253653
53.25280278740889,49.67940446642847,15668947004.723228,7312515273.707354,67914980.0982661,108625445.61074866,24202408.673122697,17175699.525479916
94.31335951052615,52.87305975816066,15680712534.342413,7314915485.875731,65510914.59730449,115066372.83927512,25260056.231248066,17035600.01694688
59.10945744813156,43.257485471824296,15682155951.275118,7316566887.371825,69276989.45369838,120626753.91631956,24721086.957233973,17102511.49352028
64.93353662868017,50.00080947154511,15672418579.15033,7312184192.441076,66973505.26893088,122593845.07625157,24565621.91568023,17282621.49814924
58.61964092662982,49.92125643044773,15669827156.4575,7309270140.930072,66824511.463560805,105651077.67805344,24830618.32088835,16906624.959806785
53.90353954606471,55.66501333462534,15690991504.305431,7323837706.608966,66006453.47626216,105631674.40150456,24675355.532358408,16651172.737060612
58.65327415346155,50.34493456486141,15678785219.3765,7313038253.191087,66122955.69501062,124858687.93934406,24726810.086704805,17296106.99262037
61.24351790291454,52.64896695422279,15682468809.303827,7315439885.341334,65785864.77675752,118973743.58587176,24392123.45955617,16809694.140183408
59.802410905986825,51.92377142026239,15669548579.494732,7320388220.820841,65726192.4820931,114011687.09263408,25116182.88882411,16768165.721067175
58.23637015553649,45.1083005605784,15666051231.403288,7331631924.860626,67220237.28280365,117541619.77919476,24490279.248332888,16473862.339999074
61.03337344794577,53.80462164989521,15671885564.01153,7310379574.433495,64614709.08605363,113108340.26588514,24091718.5089728,17108361.345026765
61.546477952228365,52.146189516368864,15675907545.010609,7317958462.509289,64372685.62189847,118108731.2196152,24343936.94077644,16522598.84188246
62.61079495518764,53.02480591902377,15667550929.139051,7312807225.284736,64295959.24903482,110469753.73323868,24535423.612461194,16757266.587777076
58.94354943794821,63.27871311930898,15677026944.96258,7313578897.387019,69975953.6403421,115929994.16323112,25139004.24779506,17117927.579327293
54.86440959841573,45.24766118150424,15662036049.514906,7312783434.145889,67274606.47979368,100039697.38868932,24678251.93670121,17155538.43264737
56.433568432166616,56.67408994928333,15667168230.620443,7310981421.469415,66880491.00981418,107454764.87541588,24616700.523793902,16787612.413714472
61.73254483254179,50.637657441798936,15683289839.009527,7315864585.785587,64444935.652153,107594629.63242272,24142538.12228158,16928345.093708247
51.61532164506382,52.36198671320903,15682743132.777298,7309442094.421719,67475001.45661335,110358423.60146984,25059262.424128395,16730647.25622826
57.54336654436451,51.36346326409628,15673838165.11152,7320350618.049303,66154403.57638401,105435570.70698224,24415809.53068948,16819418.86729098
53.7333059383632,50.22729099980587,15668244999.575216,7316357772.2268305,66760164.43191941,109016961.93133403,24667125.44954693,17040943.98481933
55.84372411467409,49.790501215283726,15668197875.965237,7318035165.727785,64622408.95018215,100214175.15716895,25382750.56767372,16834740.408717677
62.09225931303649,52.48852620671903,15674144443.73915,7314045142.417063,66683677.55649614,118878955.30184594,24947894.64396876,16905828.145616412
56.65549534009952,46.94847890998496,15683391503.164473,7314510222.217363,65637940.96292268,113228267.789041,23985217.170432743,16576257.547945317
55.932182740780746,53.7517375025653,15686015679.506666,7317491210.670882,65028475.80577536,98592061.14962704,23923484.61805051,17282583.598744866
48.90071929510041,50.25141678534424,15673166478.476534,7310936834.635201,67754432.68048273,106510631.01044714,24698055.366095982,17115122.100023896
59.43126783013611,48.10979198287893,15667252879.696318,7314606497.379935,63644830.03532658,117177164.94798884,24180210.13115428,17193735.551676903
58.92742090570538,50.14996142601256,15680197076.231829,7312347338.646992,67469865.6959945,109243550.72681704,25027628.22342538,17330997.858425632
66.5162736165273,55.27144765058772,15670329123.11701,7312222348.755864,67698627.79079935,107888992.1273447,24755396.563026585,16755950.448838685
54.161108825235,49.89399473895133,15673148956.986362,7306690220.005154,64863280.51049674,113595396.6392265,24814438.06990586,16884644.30613335
56.7957516383197,52.57536085462886,15689988321.183882,7322410616.615082,64979593.54381664,117454363.54547356,24420266.480761908,16466127.76733978
56.94691841855378,49.30713117285358,15685508348.70852,7313199367.285619,66077433.15737008,101274655.59180284,25539258.946810737,17844705.70820397
91.14516601413553,53.77376554977086,15679457361.470856,7321660795.691822,67009230.12030402,119446863.03351924,26539628.175531626,16946014.58213457
55.22352233806525,53.55652321637061,15666439716.32983,7321254364.9087715,66224813.0749636,107159509.4061086,24623874.781243183,17273305.19015667
57.0951076288517,57.04582649988923,15680049334.592356,7310506535.342687,67307651.30215114,114360149.09051432,24915703.45614986,16650110.765879916
58.7394825485827,50.97330816350235,15687898996.783611,7311425060.540618,69754010.72344851,114249741.51126575,24801805.14312345,17265293.5393667
56.6330456157818,53.50596441427372,15674770495.28493,7328169890.068645,65603079.44537942,109790993.69574128,24641121.57311227,17504009.250166323
53.46783192724736,51.79420261861684,15690668283.34608,7324486734.073445,63395161.57378852,105276993.53052004,24381267.65531065,16977884.681717694
56.67044996449154,55.38761534558904,15690195385.210672,7316325156.431257,68072279.54561034,112098730.6230321,24267645.20975272,16717285.971390247
61.06815874929886,49.34350283717381,15693671398.05572,7317673900.28952,69661530.81970665,129727228.8434918,24246813.257858258,16959178.19333903
97.9595420114126,53.73501593863185,15681226345.195354,7313604936.314428,67297711.32474017,102283162.96942995,25449646.49253482,16383731.790654318
56.36484837073439,50.91590811164996,15683880807.472212,7318523130.012464,64578423.44264784,130477316.03614695,24535618.06554813,16990006.53849736
52.19939592530414,51.307435468674505,15691568004.671295,7313240189.528166,66365526.69746782,112526963.5909636,23588305.849660143,17229311.800875768
61.675233144624215,51.77525745334512,15682698975.978518,7307180509.608941,64537200.6011769,115301021.89389902,24986712.497916423,16993573.980979662
48.08406547608113,52.25672118928003,15673978640.50294,7310477788.487387,67803514.66383146,104972114.99469128,24766492.15686033,16926137.273573812
52.90539076364206,51.15131287063412,15674511549.333752,7316707643.422548,64121642.1742025,107932235.20156652,25410697.59964873,17153044.42265592
57.586059375322606,52.14413954951158,15680926460.421482,7311387487.363445,66077793.22922052,110462217.54414757,24963130.231051683,17175965.309936672
63.52762014617171,56.23435417268655,15666788646.00434,7316337816.562801,64780180.99439851,105470140.67025298,24107083.45131202,16547368.291398557
55.37124869463506,54.45634905684565,15677484180.676266,7311678183.471834,66889872.26498076,113283342.1760246,23760503.200380925,17035740.959587097
52.92400236653401,54.10746377749069,15689062944.19954,7313052038.260365,65982836.48052377,111488942.20619702,24464633.34128286,17692125.849659957
65.10578534720295,50.13338142192839,15658514482.64565,7320681468.501353,67003363.03625199,132554962.43607669,24511200.495667104,16641115.962590506
48.45993049791878,48.83227751531503,15693266429.188725,7317883243.352003,66725893.4344573,104507310.58945812,25244700.18766608,16991602.894339874
44.7059702168996,54.36590167471326,15689486807.4605,7316704899.474573,64853126.25426681,116382292.52126431,24804049.710086912,17560480.739562273
57.90007225026667,54.12814037758938,15674770854.488144,7320874745.75424,67875238.35467221,117789074.27296305,25340620.528612003,17327875.87886354
53.18972887823695,55.91801202725294,15684195760.2406,7319036829.173899,66623040.231053375,105516692.87010533,24194828.54645902,16875978.231042314
50.59383591434644,49.68805812209232,15679194518.723845,7323579900.203056,64873705.69727504,122002895.35743856,25268931.73189005,17079368.814598028
59.24178223649677,50.81135403391896,15690740065.75227,7314675543.356053,70933728.36632966,111891865.88929915,25157971.418382384,17022392.406756267
56.919003568856,46.5815475124237,15688482623.879185,7314834995.950706,67638014.99276133,92295575.06815083,23876636.201738767,16813978.59426388
52.87960684631636,50.32258668181738,15666168391.909311,7310761275.994292,66466408.680716105,121920177.85766187,25447157.07647193,17005069.1813192
49.29847800664553,54.48971153173834,15684885322.686563,7314873774.628349,69424816.51019943,105274945.68943778,24873113.491130184,16948535.550548557
60.062286641400725,50.10051386231541,15677480097.897217,7321449226.352693,70240528.97686559,105964627.75683108,25016644.93907013,17060815.025219068
58.95100588979331,53.42143938560247,15680245338.81428,7323052924.523355,66510393.68836064,122354227.6208464,24427821.93104621,16818992.913136713
55.20412068110309,50.92849068200657,15672648394.973854,7321477822.867529,67449423.65941596,112650457.22079402,25439466.96659271,16670830.711150786
64.93318498023834,52.47217108466468,15696067469.9325,7308501398.389887,64938882.679610446,124637959.10120615,24281465.700599253,17021795.28497528
50.34957616836924,48.056925830553,15689443640.19808,7322107845.129822,66536037.70104846,127460259.60120226,25237351.47868169,17521222.014853686
48.07237414537631,51.7556283489017,15672666820.788816,7308313790.911923,66447605.64828633,109973166.76535106,25235335.336104803,17059815.19047338
52.24045965059378,42.52659208729783,15667076293.55256,7321282569.529719,67184294.40167941,123636385.83669414,24388919.722760454,16943780.20740555
55.47206991822252,50.93931152551404,15676108879.45833,7315306685.344053,67475145.86749578,109012421.60279548,25793307.0861263,17253948.00295295
56.91669724661346,46.60858026885458,15683938486.111406,7320403504.574616,67916786.39587566,137416460.05358434,24966048.263863213,16995912.406294096
54.49381971071836,55.11798354964045,15682147011.517488,7310760854.347501,67315753.04696992,109691098.45695344,25169786.989878736,17574875.383613348
57.460276982571486,53.83222205829353,15691832349.163546,7322678886.093517,64571399.524151325,126082281.56352964,24136042.061817847,17042869.761098113
49.44230287904778,52.90001294589824,15687485091.75516,7310156704.208541,65097390.630668975,124407071.0463926,25873227.48143208,17245547.96123797
62.918823020366304,56.06301868147814,15689255048.815426,7313964796.349785,65852779.07730224,119436506.94469814,24284686.617982745,16831244.60707376
55.28924410803716,48.653250437525486,15683183256.521824,7312409072.625542,66365716.95061048,110077208.24008484,25360058.82842935,17192470.144304954
61.28647915794064,56.74208959374668,15666847253.126486,7308813273.827772,68921210.89480174,115078343.95195957,24399184.50468761,17128800.281144384
97.1209263934118,54.29657469278116,15678294178.042236,7317661825.773073,64700692.65713723,95985887.64025009,25139371.92235939,17035280.04344774
95.9274145620044,50.79033413834316,15690360114.810926,7325872120.42885,66250139.59780128,118771889.76731811,25684451.747436702,16908931.346768174
58.54883640116103,54.90686044154883,15679771466.344734,7330024460.014913,68770198.19857812,120023504.87125193,25375385.7498504,16871116.13039151
57.93854280008658,48.181119462765096,15685139692.6351,7317735845.999079,66379067.003915496,118004449.42879856,24276607.20254979,17137218.861426946
58.913613799337725,49.02645751541698,15677305072.173635,7322650054.120324,67848230.04769823,88230450.75559145,25412614.64114736,17238620.463592585
94.91329542950642,49.6742308302809,15670518564.135511,7318425198.735247,66706032.19349257,104661423.76268692,25894880.820877768,17022324.965828404
56.68260584850735,49.91306687580796,15679278486.103876,7319729612.166835,67478282.98709276,109677554.74499586,24444032.410345607,17143391.52434426
59.24501878794256,48.33032707171924,15683491182.876404,7315702538.2448225,66554193.88062283,119732865.52661052,25667936.81631412,17051032.449487444
55.25132152856387,55.16924920128598,15674244226.384392,7318310254.780537,68290334.23142026,119763417.05039836,24198982.623184446,17091979.726402637
62.90058607724737,50.7234367988905,15678340442.487131,7319983318.749726,64032273.13370558,115381530.40747812,24602735.2288098,17006957.177514944
52.31803848970365,52.55751490507064,15671589841.082417,7314616023.509527,66322313.19979333,123210661.8835942,25138546.26743643,17071694.453500934
64.70470216455408,49.78894590075896,15691538154.352844,7317055299.060018,67607803.55672678,107200426.23082095,24497488.70134629,17850687.536522735
55.49921024677828,46.03819009835445,15677914724.266548,7317167182.224052,68077466.00013998,123081264.85511789,25040876.4374688,17159984.600373678
48.54612448940976,52.310172075174265,15694892257.232271,7321473908.072467,69947574.18289691,121824440.99589854,25032989.360180195,17258573.825815905
56.34052207455395,45.76323507374067,15695693910.150248,7312319727.967606,66305644.14628078,120936470.90852772,24828456.97908748,17199950.869150475
52.2947417126256,51.2940978617436,15680128099.682552,7317259746.577209,69947385.58153382,115556577.41415828,25326318.46148572,16997427.459373567
59.903217744943625,47.39505488350157,15671162934.31964,7326822330.5795965,65803089.6809736,135169019.97735986,24814204.65476839,17452813.25459585
52.43688010348805,57.46182799769242,15660719269.649654,7323213136.64233,69679777.91686587,122222984.04900652,25040832.72997792,16991995.29541255
53.4690828339261,54.23408816652417,15666727414.908718,7324140485.968088,68696657.96280843,108042598.69191034,25489519.804336607,17386772.939201012
46.25229634527235,51.81726137381444,15667720166.457235,7317709089.220868,65332987.769717164,119945168.38842586,25319647.5273876,16982230.453065563
53.43846840375462,55.291120032964,15694618919.564024,7319176452.110787,67723572.59111556,124918427.76024435,25320764.437917333,16800406.046394624
43.58060336685522,48.96105206760279,15682346662.217209,7322525907.674344,67034117.1773701,111878368.9885095,24378813.764317103,17190083.628634028
47.78048588257138,53.13043813601028,15685075388.24562,7325279633.539406,68367875.4652283,128327272.57498614,25199811.569420148,16760376.304319642
59.50207328072149,52.09943130115614,15659577134.322523,7308116887.741438,66717066.22984758,121464299.97895974,24516162.841820423,17243303.53408738
97.1974295877143,52.29206024400101,15669624984.993671,7311244321.595456,66562029.39770301,94817902.2908796,24781590.474578496,16736403.355109151
57.82728780892483,55.3170605003203,15690117308.606936,7324132807.31738,69860395.57138072,120763972.09768504,24917016.037147224,16995101.93663184
50.86511928435394,53.69747630833941,15684281177.783598,7316370457.263175,66990344.163289055,113886983.70366712,24511179.063354068,16668698.431403812
55.4614432192901,52.36617098847507,15680068028.11052,7314448476.320797,68818978.28936101,123204667.57694526,25346776.608809847,17924832.851072866
55.68198730454717,46.53533769131512,15687123104.808624,7311599511.943981,66760740.277433015,127265264.02807784,25361939.4461701,16605237.138001263
49.90817655403729,48.61986111416161,15697727664.390438,7315056526.744895,70497558.62067822,119946536.1643469,24027144.57855752,17097885.96028714
63.21699150883576,51.131873199212826,15679485577.309525,7310896303.43272,65886556.11095041,134493577.0266947,24558834.847988594,17434675.404346816
60.08681145287836,51.78011712282996,15682399735.952234,7328149534.235935,66021912.66931806,116360353.0493583,24249783.277408466,17404859.86753262
54.59517913085168,48.10938882597823,15683667913.557066,7317739149.903216,70256677.94988503,124347390.09177227,24744649.13736312,17351823.805012118
55.83442919497266,58.73503002673526,15705473020.29286,7317583418.570983,66374128.03880919,126185072.05327336,25201272.368750133,17006864.33721469
56.741914039737765,56.04918216576072,15661081428.982252,7320800963.542081,70434359.1262055,117310464.90796192,24859255.391401697,17503759.41706209
45.49132565787855,53.30635496117745,15688685796.076555,7322678404.313716,69041860.02875692,126041843.39205982,24689962.296249434,17375537.17129549
54.46411308739702,51.71611058385123,15680826217.69231,7322621589.256511,66977406.98218331,112475033.96735127,25630075.55729932,17168666.366215758
52.29007876001101,50.86337309029655,15687643099.241009,7323280516.951501,63693031.16457392,114228085.5991193,23843826.413805943,17178655.00772675
50.69189995052543,48.644244619933296,15675530772.813292,7314834681.61257,67265827.2111076,105428052.41805704,25605913.33107856,17017856.266481094
54.29449853557023,51.73244155555659,15681627853.94296,7316508096.64534,67516475.80653152,120926210.70788196,24723404.574155144,16838454.870288838
64.68843263424762,52.273257620428254,15689250705.371475,7321839761.644102,69649329.72474231,121813696.69150926,24958289.71296383,17481146.71147304
58.90421430633505,47.77471827355512,15713250770.704409,7315400949.527726,70501595.66942278,130381443.69103491,24737297.376146525,17505467.410886217
52.84410505108602,52.50252925173469,15690329257.170233,7318024501.906184,65976997.59042908,126569767.24347173,25773089.16466402,16849783.72317564
58.56291390678079,51.03422285352576,15673842880.675674,7320061809.003302,68954993.1644484,115879082.38909216,24391314.240845773,17069896.586005688
62.69677718293001,45.77657732636783,15678127459.179771,7322015909.411551,68895036.3120267,106992393.12665723,25015056.184860967,17074459.03506232
60.323168414563845,48.91884496766149,15677876380.775078,7309212690.783338,69523204.23022571,123157022.52922492,25276171.04525593,17109179.432106785
55.99815184960087,50.259183399735065,15664472711.410248,7321710859.705944,68383606.58391963,130003936.7875947,24208075.61328953,17139813.040503427
52.46531611147213,57.16306297202057,15679204251.377235,7316977857.849874,63497581.63193069,126498695.28725356,24556859.06752125,17406896.613809336
59.19111656806796,53.16965937360128,15689922659.981491,7321721421.708539,67092143.75548425,129862344.34956716,24946802.37618389,16898424.146683794
57.66742692710875,47.49355529270033,15669809023.203278,7322094065.754083,65091259.774417,116894700.21145768,24578638.8200711,16869812.382058933
60.175966100138666,52.958108868252914,15693212791.469568,7326297796.757429,67016589.18488884,114380003.180153,24616945.33907677,17499697.83817875
58.87585900840985,46.858088033184906,15687626948.448318,7325044623.115773,69407960.53157367,111703593.3830258,24854032.149141014,16988221.02347766
96.69881212417606,54.74807316166122,15675363984.114532,7325036705.179556,68059416.08512394,118610753.61653496,25959009.6961689,16747544.109078296
53.02382394219716,50.08662604454637,15681387021.95926,7325553300.760194,69771079.36839002,118431208.8686746,24863286.88156497,16984137.16652637
62.286970328171634,51.21909143378249,15699008106.257174,7319761447.873321,68154574.91984135,121361634.04824509,25583793.22820884,17032480.021221068
56.687998023462,55.47738994262657,15690331224.394545,7318472679.614971,64849016.94998948,118016992.70937102,24537821.44086569,17605606.195319224
66.07630436312633,47.63850929424725,15683053946.58757,7322746438.440883,62382037.65869679,118021877.37516508,24411715.336200435,17416263.238077577
52.254060909552166,47.30864544466103,15680607323.999186,7322057974.019009,67795718.55116285,111556279.24339218,26023881.94799776,17485717.51539454
64.37981901582626,49.74920202096199,15683841871.97438,7316803018.179737,67070389.12623984,129022206.79741213,24717603.229273587,17387921.982001893
56.68955391731324,54.61513655305795,15677920655.886885,7320444462.799702,65531032.14905478,120300848.33177368,24388900.15641088,17428117.198006865
52.44290998192776,46.941961773569474,15661780801.021894,7318231693.948734,64068557.4287084,117801839.62766153,24172224.59757991,16931758.567818318
53.2805708297284,43.00353320566829,15703984005.350138,7314087735.16048,66039764.30379651,112022834.49445558,25606878.10626185,17082392.48240165
54.0982634590284,50.146523424773,15684846264.49185,7325018429.173606,67148247.33681531,106115314.53621876,24889464.00203803,16842165.86340261
57.82082973200959,53.15522239973277,15687372176.6316,7318751224.140691,68911291.00471362,133052345.12207782,24936922.88998367,17081639.809064828
58.3141774401775,55.100785249216486,15682774396.951256,7328938396.114264,67949039.40639868,125431504.82294445,24987995.12709081,17356822.127226032
52.83149998030711,50.11051591374381,15675909513.464602,7310211845.960629,70857905.31872672,103243988.82736064,25589295.342623923,17190208.86013799
55.57822703869509,50.26572017865199,15681564907.804705,7315684844.470771,65467457.30944321,127673504.31325267,24983448.254838303,17552586.019093227
66.41135179305932,54.96170220276724,15667153247.582752,7318716931.649673,69396878.4931495,129361172.3714847,26277171.507872887,16801685.493365467
64.33771585050356,45.89077490091374,15706882421.740068,7324393375.21986,67701099.82592763,121247801.49236152,25149673.413915765,17307159.2213345
57.88161834837016,50.334437674450974,15670961308.01617,7320637264.534586,69038303.7044431,136404826.68145552,25628352.69306614,16771132.888425184
55.890017390841,52.07127166977517,15673077081.927729,7320202709.228948,66728503.500579104,122297733.52818078,25500276.04710496,17185473.517211646
56.30015663359131,52.84765616385511,15679193593.970951,7312841484.425235,69835463.48797128,105573412.36796182,25071472.301047496,17386082.72748965
58.76758986365208,49.97057992042736,15697006474.451485,7312703305.218241,68251214.10315782,123928127.33077674,24791484.91318548,17093333.408391412
50.58603717400798,51.603323035117526,15683964353.602411,7320329270.477192,66255934.22103927,122744183.23462398,25266983.441247493,17331118.782681644
54.41311731288328,44.03501793976103,15671132857.300886,7311664838.131835,67639462.50043884,114060232.457585,25361888.846571743,16865928.708536625
47.357079630612056,49.52525476299846,15696847284.499409,7315968154.197259,67180267.8188717,126237581.60820626,24807019.892190777,16649406.689743858
57.6961156130264,52.8605261376634,15691508982.468426,7321314717.418083,68693896.1157164,103163884.4529103,25191018.854830537,17337942.371122222
58.935979698513705,48.55311789723597,15689577089.108046,7313676279.133691,65256813.23579226,130656745.327484,25746687.87127108,17707454.771540068
53.284067688503136,51.67695266476879,15691465748.053707,7327069674.325411,67643532.68002474,111394411.58471964,26181350.981099024,16859512.859559298
63.56993381645017,52.840617502408094,15708896701.671028,7325123854.581431,68532518.01298411,110329997.60503872,25556324.123280827,17549477.29292316
49.5711716849883,50.472352397426704,15706802639.112574,7310670028.408607,67792656.29250397,119394965.35889454,26082097.517544985,17184981.99546014
48.3781255989509,52.01139131298972,15677093817.893057,7313995639.104101,70527788.14086278,125114119.2638125,24793857.47148945,16757452.367601285
56.82225909279986,48.61180230414617,15701120982.22538,7306986800.101071,69351103.27897151,122375721.7800998,25487464.88881877,16822135.249158937
60.935491513060775,50.88016616091186,15688296173.491594,7314804421.871562,67738686.90437272,113007961.267625,25821548.88470797,17180906.113856513
64.11963845728934,53.33064850876767,15689555652.487831,7322875204.078176,68214945.32279515,115510861.37160435,24663094.66685456,17051293.766167678
53.4055786856553,51.9709188829053,15666798516.642591,7316755660.8254595,68389807.67818552,109029219.16380064,24879438.34668057,16768963.277358402
61.09340416715648,49.7404061913082,15682689636.324656,7321330737.639239,68624708.37508366,118533025.42501676,26040636.380916167,16650929.32068894
55.50745765249647,52.17264921287238,15676037305.95279,7311011010.530161,63985909.42104363,132136661.26734878,24629673.94670711,16917047.522291794
97.8878407241349,53.64382937190985,15693209990.027489,7323135414.828917,67174645.0944336,120929684.93099794,24899461.4662697,17244186.981409308
60.11829968743336,45.350176164267566,15695807847.22921,7316089538.284075,64711754.34747574,130005068.96223629,25942558.372226644,17182979.364058916
58.9616143920671,54.97722219486769,15662965928.76837,7319073631.438339,70498395.74208525,136297687.99261597,25773095.166664768,17029197.528936476
47.81803921507876,50.49123578395678,15684484350.973877,7318543785.985208,67706813.10511386,114967636.10568295,25376402.947725505,17251398.767726954
63.08270174862948,52.77646979972069,15696522164.570244,7312387069.7505245,67438989.3694715,119218902.3079798,25129235.564565588,17516470.40072483
62.60045677073726,55.09174077093569,15682856793.685331,7313022056.680025,69735712.80260572,144000003.11254555,24926181.89681019,17315017.612833627
52.57218649245235,47.38497890830861,15692520224.272524,7324170904.962268,68751114.07464474,136439795.82578942,25307211.15874975,17154273.768512283
57.67901766718705,49.37167699271736,15688605805.06476,7321206687.787671,65501842.250774905,103747218.43371215,25992376.55611452,17486607.103700116
58.170150931413694,50.63435391237289,15688559321.640142,7324653241.958571,67735047.11724241,125446990.28496076,25290673.78235073,16892557.244620536
57.00336882911954,49.14873943662671,15682158109.28094,7320859309.60992,67188370.35438523,121430086.719337,26309092.05420553,17125933.917454466
52.9484742307729,56.70480972751042,15672242294.32441,7319923544.645445,64226756.67081844,130185005.78845136,24697972.5735676,17134901.994763162
52.34188316030975,48.92968371851962,15673282912.944666,7310085277.986533,66457749.1478695,113664664.00303268,25163806.40209184,16808490.29370284
55.572229645042775,49.8333596615394,15692655818.552649,7317782447.841101,67536594.83990122,112707925.59125052,24980213.023473453,17068469.865388315
61.56364509629682,52.11316709480893,15685420729.760834,7319085257.866666,67691225.73082624,114478122.53934656,24606690.694438707,16545016.2851881
58.41800077297216,47.89355142177173,15683799596.452057,7329581921.078862,64807830.30749881,115623185.98122056,25102206.70523789,17811411.312328223
53.84692833956947,50.31295786473121,15680826060.451809,7322907419.366962,70393459.70489456,130358472.92650747,25407163.865229204,16908169.63941378
59.558493553241725,52.45235978375052,15682130054.237904,7327431108.263061,67747773.51515014,109253457.56462188,25467029.99537457,17711870.293791976
41.45728689684962,50.50141878685247,15696522790.13952,7322479921.529772,68053919.62867372,115218256.52143162,26343612.88093009,17221108.298170514
61.44382850186052,51.21983942330016,15681904763.85056,7315552963.864899,68835194.83983381,102874878.4128747,25441820.22642321,17390451.71250489
47.00143110610951,49.91200366265489,15671259538.097605,7319972499.208837,66318781.8842008,132629852.46287352,25809485.71115572,17056107.744305886
53.88779529298434,46.9565890724577,15693477510.891748,7320626693.798125,68975357.51082638,135497950.25794733,25236350.139031056,17279857.157674167
50.101650526869285,52.46477963401772,15683433119.52984,7314388980.590971,67232363.00398128,118540857.96130069,26097752.60724101,17422817.439976305
49.22659262139548,56.764799214941725,15685999735.92658,7317361199.28276,66112711.62734018,118898049.77109104,26485561.46921844,17429009.86212326
61.5041339368926,51.55520489235032,15702867916.529284,7318332217.088733,69257968.95082042,126960067.69735852,25493521.91737567,17465990.9621628
100.0,52.17579235174265,15685545469.247496,7328023993.905898,71230447.36240067,137921657.83879977,25184340.454659384,17101472.199703448
57.43251940865358,53.57816826535058,15688906429.46564,7308348425.891786,69603917.2005127,126592238.89145827,24922851.715325605,17066934.653032023
55.46539710560408,47.69200851035991,15673250574.643108,7325941112.550831,70039403.98940052,114810491.21551628,25370022.85221476,16710755.3995891
58.08520413611561,56.60754397438882,15683562396.16532,7314493445.516792,66959041.24074356,104986600.25402522,25466642.69787672,17392096.26829115
56.08410945530128,52.10698638926841,15692499175.204636,7312175639.556235,64658935.30066283,110420036.4642474,25599543.872030023,17573578.993561618
95.7491764611608,56.39557069726733,15669325895.835884,7325880373.527657,71292067.12242626,123209834.70185274,26055487.91275259,17747170.50276558
60.681334097235705,49.30090101342803,15688222132.300062,7323500276.631788,72517329.98244143,115435972.40082347,25234938.90002944,17326812.62286184
53.23121708419344,56.95418576767347,15687198560.030931,7326333022.025299,71431266.56360482,124620092.83940063,24892231.337853856,16982796.273236986
47.91709050670125,53.825466482104346,15686609309.02212,7323917760.477796,67401620.65931559,116624727.58529812,25453000.38456016,16683663.364946164
53.55942419517044,53.15912025755708,15697385257.338549,7330722249.334356,65647149.63437807,111227952.9349592,26239098.69200333,17569548.52145923
63.20379895317156,52.20207336305944,15689870303.190067,7322661505.481131,65846620.10350101,109985789.01293588,25792929.51832556,16653570.158304146
59.95110871056747,50.75441414577665,15702263451.783266,7318825788.555816,64520737.11908888,139581995.15613717,25534660.78082873,17125732.460034344
53.95673932796071,55.10159497542162,15675634289.231585,7321541786.437535,67932294.1842343,132375257.69118334,25805154.138864286,17164810.58774626
53.95371147840786,51.921079609544144,15687884400.57163,7326430934.63871,71645707.74537426,141531089.05926025,25051627.89237909,17216461.698794916
54.09182474391309,45.59879088923854,15687378986.628738,7315513563.490343,67877674.06462847,128716458.74617022,24980216.555968925,17252107.523971632
66.08373991780421,48.14844061487899,15674935029.832632,7316220007.325593,68849063.40215436,118267383.0447013,24853262.365985826,17286870.141063824
96.8436417129526,50.94246274342176,15696931293.82267,7318095420.72088,71186526.21861152,137319205.59979093,25677963.58225085,16458009.867172062
57.85020823595535,52.42999694949666,15711837761.368504,7308372622.316698,67337345.17332369,122665402.18522485,25035249.80103532,17249756.498662725
94.6856839649554,51.33023453330031,15686480370.031103,7320559749.757708,72645406.32399496,125472531.62535322,26407447.009775944,16520090.277954351
56.89394579513257,55.15691236938099,15692204635.229536,7309578874.494026,72565045.24189946,122658688.9994491,25011849.72248973,17486762.313634973
54.40478927089649,45.64669440788413,15687684617.01687,7320138626.6623535,67958933.72703128,91111872.09418993,24836507.386373647,17068293.1491457
54.71825075457511,51.93076380951548,15679044118.944712,7324581486.722157,66996362.37296616,140699754.28389096,26333921.27387328,16546282.101869533
55.341993702929685,46.04606232383853,15667018768.971958,7317291007.289491,69784210.94113088,128626133.01093952,25033188.499060668,16986241.070494983
90.84621012581796,53.779136886452505,15679215067.299429,7329058651.07187,67515932.57542385,126922559.59407544,25896444.45068446,17067400.341484863
59.3381477181849,51.21662385667399,15671764870.480007,7311955649.089175,65758315.40592494,122699595.40000547,25531610.2623099,17645559.19471102
55.9597294290365,52.75882991607236,15705640891.713186,7326460223.625118,71095019.69660124,125210456.0768204,24666985.210509773,17321463.515519906
59.3632003860779,48.90835111823071,15685805755.94848,7323662983.698545,70965818.88336225,116939958.44184203,25966997.62191818,17371532.830735862
55.29641709945709,55.33839479497325,15683327239.346931,7310594701.965499,68654802.4122422,130275733.9077646,25643010.674625147,17648017.306841467
96.58121359603436,54.62517399217656,15696910181.919674,7334865136.758742,65556032.45982783,109248392.1453855,26672521.9481736,17229873.758130427
45.70899657733946,53.25063290903567,15674909446.40167,7319680341.109011,65636651.404829055,125665360.7042019,24927634.76743587,17511189.257975765
60.28163837351241,51.11144825940968,15678844888.86271,7315232596.718366,68579707.51736847,129840266.70687072,25357608.06006941,17489749.850929197
57.43244237948996,53.239571855885394,15688063170.239042,7312338039.864662,67255515.46615794,121540816.2192863,25327813.98736931,16841837.007970165
60.69005054929826,49.37932229603796,15698681514.90566,7318879884.847872,67613827.54928847,127853735.71718128,25454326.67189252,17753570.580617845
41.21872310903156,54.06666697706213,15692938608.34731,7319408609.167493,70624594.86744213,112909598.34150092,24511422.580908272,16799860.32204265
66.14187352390364,56.44844268297176,15690201599.070524,7320695560.862253,70000159.21559931,113230778.98472647,25376258.84465941,17573767.414317377
55.00205185922413,54.71183167993756,15688376694.619654,7318507638.198425,71434414.75317773,126535179.84492113,24531493.152849805,16769986.532087926
61.24091408368759,49.311192590577775,15691983659.845016,7323665387.711835,66216935.92278302,131465378.1870164,25518988.4073007,17472615.624235835
50.50047036437235,52.58425195181931,15689843320.60168,7318048329.174536,67655778.63320237,103306924.50670607,24148109.35870352,17892210.782106783
58.76386952531285,47.62057536872405,15676273562.640966,7309509632.431661,70103099.51035777,129847738.22432508,24303260.480637304,17205819.681756638
50.43292218413172,53.21717093352703,15688225152.98348,7319403268.121579,69426277.44700254,118110949.39083394,25783254.714549538,17192850.29100847
52.581155196520974,52.85181023858762,15675868585.659191,7307134157.800312,71839986.92781417,122037898.55263388,25030239.49582209,17482396.255772922
65.27015676933394,45.89055098140351,15688714261.40077,7322231642.148293,69386982.41369523,109368936.22766374,24788420.698170923,17171395.799101263
54.74658799618327,48.014648468262905,15682529863.84948,7314854867.721931,72567034.21111433,114821238.63392754,26044507.31969693,17887972.80834636
56.78716436589862,50.6505833097687,15716127585.829117,7321217450.771557,69674151.55542882,135057842.36664176,25524184.36372593,17348043.676744584
60.050338653443774,50.59742075857752,15687521430.45268,7327636240.897277,70846492.40343718,124739630.71865997,25830070.148716785,17178677.452057566
58.178409439863024,47.87156919374358,15672385869.627508,7315070197.510834,67774087.7284578,120163866.3889726,25255674.286753457,17106584.662235633
56.45209452571788,52.66693618805655,15686570288.453058,7326281181.359913,68536063.90807752,123176509.75169028,26843741.1825023,16976694.621268176
100.0,52.25442082682154,15693905906.013865,7317973837.165725,70545638.02056202,129978901.84500696,25596713.28943426,17080001.95692962
94.07813048397584,50.91719260406444,15706839797.639065,7330192810.995526,72124399.27676369,129490108.57718286,26791410.939840008,17174080.5478031
55.41190601483208,49.232625499524914,15681630872.692684,7318390606.655288,70163347.34476022,123786138.40556774,25325915.0666042,17129578.146470625
56.70549523357484,54.64612137924969,15670573511.250416,7315751628.211018,68358259.91795419,136893472.85982475,24438316.68924377,17073734.013054416
60.95327198003806,56.46622133926488,15697455462.157911,7324315083.129962,71636707.79608443,135583666.90698558,25636341.873246063,18000567.001029313
61.22762966478992,50.04931554846039,15672902350.493923,7318049561.514108,63654199.80993307,129403956.72626042,25545455.03441489,16951374.05429953
61.6351515278019,49.66349924853554,15683525753.500702,7315793659.473307,65385582.24762159,125436388.08642188,24782922.12311891,17348298.539225407
58.893651110145925,52.97362299623599,15685574554.152569,7317849302.437551,70113819.19791186,132249332.68724124,24857822.985527422,17499928.57188551
49.98497543634758,50.42591186075904,15687733072.31944,7320299518.321793,68625919.36814451,128453413.14682728,25364320.273407776,17514269.383712158
63.86715766150548,51.081808398010295,15696311264.497517,7328113036.337596,69965426.68772712,136897582.80709887,25577746.272169366,17283723.69404615
49.96827303490656,53.718959455174016,15680924170.324278,7309710740.43179,68759148.92547187,135144255.48830596,23994439.90338033,17223748.882001534
94.59261307922895,45.77193173747812,15685582864.620602,7320739928.109891,69910001.70424792,113608651.07003638,26512687.45636992,17459018.742540706
51.92862074990321,55.45490697455801,15688554229.12226,7324151315.755876,66798568.04148135,112885385.06574096,25111538.39175526,17398096.96985763
55.37930826703504,51.71804157298802,15690452520.960812,7321741033.962954,69931248.61019579,117264095.13912202,24642082.41879943,17221854.330314673
57.3438120515174,50.26552056631346,15689919524.802452,7328064172.881453,70899620.00469273,136244795.81085554,25927420.06829461,16781977.727756936
57.30678607725137,51.23229753733565,15693791921.260015,7320269932.886865,71422676.36488459,107461898.33648492,25385843.841628574,17153859.85812903
57.80960377117643,51.387288065061554,15698458880.854048,7319666345.594439,73228891.81449535,129788896.0708114,26089929.746770363,16924961.52945406
63.768556345293234,46.30639608966523,15693409674.189169,7324082569.236095,69236870.87608941,129478177.79117233,25653068.980846543,17088918.616797477
57.967671507569904,55.984814682359705,15694154179.98136,7321312596.7617,69314914.5227957,138596992.50491458,25407330.03407993,17328278.578771915
54.47921682354676,51.623976896811854,15671122645.289097,7318556366.45395,65249676.85125371,127519230.75212848,25324590.12119625,17440528.03618765
60.52043584144179,52.829006391342126,15689685140.38553,7323719101.424653,67507928.11941577,110278763.41687272,25688127.49161561,17926230.161815066
61.64735244462321,54.35464931172213,15694612261.745298,7317103623.29453,68285549.52785698,114675917.64703733,25182302.2449963,17138337.90606958
49.56196092431504,48.4365126273191,15697503117.382263,7317355441.89077,71122658.66187644,112184900.91602172,24935500.483297616,17587210.804192353
58.687000349249296,52.92041569710568,15681386104.18922,7317845698.016153,67353593.44157201,119552387.66312884,25770226.29079049,17428940.752343077
59.20586371155449,50.69707672730362,15681808598.659018,7328575712.867147,70568294.56498784,123640941.14704148,25343902.1742974,17768828.404057615
54.212182483200046,54.04031232564948,15682820308.301767,7302530190.770882,68760534.48532349,112488156.60107994,25448321.559399333,17524556.222101703
62.5785340665581,45.11831773894552,15695535538.59776,7323166875.352323,68369934.36130811,142604443.31334263,26053679.196526203,16983782.807439893
54.94972206483737,51.20271709927619,15701271977.647234,7321125676.059083,69352705.82550035,110739476.73230311,25370164.45698289,16740170.430364825
56.32788226735772,49.69153803264812,15684857786.973658,7311343809.325454,67900048.53303,141310152.13474816,25446779.88844713,17438717.636815988
54.83464087858066,52.79678885190247,15699952144.867891,7322741621.176658,67822594.77636398,139532455.07966608,25098188.479450066,17152121.617520586
55.77789523790734,52.91013256210461,15691028899.814934,7323713664.153235,64910272.27574064,136309754.19393945,25690786.61220461,16998248.22826597
50.218624565524,49.37712231553392,15688240740.99372,7324388616.795678,68255920.95680448,118123624.67808723,25647639.39396569,16900692.785181526
48.49974558702853,49.36347840747187,15687290478.883987,7305821750.058437,67733185.07273482,130052101.58415905,25966782.538081884,17393377.66871974
63.67252531612486,51.16800389432801,15698336154.465631,7328893059.224045,67659539.64845452,111509969.38683891,25120768.04755805,17858740.531643525
51.46519325840836,48.81007331805438,15693555945.114883,7316831686.631585,69812206.29783191,136690511.83253777,25193172.15097044,17200116.642435126
50.74303825271846,54.02595108635638,15716037048.417948,7325037748.543831,70379085.49141817,125423365.01233292,25914667.004508644,17546129.257320985
44.93304943198143,50.39237839865766,15680105950.3591,7325374863.607826,69408743.74968664,121612914.33010724,25607336.583435327,17308673.429269865
52.50519126155249,42.77903534203507,15695933587.607386,7316080208.786833,71177668.5987956,112276649.36651978,24943206.359313007,16899875.550005868
49.08455103296251,50.37553383013458,15683913368.356873,7324957535.625307,70221477.80096482,97858544.45220745,26221416.42004894,17601157.243720252
63.91007580068185,48.384368537468085,15680033484.17015,7318945687.999936,68223242.31392857,114489428.50980738,24491182.02203305,16969503.614357725
60.74908544671317,46.60617255361717,15689989540.567244,7309227780.789322,67845033.97999978,139377009.15932906,25927112.445009816,17357479.627500672
52.259248274111386,47.78772008533228,15691752850.661943,7327959532.329551,69647477.01140495,121917435.56683126,24745895.44319304,17233046.72007616
66.96217902672154,51.82822541549891,15723978324.032043,7316746348.888951,70261929.09231299,124665055.1231789,26571116.65678688,17662973.17753775
60.60882743495797,55.48592248474469,15688132647.454388,7316302466.850747,72181639.41508496,134265509.46898028,24588864.758121643,16986884.345215682
54.07584308245689,52.43955342159494,15677216284.525272,7318934217.294727,71715371.11817114,147651892.2973675,26153917.252760258,17491891.466942742
43.202971425632136,49.68048983535278,15693531980.322935,7322868957.006899,67708014.62490337,142144243.9973694,25441840.07119348,17065236.50224265
67.15471286295372,52.86771258551211,15666328485.164087,7320977529.265178,68737373.4175445,115535380.60569406,25279375.20820861,17180968.054545883
48.75213766618202,50.12272906934302,15689396518.186138,7324514252.832549,70543677.3786289,104301519.95989734,25602903.45740777,16093255.20067952
47.473006265215545,49.416198892510565,15690701430.033092,7313560853.333636,71478394.83176517,154366503.8333342,25865638.047220267,18091919.19163749
60.8128521600482,48.03691199530105,15699814204.45748,7317049295.324093,71190152.92314476,153385252.35971606,24974826.90764344,17555740.48094292
67.89876203169636,46.24451357974484,15701957755.205835,7320714301.053727,68865396.64950296,129219674.39840114,25028991.65008931,17096798.05366461
62.6213640925526,50.33022888032166,15684793434.243536,7332474666.916201,66099851.1745367,112260297.05651596,25885907.636360813,16973081.44022112
58.5195456002618,51.9741604697604,15688957390.449268,7320765887.838356,66702714.49784279,138365043.65054226,24513953.386545457,17194459.371616945
58.673771708326434,51.21012898995533,15681816764.698467,7327787682.019784,69681103.88945015,125912940.54737271,25171998.20957582,17620680.589000735
59.96707779390154,50.25209921615792,15677628004.7343,7321695338.961544,69854355.40469413,125903440.67088372,27293469.524706192,16707431.816597369
59.49464294893383,48.66276181790965,15694490824.918753,7318660580.97099,66493322.26616354,137739358.46433002,24952900.41571527,17322789.868827686
57.10595711984688,53.32473857505491,15676001369.225931,7320065412.49681,69178614.02870268,131239718.28588632,26194226.534575336,17996012.489796136
56.22100551975938,47.548604240160245,15686105628.725298,7320543044.487511,70563821.89274186,113476439.24290484,25181820.849533707,16976790.46827372
55.38703436050239,53.82808374153043,15679341665.450382,7325090366.259005,66393454.26148824,123614967.10148844,25826742.977423526,17405273.49514093
51.93017705566662,48.49334894321983,15697518336.607048,7329638952.140675,71698765.42983676,135236125.3824842,25915294.79037998,18154491.716933783
54.29662461566613,49.24269428794089,15712281859.666382,7323703108.980157,68227033.80088441,133519653.61325896,26197450.081919983,17602819.449465998
47.23521592902308,47.09964442815297,15675858381.322231,7328590000.751001,72082138.04078028,130655504.91445568,25419438.749834087,17425911.92386727
55.208301866026254,49.99579355934309,15669405028.456297,7315952196.39405,67878484.94264352,138610578.17418092,26710646.609907232,17561879.33222837
50.75704446424542,54.42593737543394,15689793888.490576,7319207810.303085,66725502.36232487,123413163.88351262,25196068.76345933,17242820.19060757
50.182053413921146,53.04688426533187,15691500133.01434,7317400220.560845,68073944.97795323,129830706.64983284,25684260.93381694,17845665.585611828
56.59947075576739,54.435266336084105,15693945235.819736,7323545207.086162,68939682.42953752,87942356.61790432,25693901.39000839,17246123.171893325
62.660011431723,53.06642763780181,15686144010.715082,7319590334.735516,68256642.46020576,122513821.21071637,24889665.82516987,16694847.956024844
60.291583030011566,48.18899051440889,15689093499.487885,7326042942.057872,68673604.63940117,136903522.37936413,25386237.497307338,17251729.91934271
47.84749698188412,50.507632327017326,15695862704.156694,7316243108.875694,69984393.54413387,123305823.4540042,25653723.23479952,17048891.915346757
50.75185931714832,49.15940261264761,15703883757.768915,7322024727.362062,68798879.25232212,122454057.6820694,25305372.342467383,17293605.886867475
60.40385593994108,55.49172471211712,15668447728.071728,7325859617.122747,69057545.62633374,115682972.5214684,27010435.449533,17302881.616996836
50.787563032308455,47.90963406072107,15687289434.253086,7309562738.544009,65169946.98109144,139974109.48776767,25069884.16155548,17822529.174490586
54.57683425001488,54.181093068167336,15694252966.38408,7334421865.809005,70164123.09000885,134634449.05692658,26270176.421841346,17645579.73996519
58.45026049512276,54.17886161032631,15680859499.877224,7320168061.803814,69032284.96468459,137980115.42213827,26081925.12901038,17493313.81977187
50.85827772568183,56.98886060514826,15712398662.921713,7309831121.713195,73083508.70758827,107699505.99232069,25567946.96103721,17399935.371777665
56.2268775307298,50.27094022211151,15684303678.425278,7322830642.696532,67028066.90193558,126364834.48513895,25064388.61295792,17024473.690837696
49.02987252540898,53.63696647874049,15691423260.097744,7322109139.85178,64966872.52751416,124988067.89769742,25124691.956706703,16624652.087582054
52.69316178024393,58.344955509616526,15698592839.39436,7321441893.497748,70757707.28952922,125029775.25734526,25276479.48966696,17445952.02007406
57.29890967071269,49.64707496919891,15684961028.469591,7327862438.988607,70121045.46569481,121074981.40344478,24522993.32531905,17691388.086759012
47.735031332341656,46.89487925740292,15670016973.809216,7326432230.47942,66896093.946971625,124341704.9949466,24992119.140797824,17369680.80302179
57.902373689802,45.85996989827671,15686992634.403349,7323769794.241367,65658131.99754022,138677445.1533445,24708408.282070223,17218240.725280967
55.6018110053666,53.63813608658399,15704477165.048887,7324701914.691001,73001684.97979683,105696487.81395996,26402021.251900274,17578149.376878858
58.46244977208574,45.85054937582425,15688182421.332382,7321405398.680113,72719612.27511263,149898408.3733245,25970337.74184435,17383061.406755798
56.81957067032331,50.38304284118623,15682124773.06852,7332685174.186948,63384285.606140114,134470606.67781702,26073986.48522041,18020342.46259544
96.4797625285791,52.81193956111688,15703413865.791937,7313202203.869946,68255413.17584291,128216630.57103404,26472681.951419394,17859398.38464196
56.32612251323954,52.05552661048974,15688395757.247725,7322927894.045296,73358292.93148136,139656199.7564751,25709368.574000496,17762908.900528397
53.55297229437374,52.77633459255252,15686288024.62806,7322500456.910289,68230729.73621756,111387654.71052708,26489326.539443545,17691997.601349827
56.311487515161424,52.16686956740256,15694261518.197754,7327017799.240448,68204800.18939993,120884485.12008482,25248119.643905222,16955251.630348805
58.41649014518194,55.33659743994018,15701787181.021711,7317074202.927289,68713913.05772375,127467652.54834165,25682349.79770328,17661260.42707078
55.94430035162853,48.64305085778361,15721240886.92206,7311673074.933573,66705112.08716627,145415536.8600034,26070917.41435012,17559414.935901944
93.02968892494484,49.4690145846244,15702583251.097273,7323134842.671991,65305722.456410415,128463906.19742498,25309697.24322589,17644208.539313406
52.19004156096623,49.18202166418753,15706652725.994644,7323905803.868078,71962976.11349222,134501849.33449286,27494431.104373954,17604712.11232896
52.38549541224526,53.99057543558783,15686608043.978216,7331219716.436016,64985382.30831811,122007971.51905094,25647427.437836275,17591931.333059784
48.686973641001536,54.20119576518519,15680372569.279888,7314576997.240196,70041639.82829475,135055242.19312727,25718949.62814765,18408280.00856477
64.4478837159347,52.85367595795552,15693568642.016895,7329250107.819802,71597981.213488,149502016.67906117,26395970.77014749,17403353.457508437
49.48068382304358,55.05048100066978,15694161811.974642,7336612840.902364,65952264.3566592,141320062.96925676,26192735.976471186,17772376.469241045
52.23547401102047,47.965877397870855,15679854266.702074,7320022617.606051,67235653.92891474,128337757.98800988,25665244.24074456,17262875.40193109
52.107963672154014,56.50167233465341,15690840486.297564,7314506874.149871,72424978.35266122,137561139.0688575,25724046.439487413,17722963.279901557
60.17462188472221,56.06971586513677,15697858778.508854,7319881684.467945,70787027.31327079,136429470.65938547,24735921.91598005,17778804.50805559
54.22525160853986,53.70686599173724,15697440231.81552,7322454994.151944,68005462.30369806,135624164.33440495,25313413.272845063,17571209.977292694
61.93871036336867,56.84539672631318,15699242153.41862,7325814995.340667,72435697.07816765,143034423.33445397,25968393.206316568,18048426.51049624
52.33254687878066,46.53013037696668,15696703187.118471,7318814304.042584,72458526.87944086,143004638.8786636,25927074.846138075,17118902.10193572
57.09497081111901,49.92665559121205,15687044760.616684,7331893367.080287,70189106.25480023,128076669.87603264,26403267.358877487,17265101.634196933
51.52326473370122,49.29408961795414,15687005746.367416,7315662482.201601,67351441.68489976,137492276.96879923,25589802.855542,17522089.68343298
66.42574563886694,53.66443797127203,15678699838.458454,7311869528.597506,68546244.06093577,125054262.91106212,24820636.87006389,17768097.06631918
93.7919953662898,48.34957778119356,15715139311.478058,7329240917.588153,70263015.65525115,118512706.76494996,26769491.593353868,17513157.204793945
57.24910355113514,53.77248544801245,15693579284.952002,7308623422.604486,69113683.42722183,126533671.24285433,26548920.545844123,17919959.53507382
58.8688844046605,55.61160843199014,15690717351.658186,7321282751.112187,71879043.34360598,128942070.9857423,26224015.434015155,17207910.493303746
57.76899548725749,53.585608700252,15682155928.843836,7341614604.105107,65852404.600052565,109603054.50235316,25578126.010270644,17033507.75220665
54.77356170561146,52.351253070984505,15729497508.724491,7322496277.455885,65946274.880845845,140504660.52726066,26320352.263748467,17566630.725176204
55.05089650133287,48.53637997729776,15680466787.60527,7315725282.139485,70057366.22313195,96124453.57312062,27784395.66778003,17426622.248528216
55.919057359895554,48.95944710162391,15688407380.43207,7322258137.546987,68418965.09734547,163357845.6781023,25757776.36875201,17656151.276347753
54.96498999185756,55.24885671589,15698817373.98123,7322318321.161819,68095454.69953175,148552246.97168082,24885437.539307617,17447899.21673204
60.51939558397455,53.838047011716,15701135671.21934,7323636374.633768,65301884.69770768,126969002.867164,25333208.97957498,17334222.709134318
66.75261500795676,51.38294144186737,15705588040.9586,7326739590.025371,69702275.68651393,130340039.97132877,26080543.00218684,17433356.517305464
52.91254107496084,50.24627136270233,15716098640.64556,7316299450.314538,69534454.43431811,134000744.04512358,24712233.34879769,17473131.242178686
48.850985102104616,45.42257638066587,15700145856.738722,7333096842.279983,71283097.25356519,123071625.62385613,25806455.592608377,17351356.40596601
55.25858975824373,48.28744274394669,15680954756.54441,7324239887.991735,69854016.71201007,132747257.89827104,25939475.376594584,17390408.39567886
68.5985466882716,57.23425726141917,15690846922.607248,7327230669.296067,69367230.34305893,128648670.27493852,26654590.552594498,17317696.82464854
93.50297520671064,47.6586332869926,15697863707.476822,7318894302.203507,72609069.57159856,129310864.66936988,26977859.410597768,17785623.427375656
63.89558402722034,52.06843946366324,15719657647.612597,7330733393.695948,66472437.76048208,132765234.13398588,26248069.10890672,17541870.782169398
64.08850407038221,54.5223319195856,15676888180.286676,7321221400.113535,71050186.14899121,114338986.41234463,24380652.37150202,18308289.81668017
52.93205879146003,47.735231995993125,15709090927.369637,7324546646.295958,65599813.91429631,131113667.48753324,26289859.35969764,17532623.458979435
58.54491539592638,52.05413142434325,15696492395.894983,7317074057.382212,67668447.985118,132697673.10312437,26159900.78597129,17269897.535519935
63.84198311564269,54.313746612531965,15704695776.331491,7316693992.574439,66749267.62535943,132320636.80859976,25884745.54160004,18468676.0368366
53.80436129506257,51.53749796572175,15693100321.513714,7327156856.900008,71703449.48792076,128097888.6325917,24656450.2817898,17631355.012509733
54.6820981994882,60.105209167000304,15683960467.060131,7320157403.618563,69611883.80021623,144945004.9997799,25250199.78934943,17847609.458160195
52.791595430256784,46.49420222336541,15703790895.920164,7317627742.626597,69750689.94043104,126481825.26837112,25010591.060119346,17701103.57154125
95.23908220214814,54.67618558965164,15702649633.666924,7318952599.529302,67042893.79250459,133749851.02181226,25110067.45888361,17714306.812825132
52.453612274669965,50.98159478781061,15706657444.653805,7327317472.106082,69058594.58211897,147112571.3220338,25739374.77582,17683392.091964744
49.58029866618872,53.81576046451003,15694449413.289536,7319074223.314008,67913203.39476031,130035957.05674712,25247543.72940187,17073357.41505614
55.87041734129613,52.82392145509774,15687191273.589436,7322276993.776118,70779801.8970167,133746402.31264567,27382753.37650753,17623868.357978456
51.8501338447068,49.30053140867001,15675276982.172052,7323123682.02304,67362450.70848295,129922273.58515322,25644958.695760462,16992355.386229627
56.86892955895374,52.18698917737802,15704990834.38638,7311085726.951296,73163398.73555186,146616565.0236737,26560489.96926036,17424204.55404715
47.92052176898186,45.92629564580514,15700109435.635723,7313882799.598442,65668632.03683901,128005210.22578718,24776285.65907908,17219097.139025737
57.35440116107229,53.30974250171418,15682792773.0892,7325191720.807797,67847932.4188586,147316122.21610257,25427882.00874696,17626537.31969327
59.86764480804462,52.394475397971576,15688177499.34706,7318499865.34599,74070587.67593518,130028305.4379652,25822797.62145946,17619383.58062604
45.731321787142726,53.415980505929305,15689121235.674368,7329745081.944615,68794644.57510307,120613754.26243082,25196683.6281716,17676204.396571405
57.57028284923786,54.67435497526145,15676433261.06726,7329207030.50813,66599146.06700254,139936735.82729375,25503679.270969827,17604980.781696383
61.83834496236646,52.60285952062913,15684811318.746572,7327679171.538049,70453663.47884448,127653655.36470409,25634532.781785306,17270198.306419957
49.65179490654398,51.94426825939483,15680885485.02208,7334609051.965386,68720997.4720415,139311476.2836945,25627410.73913333,17401718.18625909
64.06286193418852,48.85679499001613,15689984319.610687,7322688183.021772,67824525.91788681,97292870.92535792,26942202.4638662,17848291.273560688
57.79509504683023,49.36333770905285,15685929628.445995,7327308206.904305,67179212.78165202,131689620.14201948,26017903.220393702,17905674.753007717
52.17494072120796,55.06020386053199,15674797334.095495,7319574101.857211,76909459.99175487,125892355.3416309,26084800.14409008,17071690.058578342
55.42115461171147,55.80900621711793,15720779467.00287,7338707652.601509,69320824.31533635,118337763.1365712,26125900.680450223,16927754.633199975
58.49163456260862,50.78566869106384,15711147069.210968,7335786876.010347,65111802.25196115,124803353.37681852,26175142.61772238,17232721.813148618
93.45672254521476,51.63800824175982,15685591621.094631,7323384890.139635,73741368.01221196,124589793.35046968,26249896.7526996,17904388.0282828
58.39377996223185,48.78615687501871,15698903014.025768,7325769343.110702,71526574.96449909,131268609.26898566,25592797.03959685,17970441.093827296
51.096632034603175,55.01827053580234,15700787640.084442,7331933948.339989,68058137.79524401,114654856.793971,25903532.3415858,17161612.668515995
56.54680412018039,53.496250471075335,15710620381.204336,7322440062.329575,67645306.94380143,135971890.58248276,26532288.09571332,17630017.70693682
48.6314275154751,57.32365230939125,15685259702.41275,7319236836.752192,71718118.17428032,149306807.03285322,26516533.65418601,18211152.690926664
55.1438696932565,48.865030768460784,15709491127.885218,7328942339.123874,69399034.7947967,135630744.77135947,25655015.76488924,17674221.299055878
51.180461792676056,50.36597630294535,15688773095.795698,7323926896.62394,65153804.20806012,142374075.67893153,26296616.98057225,18058299.39871709
52.02235028705117,52.19433776757672,15678826320.71514,7324610168.810751,74576672.55023745,146053241.9245029,25689821.32363285,17899401.58725961
61.88046587605219,53.43946861317731,15705004348.9377,7318176532.328234,68952764.2068959,147915241.9096172,25837678.863616664,17174473.352539033
61.15655060297135,50.8529970873571,15712257687.986357,7312582765.857892,73862984.21066536,156024951.3988306,25518500.652713083,17450103.07764761
58.74569060453589,48.8811167286389,15728807379.053576,7325010669.014782,73324013.66314885,125979332.60191292,25706752.514225088,17537237.88257268
50.23843617663711,54.14422258677072,15680704550.628052,7329285542.583903,67537663.71883573,123235073.7087506,26678273.9242336,17565223.300868943
54.11795775152599,53.66340608763674,15704912303.591078,7322112724.042131,72724733.39466858,142397707.70317388,25887014.060281426,17876932.02731819
61.76548849989592,48.75117769830882,15690844188.15407,7332720040.03959,68444356.38294734,141497501.63843527,25917362.957947828,17684685.31614166
56.40858456819953,55.56632840331649,15706102879.55918,7319102517.425476,65354145.50364995,142414050.07010004,24911586.66572305,16406889.139004871
67.29664769990848,55.01059612758981,15677401609.32629,7316880969.577317,69040657.4803115,156681434.11623323,25639890.38693032,17028930.743460104
57.66658919697186,51.90288949174338,15680089485.964329,7323200718.488553,71149798.17953661,132769383.73535678,25686108.433958992,16695000.371472675
56.66024558245016,51.73879358712811,15686349375.759932,7323122217.443505,68961477.12772137,138120470.83227825,25313365.312801663,17601721.033267256
94.144713452515,53.16217331334772,15697325006.144094,7328593934.036889,69368802.34391358,120185024.26352637,26412098.421610657,17628261.111100778
56.36770452391141,48.91489078923122,15688159215.78831,7318730221.92599,73091761.07501724,160106300.38689226,25574511.334254306,17646244.384106517
54.93765081809728,51.59009443749225,15704857542.14553,7332472627.5868,70447069.57750322,128513049.55931129,25903425.34528352,17170469.86671727
59.24054338344296,45.04284936617246,15709629845.006067,7336337921.729678,68022015.12986538,128922861.80097815,25933071.42929393,17799761.78436915
60.48351158397293,54.12936693650881,15704207635.854176,7323498875.0669985,71995641.81053036,128475388.89836425,25245071.579456773,17817675.434890736
51.77005269746026,46.81552033267442,15717350289.293243,7331793124.897583,70711862.8559385,124693727.1750067,25605221.455645792,17060002.579312574
49.04383523221111,56.010259485286994,15701958428.1885,7317001990.321233,63733707.66024255,123650923.9223077,25913900.97667384,16979828.27334146
46.51897313448352,50.50963971810065,15681015764.305023,7330723658.5098,71325955.69422017,126339352.9220407,26628692.53423377,17546435.195453648
58.23995663456272,50.86499905420647,15714261711.72924,7330569207.68908,71242799.09366125,115546396.40598434,26035386.78769406,18239793.13584212
50.18316696913064,49.61679828174648,15688970643.685394,7329410520.084423,70296064.0298003,123059295.18700948,25446901.74413318,18206266.595585555
44.93554703523759,50.63588337823377,15708550350.460949,7323769679.892231,72553036.09799737,158346324.5065598,26133346.567332663,17768854.46618526
57.642893022654825,55.75559403544411,15717166227.39356,7304835078.328989,68529456.55243762,142764141.35297364,26980557.03361253,17269977.28809851
68.16499758716395,44.03657403039476,15702810898.218529,7319767635.287725,71143074.45473556,145277612.92155483,26473922.02805621,17897460.16201993
55.669645442300535,55.330896158264565,15677634684.133911,7319886566.525758,66235208.98490356,148583727.53342652,26238890.13866141,17380126.354960017
59.892453872258216,52.51407044330512,15685142572.687029,7317625565.825439,71346967.73146938,157139549.9172057,26357282.048449323,17259270.02047423
56.10914679273783,47.878935056428354,15714181369.401491,7324760896.23942,75358750.49205725,110551982.18431666,26822838.26480433,16726198.075964345
55.20555173404429,48.274062820852286,15694924917.220926,7321277195.69025,67737554.04710907,117597203.6570393,26590656.34912644,17599761.484058063
60.29538241493884,56.52917908162461,15698196329.01285,7318666498.176723,68354824.87388769,123157931.35480487,26264448.726964243,17316593.574655388
54.24862727905675,48.663479360171806,15707057008.677645,7317163665.038613,68492451.94113931,127531794.53952992,26593202.47940417,17600507.06067454
57.03696157035952,48.03994846821213,15706303326.749802,7319406304.724201,70681707.39418094,129772799.31020346,25201196.438524622,16669116.113085289
57.30848903098007,54.91194362709419,15700936665.562887,7331354121.380965,67592463.76312605,127917951.58904952,24930466.71860499,17632167.45430586
52.35954773178476,52.51565862885774,15694652367.174131,7319793321.144921,71459475.18459655,136625205.8707167,26011302.12291849,16619348.746051066
60.66021174768262,48.686223270390805,15693347239.521025,7320760307.714651,72577709.53811076,134283383.03359526,25956864.80162768,17993609.080850717
54.82520121652296,52.149874926213855,15708634898.705294,7321156882.526198,71775672.14383365,124462880.9667792,25561102.55516287,17774336.716053165
51.92127420253578,48.42274194907917,15704728066.989813,7326358526.742469,65785741.40078718,105576789.43585196,26456231.014392752,17463055.940850127
58.38254921785202,54.80246419526782,15694209863.991943,7327144730.665206,72999629.27073364,121027182.08186176,24706600.941633794,17793622.00926411
51.207660091044815,54.6841128946194,15711736621.68456,7304323600.081438,72860760.95120211,126856625.57427087,25575249.102922283,17192069.92616722
55.840905786845646,53.09601859646583,15695979870.456406,7330881261.946294,72592613.50456855,130847332.55529118,25610512.02919492,17604842.727017917
95.06252444641332,52.58498318374105,15686583831.381449,7333616649.103783,71408841.63798633,119359436.30681127,25362323.50477591,17889616.900480296
61.12947782915789,56.78356437460212,15687837719.258345,7317381764.045654,71020247.24596062,127754441.41822682,26910742.078754123,16365286.89865654
58.07349116439977,51.49905898216468,15685003338.452703,7317906291.988211,73157027.4442949,119419565.08472368,25046590.76965985,17405360.993954636
55.57486520627428,47.9543776237376,15694296484.782492,7321340824.310052,75503837.33752105,132625956.49471682,25553825.262463465,17573586.856856406
59.78883149600144,52.84842173849693,15714089181.288988,7319354377.652462,67975359.90505737,120255962.68516612,26537368.731241263,17506783.72014059
62.65103774508657,57.758141148611344,15687402207.22488,7325798944.29309,73313233.03856549,123236560.9084195,26368993.745289247,18159001.278803103
58.48905153175932,48.455721520442445,15700489742.742168,7311571045.495054,70267825.90063243,117241167.3601126,25220671.31175777,17144281.346892875
55.75176309921691,50.415611699918045,15689436157.998455,7317025199.615199,70163451.21926883,132457190.86021304,26399583.41048424,17343625.02623389
49.1408188382492,52.74933811430436,15694691992.10728,7334510205.59115,66473156.28429524,123130401.82512596,26144721.29471778,16834175.669121318
50.37443168462314,51.33828545298278,15678292913.650274,7318302296.61485,69774666.27415548,146507470.94944865,27492325.399869345,18187747.16992264
54.17387647822667,48.553089258868056,15695310567.522009,7332617959.211308,67907436.1007112,139969238.0123455,26226182.763980977,17495676.764655262
52.65243898920359,54.86557356869141,15695712019.094172,7326791662.708939,69321511.72382233,133753542.3773396,25870109.63991584,17421139.125670288
54.76514348507277,58.460122166051775,15705441453.98183,7312537863.422291,67657216.31959324,124205356.29003544,25401324.959279746,17575218.60260965
55.98324962448554,52.08839437707172,15701312364.054972,7328683156.688427,69379113.85749367,139797058.0301752,25477987.377809323,17849435.38805841
58.348463771783656,48.787795130792,15682584296.029385,7323732791.469016,69501288.43674417,143948348.7482955,25426767.51244328,17736646.11681344
55.34750610970455,46.85311842483958,15712798156.786257,7321519346.758189,70840052.00435218,136760530.80930555,26881484.31599578,18650636.87909674
58.13250821913101,52.27392794366354,15701297365.222136,7326170375.171332,66321603.86437714,156141165.54782748,25990075.0987834,17782153.15410746
56.0223720740506,54.811632029948775,15701191786.16743,7327712057.674452,66776499.94477038,141059788.09131056,26355381.59607128,17418690.51553404
45.822667168230645,52.92550323948615,15698493389.817646,7329277779.820581,71573304.81743589,147129485.63277644,26987377.03498733,17381846.696834233
51.00332303090623,51.49278847724344,15691799592.249834,7332421800.379243,68509426.1135301,136845267.41000706,24423526.27371645,17450246.488728594
54.97956222139192,49.73218504463208,15701605293.048466,7327337965.781284,73486034.06327024,144090257.29472008,26838720.742878698,17010104.72030486
49.65152628579447,48.22350910184573,15705080870.429132,7315515773.650458,71242548.38167197,124592935.23015337,26029971.54942413,17625367.900264647
58.69964364998103,54.004253978974646,15675598812.262018,7321522609.9339075,72267005.79524863,129132075.75290196,26285277.64295508,17923354.733945496
63.35375416171849,54.24131486415676,15691699536.863297,7344261255.429536,74416673.57231958,139920725.26131564,25448299.85753741,17367753.92335133
61.79380925848659,46.8628106399278,15695521711.823929,7329531472.006841,69849781.8189709,139877534.09952873,25499652.71283251,17291599.143525753
54.63278564534896,56.26951693454205,15702377248.467848,7340509437.423405,69153799.41677104,142135579.48160404,26330759.36261545,18221257.68045917
63.15363068424976,53.222213662682,15714921891.70901,7334050552.157858,73018191.09320644,150092427.25407547,27597522.433920924,17046535.385667197
56.44333728601056,55.69878393543738,15688770033.53328,7326382803.817277,72063614.1885644,116465074.5679824,26680397.97964754,16790945.085733783
54.01457014440981,47.47361675454466,15692467265.344982,7326801876.190789,70214060.07277712,122515248.48940252,26858924.55004688,17158248.771569222
52.6329866822953,47.40252753375368,15692317600.28176,7324565629.333623,74442207.68770628,138641280.484752,25888931.15146537,17004080.56697658
54.18765156755936,51.053092070698106,15688498632.120302,7313212760.143066,70166690.71548803,125939448.24278772,25618951.475864507,17777901.274312347
53.75911590729386,53.00835328068558,15694619700.695398,7324970720.119013,70831934.25409928,180868729.06845167,25500829.48739365,17479699.21351954
56.55208111187744,56.88908246878089,15709636097.72564,7332975450.12927,70811066.25893414,142629675.70068812,25699288.74131557,17537737.714013923
56.50286990524933,53.61823674144539,15685243660.362118,7320872396.034698,68259520.3616721,134724556.62433589,24653823.76977575,18090965.53914386
55.71523010076707,50.7719561695639,15705152047.039,7327672128.858709,70982316.0146025,128911747.04794544,25546129.58059118,17350861.985354215
57.88469084873175,48.420892377002325,15676625528.073154,7330644159.917943,74533136.31613755,129430412.15954936,25659191.032283846,17942536.997168794
61.65323137393171,55.19000171815745,15691976286.70778,7318841479.850017,71989416.89510041,136328979.08146283,25920434.985893864,18240897.95579897
60.44777067720662,48.605883722747855,15695136719.80507,7321937228.751611,70887730.49016033,137479227.1744297,26129724.07375018,17449762.88080089
48.27551015775049,56.38540566431696,15722141918.600697,7318144529.226541,70379078.01366435,129881586.50387225,26287936.209150724,17932374.72221697
42.93039432549023,50.64684605118048,15695966216.97803,7319476809.46698,71714926.0404699,132397560.76184212,26037143.22434589,17538839.926920798
60.37159955619637,56.27174621785355,15670064306.412617,7316357962.414597,72854103.29714987,154231703.22841,25658586.081348155,18011414.05386456
48.8656065079229,53.53679387017783,15672820033.535513,7318980961.370312,72486739.88807878,154837316.89653593,24729884.27443904,17003975.772544157
54.57617299053658,51.08901353167263,15700274115.119816,7334644212.566981,69958860.6028043,139624128.3893215,25668142.34363299,16975047.194397774
49.8494348697032,49.94181088452162,15708150962.553164,7318910514.05364,71741142.30409731,118167183.68230404,25402783.81956128,17484022.575462446
46.69009781209991,50.47727636796176,15704987464.636543,7325964216.024755,72171029.18058264,143599367.64619347,26377016.0884622,17283704.774888076
58.40731364102394,52.784950077125714,15702230603.83043,7321730591.225184,68160776.75372705,157388088.61058107,26679866.28016494,17435908.78521524
59.49577580151324,51.73146948865315,15715740428.354252,7333125012.0640545,71349463.84444308,154957328.309551,26703131.32686605,17557880.160184707
52.8174479963664,49.71856577579389,15692758990.87122,7334046552.748007,65051421.0758932,146418316.0470429,26583645.002358533,17940955.496631887
42.744788539275454,51.0031057690471,15712241094.034164,7331044058.128991,72221898.3536154,155798021.04412287,25983724.31423094,17484271.974812947
52.96877775873759,51.73573108915745,15678034934.159042,7327285576.270037,72715082.36397399,137298080.73481554,25723302.126607344,17316339.218838528
57.65902002701274,45.11379771675556,15687934913.90703,7323662245.042535,72963072.18538445,145147547.30064338,25573278.781636894,17509884.90432145
48.30544215612936,52.874504344366095,15675725433.856829,7317157154.758541,69871284.74950746,127429257.80930406,25059596.235627413,17341136.213006783
56.61679959889578,48.56083632584958,15696579908.363895,7338476262.747226,71794221.29759532,140696077.54915613,26760152.58949509,17275191.956809033
55.62345075413503,48.040002790382765,15699735903.445175,7320124207.479282,74837386.45987198,154855855.71799913,25970384.494207617,16999375.140060596
58.59645749800544,46.43796695866787,15701967977.309202,7329826097.391559,74822512.9826488,128802137.36966342,25244053.430190995,17687353.914853066
56.29790184207077,46.11832250639633,15701307907.266323,7332545625.549565,70904765.56730685,125141330.49069642,25532347.37314133,17428112.848284446
50.83465529559223,47.43365749066313,15687872504.101036,7321565747.41359,71374017.31336878,138252964.23889297,25507345.589441217,18057097.37647305
61.682857508322456,49.37293712710853,15697970170.882204,7332449229.436295,74034797.60283554,133882517.54120465,26130530.69878032,17071211.51912948
54.90735213486515,57.3597774125797,15680174908.973532,7330605739.112787,66917042.49833426,145885056.39261127,26832734.80835574,17443002.784207895
55.563477302450345,49.92236097231439,15719286763.800306,7337211976.995658,70141589.07100637,130882664.8755634,25869511.137626216,18409415.379025955
51.033660204634025,52.03325031880409,15696564487.583485,7322222000.901974,74685681.6254375,160615259.5452891,24570581.342645377,17282652.13703817
53.48358874404245,52.701444159518985,15694077093.89148,7316654674.121807,73712380.68204951,119531420.97989276,25983788.6507513,17572412.753339753
51.2759864298655,51.89319555864755,15722567649.0964,7322009906.623982,72065276.22320545,154387819.22334817,26009273.27538347,17171638.87625362
94.86307143999862,51.26766961782202,15683846278.490376,7326920630.76636,66938251.2093941,126795755.572179,26504889.27714954,17118282.292247016
64.25854240071172,47.91411870920226,15685483256.666622,7325909032.244168,70937378.14100114,112701266.70885304,25692063.37038091,18310395.007343963
48.84049428534322,55.85278264483763,15685924913.142803,7322831000.031556,69465504.15269019,140637837.14510646,26274351.20937793,17745885.85516945
47.6321930106163,56.921589930913655,15700083181.929266,7312443343.444121,72003264.82713607,133928422.35202938,26173593.87554979,17732048.313470077
63.055851637468045,46.45202391763194,15706995674.59122,7328802202.183407,68880147.31018367,122228157.28501236,26114129.574195,16979264.447885092
54.65338161424067,48.427914227340864,15711285593.68662,7339149852.29369,68293492.66381983,114405257.73891512,26417878.93599204,17827966.822594676
52.35463630670042,50.66056897286898,15736555711.568731,7328804032.518287,65441722.75581462,137459145.56714475,25841463.017674275,18159269.77930625
60.89952343698039,48.60638661526943,15670240371.105656,7329823882.048683,74499082.10242584,151061463.99765998,25805173.7664111,18157834.973828264
52.67192230131568,53.0178966603676,15709653432.418137,7329594132.159409,70042464.47046293,145734849.1347312,27094092.94652434,17960774.957119185
64.83004856773468,49.31518339278016,15693632225.404228,7328407620.788839,71587640.07145159,138506174.68749347,26531863.5549988,17218717.81654878
59.08962935669635,57.99516820341981,15693272526.945335,7332118479.17139,71158054.79853126,144382286.51040477,26719780.78205053,17817119.094717897
53.26044295927149,55.07164578303079,15692856002.908812,7328440039.268587,68225979.4771631,137448362.8318618,26998813.21617317,17965566.449125458
66.48654106632752,52.13772209189664,15688905859.149431,7323569384.757696,67704176.5847572,118115400.96132028,26518615.428811736,16946509.68962214
52.67142538498331,54.5809587899592,15724812034.462566,7320245720.687289,68413530.36149165,118273226.18435976,26800168.77162266,17226767.097494207
96.85897007528943,54.817701273071926,15713222451.005873,7324047086.305458,69202501.76132023,135162337.55885205,25602138.646554045,18062248.91998788
57.19646290203247,49.80815753582527,15701936320.30302,7327965330.762921,72229731.30422825,135799141.98382986,26305564.55635725,18058983.020207185
62.20870644699399,49.051348266374106,15720390134.32947,7323619529.079418,69018502.63672087,149868809.92410377,26040564.10596267,17052585.174620226
63.50755598363427,51.73442918890894,15680736279.251305,7328009922.767516,76078997.01204348,148627999.58375573,27333661.91703901,18028794.4292019
55.86002074532884,54.08490837349383,15683294868.777126,7328897685.927881,74095603.27563938,146573436.25873423,26816973.99907149,17739170.335407566
51.932910648269086,51.917181195960254,15671563084.199816,7331656415.150171,73499854.82897134,134331063.11535797,25738343.814994138,18026432.4313848
95.05071858677034,46.76901055342701,15692143193.892286,7334805409.033431,70931580.25112465,119083124.83546908,26993984.06198457,17437890.608128045
52.311423151239474,49.09152666814747,15704164282.506464,7326452525.59552,75486961.00677438,144056099.5165884,26298810.367413945,17973221.07308148
65.76693623763312,51.27808140921687,15703396847.404818,7316827859.106572,70677304.3229588,145684546.84060937,26501402.67747395,18057868.896225195
56.38267665541369,51.27300318702251,15704095388.821064,7323546333.965654,71207137.70016627,105151946.72768584,25478564.220080554,17560163.13047306
53.87339224343946,57.41762653036943,15682394923.77494,7326277100.094824,71778121.01682097,126843515.67903768,26442119.476271044,17715910.11480967
96.27475880718106,47.342036172803006,15713319064.659466,7313185496.925665,73272318.28311592,128883981.43535516,26507691.51185816,17438579.698052302
48.96436855235152,53.01676772550763,15705510256.154615,7335702862.350315,73102479.35657634,140226358.80768317,26394337.93531081,18403192.391709648
50.841929807446746,55.96733932498487,15712455824.31208,7327024493.718885,70006731.97202578,127401244.75426324,25694204.962162163,17662580.03022857
96.58199023844202,58.314349236268384,15675804240.757292,7328715640.313716,69853981.56048504,138141068.72783154,26308412.76567872,17327788.99802069
52.415528605143024,50.28680773044812,15706672813.11458,7335621841.605371,73144680.47411153,135778806.18446165,27027290.49324651,17415553.863946766
50.46544508659031,52.9742883581606,15685736342.641155,7321678984.189004,73366894.43489546,136546097.3984718,25473104.709161885,17770729.652479686
58.38326376263643,53.20928107159594,15696848557.231756,7330131147.725842,70272062.14824632,128787505.94525254,25527271.04207005,18035611.091498382
61.62852077331499,52.08644519465987,15709956851.87888,7325359836.497055,66933756.65262161,129915619.54198518,26179029.53869188,17158637.22892969
59.29476655332534,51.20346439628208,15703793099.29577,7324858614.627883,70812503.03460087,123768043.15127689,25676706.90180705,18499666.09523848
87.30164184220276,52.80792616850014,15690609434.6839,7320749193.437613,73155092.44310302,144310336.8656566,26155547.93510845,17853500.033856224
51.916024557152696,43.90326174434095,15702703193.84439,7337890846.576148,76487453.33843958,147048181.93170872,26298003.869773827,17921597.192606606
48.59094666629078,53.54620847018789,15681131669.467674,7323570218.718268,68055574.20989805,128239301.62123773,25169126.70259669,17685491.450415276
63.20666825977744,51.8785337109859,15718899318.260288,7331150714.976912,70233860.49453476,160519596.15095982,25521086.567738257,17736115.210118912
54.08660080578933,50.8325753096652,15699874657.005491,7313049931.992198,70347671.57074454,134744601.62001595,27679271.290378243,17666851.202539466
54.44583491772477,57.64058658715867,15718575424.714558,7334583003.191665,75274891.44651797,160784505.43929353,26559888.179043666,18161208.3561115
62.34097070924529,49.475197943628345,15695440959.211946,7333708072.649497,71365696.96870665,130220196.8489744,25712860.836649712,17729132.207507223
58.4811500470033,50.29077203280491,15695527398.803583,7326997381.648148,68913756.44945146,110729177.57218195,26537238.7377168,18058678.357487965
57.97943886040804,57.4746599066142,15692174738.572674,7324727770.189066,73061987.47897121,145053223.2877624,26645723.31675256,17551708.18910785
66.52501172450542,49.00381608545043,15715395393.654823,7329175984.0396595,70350723.54236428,142936132.3353313,26950741.78779376,17819918.01995159
52.48240884809929,49.84965415119039,15693033699.435375,7342551733.972424,68041664.79094371,139960518.26564923,26161288.687174093,17397462.98997364
60.33920064040619,51.05892372970745,15712236081.368675,7313915084.355258,68987683.54040849,130436600.43001756,26945060.12471182,18256402.23471728
55.98506562448542,54.02220344638864,15697749530.049004,7331946737.904025,76435038.81492485,139084647.28712082,24813967.86038342,17387310.17214252
57.042961394316286,52.12340752205994,15675215656.040537,7319971175.41424,72623080.93415457,132379643.4819888,25511793.68955793,17604837.23824451
63.34234213206266,47.62212395854321,15695178002.518787,7326308762.570235,71849839.51726341,135386873.14941576,26379372.82383115,17610501.84054175
58.239178781448125,49.903494310618434,15686583510.43819,7324711274.555137,70845033.5777654,151666951.70930642,26500062.99152713,17595308.894267276
58.391480395248166,49.67793670036337,15703846474.676289,7323448924.369636,72393934.71161738,142390074.65932733,25621822.575755265,18055269.19778269
61.06253668654902,51.26833686433086,15686499362.076063,7326435629.25808,72370662.55853909,148491599.2139874,26456505.903792474,17613994.79489277
53.875236352285576,52.77753097588949,15716632421.93216,7318466027.157075,72415160.14742163,136577019.83578128,25831637.58318336,18345134.204728823
51.503951663304974,52.75461726766392,15702219046.507175,7333872602.80305,71921081.12693049,135057283.16919804,26081131.60445737,17402578.98573103
50.47595402989484,46.17196473785479,15701036089.034636,7313795682.200266,74078569.66749421,123548598.76014572,27010826.946073487,17825844.055159524
45.86821705311999,54.691822962682565,15712961518.963472,7330435806.153902,71680079.38610208,134751168.2709032,26931805.96653313,17423337.489568863
65.98103564970161,52.25770653798987,15717410368.87992,7324281783.371428,68835150.44100387,92715096.43729888,25576283.986589994,17936578.156366963
50.18395817139159,55.65359614278172,15703428246.812246,7318275434.882684,69886377.06936893,131701722.5408186,25535839.08184865,17751157.921881244
54.59373188207114,52.83259498187201,15692752315.722437,7328095001.266075,65992154.611393385,139005026.74971482,25999610.19557493,17693057.420051172
54.3159335005554,54.80396887320729,15678465030.18576,7315545568.485482,77446875.31764916,148279086.51952052,26277077.767811947,18270485.218140066
57.23703348904551,52.89963593435038,15694054544.474398,7326973937.825295,74131710.13298468,136432096.3513931,25828790.58066906,17481773.337317362
59.77868606269649,55.53867726860825,15695082748.750467,7316529299.724608,69298570.24294013,145299398.38952595,27046767.66782316,18015776.95716541
60.00236744179873,53.06675190805333,15705498118.72685,7330032692.123715,70877028.3513267,109159616.36889169,26553919.126663327,17435140.82151491
52.78461280715531,51.20625426067129,15699069101.193293,7320126963.704538,69868944.02492437,139609717.9078744,26599147.98122503,17815429.367548943
54.86439143106794,58.31730416134064,15713930014.819218,7323536356.8979,76128257.40222096,116390119.9496218,25403079.65964645,17254149.493798275
57.1128997524415,54.16711136683968,15695318746.057266,7328899070.858492,67639184.53854243,123185034.5502886,27151719.08972286,17484772.368514948
54.456544369082266,53.22123326301324,15703345944.843992,7321263131.636972,72053007.24092753,137886492.73267496,24292306.785631184,17736098.77596721
63.73672788009996,47.671086750384994,15721228955.55874,7326413512.662383,71422322.98046863,158964103.50574297,26919456.842153773,18555281.256032977
58.15487475819126,47.63507714760939,15709180502.576672,7315965542.69605,74122219.90191941,146012143.25869945,26994958.139385283,17817972.789716348
59.37438893024909,52.37814644642556,15703451115.7751,7331409133.967875,71454893.44260833,140986534.04880312,26015075.345753506,18490306.311959658
59.014406343337065,51.936563593304726,15695697056.036133,7339597363.399965,66700590.43523235,140492952.39167374,27245683.356418144,17872665.662010476
61.56736928742663,49.65763230497505,15695290191.573338,7347027848.893291,71050510.40056048,130540797.64892364,26286726.213096395,17611649.481113482
56.605107793518535,51.92294809883618,15692199212.892431,7327587306.337465,68980516.16345145,133029949.1791659,26380201.258099087,18446411.63167706
49.21584026022077,56.26588078413079,15696708326.926752,7332636876.875852,72023898.57136223,147091226.3361436,26583158.020112146,17971170.928595584
57.698439758763215,53.5862074236509,15715476870.711468,7314113866.641608,75946135.2814707,120969584.1136615,28641895.086327583,17505059.005530007
52.443215531040856,48.07697447074179,15701408770.479826,7337847239.507558,66787293.04416872,149593821.02658966,27315541.49858997,17988978.727650028
53.056916591251216,51.16547351857117,15685147337.416748,7332622116.089155,69509987.84922348,135456377.8094614,26854105.85811544,17659558.397490077
58.63182009377547,49.08510055744232,15730300465.670574,7323528725.525778,70234738.59175056,153070000.8733626,25689773.953944035,16924546.255442042
61.891415357168185,50.33690025077431,15709398151.96778,7336007172.994092,70739028.34768334,155090823.26072055,26457147.03364716,18196072.740384985
55.80635788368031,50.259153003111074,15684428446.126564,7325226304.824704,73999116.174577,116981202.65879184,25767079.594008293,18266953.833987545
93.0872604263674,50.06706325218799,15698458246.555008,7323769301.423144,71360953.18907198,132841268.93320534,27420944.721645616,18591990.78304664
64.2110747231762,47.73459388407981,15706524017.41484,7330558538.883976,73080891.51004073,128910483.24798156,26464096.79089564,17977745.1492126
56.903765897442845,51.11703595544543,15729715733.194675,7319410030.331232,70066987.08100292,115053379.94713797,25548785.26060032,17687142.07646965
68.70841557090198,49.81817708945807,15688914181.9815,7334572087.913365,72562392.14778453,126421481.49667726,26427125.00985354,18160957.891394325
58.52754822815773,42.7116539299932,15719256688.059437,7319492938.067292,74166067.5105924,176970049.99015805,25753661.499516245,18169177.643352102
46.89618620422091,57.65891607350499,15725477583.512447,7319550835.404036,69783240.31026506,150392558.989891,26484197.801023062,18515095.73643905
59.46670810552266,54.766308962650015,15696011849.318111,7320587442.340387,74199546.84487657,169489902.82289976,25751779.713686094,17781992.65424458
57.60579192441389,50.37109782522501,15701171682.573206,7332762941.773305,72086846.24807213,153704154.27106714,26400212.74090335,17730611.431090705
62.14876377041373,51.55645714922179,15690155667.17329,7322753691.614521,74992794.06124625,130858116.71249644,26930280.529350683,17491506.87079762
59.0659067563498,47.98503695804732,15702346557.95164,7317436354.753041,71366488.7315754,136154148.24052572,26347486.57189064,18041233.155359626
55.007720080081135,56.5871686334326,15704830842.374594,7322868520.000468,73077466.39307332,150365358.2315085,26103839.56496416,17129347.389314894
49.578508818553175,57.19186608431934,15715052542.471985,7327075914.482179,71855580.59103534,148216155.63274106,26540681.27948248,18149145.095525663
54.65488371356987,51.97008118473958,15721403538.34632,7318697075.144413,71702907.34579335,133433449.73034416,26904828.49579957,18068310.484450337
51.447397728953504,54.570591932556034,15694570410.574583,7318925436.687414,72751862.43298838,119832989.9144262,25588283.43808149,18068773.31185897
52.79738275097639,52.02586033680177,15676763417.05973,7342824673.165609,73576004.26989052,190107013.78337115,26591988.305244207,17874194.523871608
58.64289202210305,47.48982368337221,15705303819.983604,7321086342.417064,68353006.80806267,139956347.3001779,27369286.649930246,18488729.93978992
64.04952252175704,50.26452989310903,15709968316.18934,7325042083.436893,76227645.74105401,137298857.82594278,26827678.55408183,18199988.72609473
57.673357649114905,51.89578390031587,15709374013.47834,7324736300.599137,66577980.639026895,143786806.58549076,26452550.666580413,17550811.328075554
49.72058468982408,50.13635684376967,15700969492.726566,7324357225.030965,70033623.6458066,138610934.3089141,26882755.32991699,17560011.546513155
57.92301334110071,50.84404016769489,15707647664.344065,7332033775.805073,71777269.47009271,144027077.65419358,26748546.64700742,17433313.75042817
61.68315743322826,51.22580132747266,15728142094.682775,7334458834.685969,73276558.54911269,161192315.10591137,26973084.815232463,18065601.94975404
52.65108547840309,51.25736450640362,15711530365.62544,7325259689.156085,76711331.57661514,140492081.8638127,24933586.300122045,17382624.69405681
89.71809066998749,51.65677547149245,15700469072.783957,7318429503.81068,66613421.85866529,125259092.33309534,25778718.59721498,18303911.97060641
55.77344097364599,48.3181848008102,15698647142.154177,7336936236.278108,70598565.09776391,140043176.90733007,27168244.668594405,18411607.90495789
51.7755084345888,49.34895155261619,15703561432.24783,7326867320.157881,65834326.87796777,135628907.74201792,25321797.247169018,17439785.00587011
58.9414021692193,47.64624720290009,15730256970.437002,7340351107.384572,72207516.82303523,163526699.32439107,26730322.743842915,17747880.773442663
55.09525925696109,54.4334466490586,15703459537.527391,7311037560.075969,72926241.94144408,159859907.39552653,26177375.353848167,17838845.77054728
57.79766221953514,45.18305917447903,15705922693.53143,7329073036.789177,76833442.62237388,144212334.25636292,25704502.242127355,18224678.93840411
51.2625391109895,54.96077102995078,15699136461.421562,7341828484.807345,72500828.35320105,123774474.0657714,26701579.170531984,18548068.85274542
53.51270849838295,55.65904819178853,15722569019.856567,7325057595.718435,75242458.33289056,124593243.4237232,26594852.27599841,17088133.025284212
59.31190678913886,50.59345823905213,15735370647.370222,7326021332.667324,73892389.76135561,142998014.2714514,28010841.56255132,17696213.761418153
53.83583423954117,43.6905887365181,15713088635.26208,7329898248.076226,70885026.84047069,147805133.17564815,25989515.30304117,17720794.78216254
64.33481925616702,50.416068314098126,15707691750.4341,7323589306.982062,68008072.3465084,137322279.81758785,27522309.59897126,17217748.18251744
53.70181907192699,51.30744751613354,15707060545.415974,7325435970.623829,73009888.81673351,135803275.06620672,26719509.59101597,17626160.552411623
56.82342362875944,48.46820534021326,15671181943.25442,7325263396.0011,67775673.21311256,134177049.37962888,25970709.763895307,18033928.734024893
60.36295415936545,49.95434481857527,15717680546.33463,7323131385.046885,76060997.00582884,142676789.6903774,27057628.49470656,17720834.54878498
48.608171335334845,56.09058559659005,15708658768.941698,7336940388.16799,71742583.43274656,107666341.44819428,26887531.708809286,17157893.883034814
46.89595594009612,53.494781486905225,15713084502.293324,7331258099.170124,75788689.62183495,126747463.0301944,26496837.48972696,19130114.291582223
48.07171842714953,48.7263076568657,15696178498.552034,7329714658.046848,70815113.84402198,133843673.41974342,26671311.745191824,17968307.799027145
62.01292051713591,46.70720249121371,15701090493.072033,7333889795.146296,73054869.64190215,161203912.5728341,26031731.1553866,17900879.76791865
52.940709270537766,50.51894804717069,15700740784.446102,7325920533.042634,72888091.59485736,131148366.73525897,25863976.591685392,17361712.91570903
68.49099642834126,50.85962966194869,15722147454.69253,7322138294.534179,72139910.44009143,146014969.9947033,27048352.140584737,17970599.86624975
52.87876200671306,52.98859756208995,15701313959.237885,7323434406.687575,70993176.01202457,146754207.84389046,26318129.189462297,17781983.910263028
56.62275651598519,49.894049862297024,15738109174.609098,7327963294.401846,73466105.67115298,162802083.42951518,26428406.04180705,17011116.363444768
63.41054976283938,53.03449872608559,15713502140.540085,7320057672.538454,69536856.16871217,162337096.46004438,26700214.732170373,17378797.511785537
65.73046444079561,57.305462120180685,15688043600.233065,7324250532.901014,68698020.36641242,142664520.616516,26692491.037725896,18216510.318926763
66.00751788318199,53.94650306733279,15705242003.452951,7324149431.518802,76042770.06483386,136460938.27180594,25428051.7997114,18733961.1213202
61.74183115296572,51.35573447800768,15697459479.421318,7343932287.38027,74511372.95874295,133686608.45069942,27462947.68671146,18027879.98340483
60.82031262905731,50.950548586840114,15674393206.602097,7307274110.099895,72541643.25937231,140063062.9274626,26593953.431773607,18360211.62526504
58.66263474600592,50.42998059746039,15731291125.392303,7326723734.188065,77346328.86286625,137218030.01868922,26354299.3795148,17795942.837730132
59.59180538083319,55.04192273735644,15717912194.1333,7341032687.446111,71560935.44382547,152078601.14037347,26832322.503877312,17828540.22769373
52.94407141835734,49.618059662146095,15715418497.84167,7329024426.703314,76344987.06640692,150133040.36045292,26689712.91630796,18360253.856137045
51.609005582888464,51.635668126999946,15709949418.9777,7333788149.225392,72911656.55111717,152763043.89099813,27091252.079806767,18619733.44650427
98.00397840439878,51.65359370564325,15686743331.942553,7328900178.757975,69313831.24527037,162851224.1828856,27386618.58097065,18458650.49908365
54.84907688737536,49.9946474215654,15700291454.221088,7323151636.973252,77963136.89684671,171991741.58585864,27061008.3642052,17392342.98038637
97.13989452986188,47.3826033563477,15720283856.6605,7311319566.59282,75396271.6483385,145900374.07078373,28123536.578103207,17844754.061022665
59.18193723728358,52.468923510853,15691833682.351477,7329757065.323383,72059716.65459919,160632114.39721853,27192557.28537514,18001871.65244639
60.47652604285256,51.31698808443385,15669561292.4041,7322385788.234321,74625926.17623532,138824671.02961838,26409261.63298243,17760585.592698246
56.14203443145924,53.00072140830971,15704340297.402664,7322215455.037514,71226662.4430623,162044095.31243187,25686520.52831807,18054952.752641216
63.08765040527632,49.8991990806825,15705675934.509724,7324505125.153638,74956603.7878097,160242363.1817835,27794541.540451907,18252461.12264253
49.99155442933248,55.16246389643914,15709912063.587862,7341463687.620007,65243174.732842445,159501271.14613914,26359706.85312293,18336758.81763568
100.0,48.869678656364464,15718922972.703505,7346478531.631729,69392392.36957493,145745585.30040392,26701861.32021161,18648190.940002017
52.11588839698598,56.63612085205368,15717605655.880936,7329972076.007714,75445513.46672377,134268614.56045777,25232222.525770083,17736051.514896814
46.3673169146347,46.257090470515216,15711930243.15334,7324834019.951108,71738774.34134956,123324974.73509534,26804242.904168613,17267851.346479435
55.28659657078651,52.80431019367067,15726165401.215631,7319458380.019895,73132670.06892312,143868026.67813057,26663895.159193,18051196.152601365
55.091262458083584,52.92629204757987,15685102663.82068,7331939175.723711,68433471.44379023,167749330.01507512,25406488.43579102,18746178.113673493
63.26724871621066,49.11332879617736,15715814516.307478,7341924408.448494,78126964.73096877,139876941.29532063,26900769.723936945,17674557.378892895
58.85405842277389,52.77318181358304,15717719642.97182,7326553907.164414,76146298.93903944,156534560.30142903,26182309.42814796,18205570.0592617
50.57906587835398,55.33855600928048,15689448500.4973,7310393404.050683,71934951.6770125,157485372.25987738,28605137.09053212,18211328.63389204
64.97046283167094,44.84954348193781,15685486451.454117,7333559011.257439,71324765.98684922,140414996.30411625,26133758.174606983,17983226.14097494
61.805168477626765,53.00823442247244,15697026735.67757,7335979021.80702,75694229.25871587,164782631.53029668,26238441.06752968,17900643.672795933
58.61048851734308,44.02018753900977,15698353010.659342,7316449627.904865,78604907.10941388,100583460.07645154,25906920.681454554,17477625.253429327
92.74692982582845,48.60300558943037,15719932100.234509,7329873028.637675,75487478.21868977,126263930.75760496,28057852.051566824,16858679.097732764
50.9028038163826,56.38749909470283,15699155630.324385,7331986070.112876,79209542.92489004,130979110.12646066,26294319.23251509,17393981.412125204
53.83896611964474,49.75465389982384,15695514304.581394,7328012906.358692,69792905.14901927,132481733.05150098,26028803.41483069,17725038.943026133
93.45953490867784,47.97836010677308,15699287641.515408,7322560355.741974,70115102.16697869,150152200.0055849,27649291.38989466,18407056.87949589
65.12293152967305,50.90618681304596,15725735385.419191,7336361585.01579,68995583.70770118,149500166.87460256,25533978.71027974,17859273.97305554
63.416217641360944,57.70371901449066,15708914228.326736,7325550179.639529,73983369.02402951,151140426.03711236,27067459.90206107,17670220.318163596
53.25575289106863,46.00495325838192,15706026100.332546,7317303161.716972,73180876.44820216,154282315.2303444,27954177.383483056,17501058.273408547
50.10191283355495,48.34607026508196,15707133071.92486,7313001751.557055,72189565.46442267,130697091.13776302,27029359.688202426,18212262.8335373
56.40443123455602,55.99229504953888,15728633579.115196,7338335482.827994,75140563.40205729,126636096.177848,27087180.211938843,18535971.939391647
46.85780317218575,57.0731070306132,15697445236.865704,7333430546.739886,76447622.1891673,151391844.33154038,27268219.09604268,18402422.027053725
57.31583857092391,51.18970632712915,15729118643.017202,7329403861.37101,68009602.37794511,135719034.63173655,27914824.34996545,18194072.40200899
97.39269686805788,47.78284189242007,15712241964.262466,7325375278.908539,70863915.76245518,121348807.554509,27913486.37100952,17238351.697938487
53.36981749065879,57.78753050542748,15706604222.680498,7324712566.163062,75220432.54676954,160374611.32486632,26948414.67698341,17756645.513443295
47.72648466366603,56.28332717524759,15747503878.643291,7320533705.22321,71278274.24055415,166939004.26481026,27307924.64998813,18816719.59740369
58.26800053284859,53.5368409632867,15692950433.436691,7325496404.64978,70272142.93342775,169492181.26577142,25936789.9772428,18438480.786674537
53.03649580169045,49.06279295318774,15703778905.875456,7312537113.7518015,75865216.05259731,148498498.67906645,27216769.624489315,17214043.266071968
49.85041582144856,51.35291197748589,15690310263.541658,7323189654.5048275,68777729.78552903,155301025.63606325,25849915.4581597,17898836.532595858
41.33868893359176,51.01891975686551,15723973445.726551,7326477319.811678,71825969.35161898,166806461.9575398,26343764.248862963,18093628.5463596
55.56242547474682,52.492553913846734,15735378565.578236,7333586060.363366,73776455.59947881,135896386.83363912,24255615.125139706,17575368.790081885
64.56125798334872,55.853004314394006,15735148566.061443,7328602350.599709,71005719.02532901,162939733.11127356,26941489.55254263,16861440.98090269
64.00629607273936,54.13825112341221,15728338345.773512,7335058841.20798,75199484.04314463,150120799.9304883,26138762.67943546,17976202.0032246
53.414518717068646,48.267871769045726,15706465772.181908,7339358561.33595,71038677.65454093,160022760.7956462,27495436.533530243,17567332.702547498
52.6889396981911,55.62948935005861,15703925735.307556,7337139057.124322,77154048.995761,148847466.24232444,26942416.69538737,17570410.506455973
58.04387128037512,52.439396420039465,15683795483.014969,7332624672.570999,72425675.94073807,166051356.16560662,27512552.078657005,17770591.653172094
50.70807280405855,53.56119738757675,15741139660.85391,7329101682.510067,74899799.26269296,149529867.36889216,25809567.87096813,17874487.1107831
57.20895949909733,55.89962257783581,15716970146.868958,7321443588.754921,75142430.11052883,123167033.95003906,27453379.59974297,17933770.675260194
59.530401391923455,48.16525925145935,15702149563.11262,7334777150.957676,70901368.15150435,168650014.2682319,28283120.81053721,17528961.09094062
61.83466611942154,51.39252326388061,15730386657.210407,7342079627.475306,66492530.67226405,131546938.82234198,27248028.60329725,17838654.631579045
55.19922961760024,49.90563634592235,15694787205.99022,7331741305.807291,73982574.83945788,165696592.25878066,27271708.48173652,17125284.13276272
54.68163124911517,46.796421723903634,15716221763.750792,7343978328.696045,73098470.45278135,144924522.90886062,26793710.99804427,18088712.477115765
51.3100870662172,52.54012993281476,15707285851.835806,7317291547.545446,74609515.9895932,164625880.4902684,26258045.026281275,16615604.167548357
51.5655982298007,59.03466965475327,15719933711.982342,7320187905.317187,72190637.6707789,164047146.58888087,27259253.877402723,17812112.571525976
54.567605540492366,45.97976676648274,15709077123.201048,7335814899.715204,71566462.71212737,153158611.82086086,25500961.57861759,18377010.584844194
57.53682753408089,51.40315816685159,15687553127.29322,7331244840.383942,79160583.06415308,154431914.18910187,26349383.390374064,17455803.569386292
60.26792313116625,53.42162880522432,15711341024.358746,7339431209.333729,68342266.16057846,153150291.28351635,25299305.80778168,18285915.61906728
51.68410524659828,51.86923460496855,15726545870.689,7329109537.276942,75219753.78962624,115268938.54470362,26132391.51026021,18492828.74983167
63.163442844797615,51.16061584245278,15709809864.396795,7322488455.458505,71153772.60990055,148517774.81043398,27183341.126585085,16408373.56220272
54.34438199478716,47.602350909662526,15722399100.745571,7327605024.6770115,71907274.26988536,129324749.49503917,27080142.13676385,17885193.569997624
96.65419502833473,52.19836022882049,15694054796.023483,7317335049.026794,71974871.16236922,149444709.44243234,27172525.470163345,16611624.035869967
51.96394160426089,49.22970806895222,15710005125.017056,7320501333.796477,70465910.19603734,128982856.850958,26825185.9758654,17903628.984939124
43.578798698635296,44.93023488506434,15700710202.691517,7336924771.623739,74768736.43277802,128365240.6780487,25222327.73344805,17957125.57053415
60.12022698180525,55.0837766615412,15722190366.530836,7336170817.64408,77341383.88093957,172009316.2624135,26407030.57773383,16797921.125006407
59.38421948546217,54.37515745952613,15711057584.033775,7332208677.507183,74474434.73237956,163700347.15026233,26168371.043767665,18866620.15948788
54.29336221440894,51.65498293055324,15721414709.034668,7315922552.398484,73337817.64814386,146959358.54562396,26188473.79217237,18099270.42168445
56.03495358612436,52.18722406461711,15727698601.273632,7326603684.003734,69934700.35682116,149967667.0628997,27176658.06557817,17567614.79160786
58.2796960885205,54.72295403814668,15721552719.072151,7319832109.872349,74653962.38309383,143239345.87660706,26035980.509683087,18656860.86886705
47.88727071556729,52.17301897033425,15715047553.049725,7338674004.709696,79806544.44510308,156109851.57535893,26239118.21350011,17124829.541009855
53.05473661326853,54.212052664283945,15695153105.663956,7324890683.862202,71859612.270531,136616896.98884925,25078882.176740885,17392415.19452293
59.67132339810914,50.60755339737845,15710821314.06253,7320966864.470365,71883643.56083514,162875912.12702692,26488301.303404707,16889442.448351476
49.42855288415376,55.43595121572184,15702540205.78433,7329744032.877028,71311289.9504577,143348195.72766834,25867691.60627095,18822818.601128988
100.0,52.46235717779805,15705556370.600609,7324498369.96928,71545513.64674954,140774195.22553307,27280465.800533406,18132220.5487862
48.917090976882974,52.08215583081762,15705123633.8087,7341219629.853752,64457519.604146674,147765735.78076658,25980141.521237053,18288157.704629503
58.03214991216763,47.68981673386391,15695641027.452929,7323787022.236406,74379283.39467378,138169538.89697087,26813462.74724724,18120618.782656305
55.52179258851258,52.36086756290513,15680286973.22114,7318571061.458606,70450742.64448297,152700937.0045696,26620247.963415407,18251091.267140817
47.624340920472456,49.00413524751664,15700635121.558355,7312645025.495831,68048682.64956824,139105355.59242082,28054756.91715735,18018401.143130023
61.52369677228586,49.58515182041452,15714264649.956844,7329387232.428471,75509793.10145646,155012807.21645305,27132244.37758734,18111158.88723489
52.02704211600976,49.05387311505164,15689990822.223154,7325216355.401661,69729383.87040766,166862773.18402308,25291713.718548343,18035425.466707945
51.6487378149281,48.30129520430233,15711562678.513887,7318388782.13159,72084715.1278351,136366100.56529894,25747558.25758092,17697696.061701834
56.70284598615472,57.87431420905089,15741389297.104113,7339084873.04392,77798189.95615591,145711097.7747363,26792802.327103943,17965385.861288246
61.44318674714358,55.49401718596521,15727589580.138538,7334984556.890429,68718291.64664648,155117828.57309002,26017143.19679561,18118751.906098016
50.62089090510802,57.26110250643279,15737465882.674286,7329506780.577606,68335091.18573268,140978926.64419413,24407208.57168344,18042952.61213944
56.00839924923986,47.83131494133331,15717706610.291843,7340548626.222612,74046855.39615436,155274384.4778861,27826353.90739941,17290192.02602795
57.84408250165287,51.71376124973268,15730058411.596106,7335017269.384517,76845807.96918485,156771707.95272356,27331605.42138908,17354348.335077286
59.16552803631572,47.619477124387714,15700140215.022083,7323268850.980467,68223568.75478968,165193889.15426472,27177062.172242228,18509877.101827245
56.58220777638613,49.41291536840881,15701445819.365032,7321568968.099553,74517423.84524752,138463187.8690933,26285580.824941564,17850418.232968677
53.864860804583394,48.74561904975028,15668244900.928598,7336320667.555242,75078324.5398384,133162346.93754238,27109549.51779638,18276373.73772381
51.5620488967564,55.21875201932468,15730601046.127792,7332997137.634351,66704338.30379319,143289861.05372775,26213925.90256862,17479200.07500825
56.13071941523188,50.31131096569472,15736290804.039335,7331218630.016527,75791869.25186914,132846605.32459658,26938947.125022955,17298737.3606026
50.33930494007197,54.70513800108205,15703069537.79898,7323160326.467193,76051838.69789813,157249711.4443552,26047324.33546,17600090.41582237
41.09324758252697,53.31236266876555,15707874684.35122,7334746206.895531,72282130.30589932,129840726.8141933,27988395.46241731,17897755.691720806
92.53115412241291,58.410916256314366,15699963571.15004,7323916212.890254,77271702.81755686,185515811.3785828,26140135.983969502,17687814.993061766
60.21967420543098,47.06166733058083,15718110727.075035,7329137660.296162,76914979.45979896,169068320.83486986,27769702.070205376,18625356.83069222
43.88533782229081,55.2776997193604,15729996480.772133,7341502128.846704,73632971.94718646,148674647.767429,26822203.91492981,18094334.04279521
50.65134647645032,54.939322611202186,15684317843.016598,7324719830.969414,71874121.20486346,162359132.1633177,26403838.07121476,18894703.12898185
58.795771305026,48.5798634859189,15718699694.94905,7317457529.728559,70218965.3668752,122450832.24559976,26930456.3315132,18205116.624169394
65.9874773485585,54.52140000941948,15707796607.805643,7321625394.672917,73214254.1510844,188922462.1024509,27385766.38373178,16857132.903134618
55.80396853837704,52.508434889078686,15714077098.383629,7337994431.625234,75165181.50737455,139242560.49703616,27895218.642618824,18520752.34613623
52.05998529385433,50.817571220139776,15719654370.086773,7332106559.443355,72317514.39839202,146797436.35174924,27056545.84699526,17291854.086701162
54.7855177944758,49.028193539084,15709353816.979635,7329058964.9704895,66332228.78316151,119079257.404985,26096631.13179018,18128142.160261445
92.62797908023222,49.342671645652445,15710756630.476973,7326034688.088481,77436653.89043418,156609649.74890172,27374647.63706901,17646905.247104056
52.47017910437732,57.64943628735778,15709038775.815777,7334017716.859501,73993707.20279104,131150556.60362472,28270439.38256656,19050272.92316349
51.70403996674874,51.50204845687245,15728069224.714666,7323344408.619313,72177155.86365408,150553731.85790345,27898351.985538367,18714288.64330115
53.28628238908984,53.846390004594376,15719281965.760445,7332621421.860514,76153996.11006191,140244028.0958904,27550016.309455737,17666521.907213114
50.93335695870644,49.12730185499734,15716155421.780684,7324321666.085276,78308321.89470965,131726399.84436798,27462726.833648216,17963663.282799684
56.31335157997398,49.160441161335086,15692253571.35926,7323001779.136241,64424492.03880489,136156144.2816924,27388846.42275705,18144333.349957
63.823392292347805,54.74595442774983,15706631279.526566,7325107772.461181,74829955.37084953,152752603.7077543,27761247.50952868,18444237.92389985
57.31539636558015,47.451271365345406,15727215656.098251,7327231708.130269,68856128.13803393,128567815.1562693,26466058.45627959,18043548.88250559
54.438232489368566,50.254358696284186,15713421593.861565,7329877147.9699135,75060369.61087899,137175810.21323064,25746021.260084007,17536269.232068855
54.240943655422285,51.6020822332167,15723483512.660383,7332185403.150644,73876157.59164615,159952891.4383581,26894735.818093333,17685905.177266374
47.88404595651672,51.83411780552016,15741373561.10328,7300600201.577544,75522542.86819145,191250140.7842252,26183626.03185057,18031819.947811097
60.1155488857358,50.96272014495153,15729707385.835646,7323820320.504561,71874657.69086923,157072921.77119443,25994841.27116599,18632469.394930605
55.31081401493599,52.68745934328777,15714517699.987097,7327191972.132624,67451159.39927141,134628759.71168035,26267283.32798184,18244016.74071339
54.79760043204688,53.57856726745344,15704817690.79304,7342515834.651569,72050443.47862348,143548967.29503292,28856836.337098684,17663998.49253301
71.6655378392243,53.70391263637799,15671875230.023697,7321668962.937314,74828349.8615015,150034352.44936413,26964108.642016243,18354122.6108004
57.19376454182844,48.54258857399652,15710443955.65284,7331725380.674248,76805980.00627832,143927482.797727,27149609.53177968,17853875.750111867
51.94104474952408,50.647534706213605,15707943433.942642,7342517304.0542145,69744529.57427186,164226640.5561362,25871907.670537066,18474922.923316136
53.56821201897229,55.084288585630816,15719581181.025316,7319828068.592727,76867799.5413611,153192910.95517015,25371591.85633676,19271096.857056703
61.44222854598378,54.183941562721614,15710823330.37528,7333659213.453372,71456421.52612457,164422320.11169082,26203164.88539533,17871704.031632718
56.26635205268882,47.381421645556806,15708174818.037125,7323991582.14513,74738569.61636627,144680200.5971784,28034126.424019087,18437066.107627016
48.508610108413166,52.55443970105661,15684570999.336475,7326419927.518745,71921155.80480962,171310548.56168157,27143118.26525502,17686501.222630054
60.29614467287602,45.565324251875566,15698218777.811186,7324016755.136639,74175193.51629806,147173793.82295334,27360648.6191614,17995858.450884715
52.35927957230504,51.64080470618111,15721251102.392193,7324610961.942205,76489266.80181511,134161778.4238904,27477534.340812474,18066379.877478026
95.1864527182572,57.193301050237935,15741431395.929594,7352671910.641001,69618890.27696684,185333872.98812568,26913193.30467829,17959123.320826378
61.10024032857324,48.656321848193045,15712030268.514132,7337451187.960583,71404537.8355728,120368301.61188184,28011910.03697836,19255705.173277825
53.463390521706245,48.99703086352525,15718995264.056314,7339567112.816322,74225730.33403647,138062298.3265419,26372715.421832368,17906929.898171887
62.10508180867557,53.792089344718576,15729211875.613625,7334632351.015415,81448985.23299277,139922446.85071948,28034158.02426009,18344428.23608089
56.03927755263702,46.87159545437106,15700563702.71866,7317575053.742408,70833686.29718481,191009416.12536085,27253221.95509417,17116831.573022436
59.9638683756111,49.60173491034488,15719790456.76512,7333886916.668283,80300988.20057796,179657921.22274667,25439010.72186637,18272102.72051873
58.12366408647237,53.28932341274526,15701795067.266788,7339434360.358234,80198651.96998106,174625218.74136782,26289560.26842056,18620950.69566025
51.46821672504564,49.59714245693179,15728020342.59179,7323750511.289211,73356803.02641141,144931147.21664202,25446570.6264428,17805832.62027607
52.482250838412696,50.792090038367085,15716435953.742573,7338607049.604034,72711062.15448353,189969415.0226977,27854426.220360074,16836481.239746615
60.84980408790581,53.7325571309451,15718888774.122316,7336500889.153459,71433947.06116112,156439378.22272307,26887991.52891484,18048050.498451494
54.0261233394673,52.764638250609686,15701277394.91818,7345901151.166128,73481346.13087285,166442673.470753,25090632.22656103,18076909.523458987
53.68175768379002,52.30045518888621,15725675035.079636,7327374607.872702,69114259.45553024,153462209.4810865,27221361.07580582,18425144.81239008
50.92438710325324,50.482633162189885,15748270959.39134,7321831526.164985,73474777.93532701,149764916.8931516,26477787.63336636,19058437.20978092
57.81799532796731,52.61018334580687,15697715541.54584,7327870057.924786,78635018.0165877,146502573.10782516,25705692.907655224,17886341.65219019
66.01262459621573,51.12880195970073,15708699803.454733,7342607310.43401,71742317.33532627,147240286.90779412,28297442.02047736,17653706.016033337
50.36233542872864,52.87341682977736,15718111102.501616,7315886197.8065,72965137.73152389,160697368.1218337,27014108.767266147,17502212.517065663
55.82109728336379,50.00920392464607,15727262117.876732,7313929303.133466,68184491.24440345,156796266.69991636,26688574.250103083,18174940.67957955
62.76110277707715,50.95229307686137,15705232901.4584,7331643472.263634,75001903.77324608,150307744.81495756,26604459.96720097,18314972.10161635
55.30179304377143,48.53012662234396,15667946698.635857,7327296325.906324,74652789.85338031,175660573.9601152,25692785.55582147,17811696.15273699
57.96185898124868,51.394977169981296,15736846539.389114,7331013468.642438,74003557.95419033,102180437.0805898,25866501.07899165,18465798.725368243
50.38803235926561,49.06699740911347,15727067776.605965,7338740446.759559,73091304.6588696,159356736.35582444,27997389.59716732,18313013.42668722
57.84153548603825,48.15786064951402,15685943569.123495,7326445101.128173,72851058.44723862,162830991.7245402,26554419.33960125,18106320.838839754
54.76427867497726,52.27598344356616,15704664473.68731,7315595146.011441,75476487.56934261,169953198.8114801,26965349.71787104,17640873.61089655
60.62864997839932,52.13821932757298,15740543020.614317,7347866289.623542,73739310.11436707,150055757.36585113,25266681.85284841,17849896.841718998
61.63693025782376,53.84862120484572,15738624740.976185,7322832822.911505,74882379.28864637,154600712.71048763,25867080.1625045,16888214.98082575
68.64781821009308,50.2066232912747,15730293229.973976,7322338222.92901,74563245.3319651,167482478.84085977,27458978.42263673,18207629.86065877
58.59816586606788,52.72415854051027,15711959200.839664,7340195674.113212,77571542.04741602,175878435.67062297,27270800.202093914,18105524.93792998
57.32898158291084,53.15239271682099,15716285178.284595,7327936026.305802,76109666.50953242,146362340.88469854,28409599.22654692,18187339.64428662
56.67192150788668,52.83432142349479,15712802161.699316,7330606383.822192,74521447.52976823,155784629.9372673,28074469.9299274,18345426.5041138
53.93416853594656,49.02303895159358,15733664859.617434,7335140244.375359,78914135.2333361,179171017.63068497,26777505.38124129,18288314.87512174
57.39241921730846,51.948090446813566,15700578622.596573,7340131216.26272,75294480.2941191,116342782.1649638,27362320.598017875,18043713.86576344
54.22299294930485,52.59242088816399,15701779071.711666,7328430596.763921,78233658.49989629,140104481.47306862,26712198.650997706,18124149.683430307
56.54230488134807,51.52153540072383,15731895203.158005,7343795186.608971,75934425.91897655,175848433.80566508,28678570.529832803,17403821.604185343
62.2879876780398,45.24056702488674,15714479986.682173,7313534882.253232,67830112.17242086,169727541.90288958,27932146.67567941,17812818.467027787
50.6672871736018,51.98146887192044,15738120044.753424,7337548620.194341,78271064.0751669,160336331.5971646,27123856.94032108,18129590.302102152
61.39939280564523,58.13759311819173,15704174668.486193,7324306102.906243,74402746.76877499,144281967.8751197,27152415.474054933,17739751.67526842
62.28557533669933,50.41988219372905,15714455735.218376,7342679835.927846,73791742.16060942,137136002.91684204,28188413.73842564,18535841.096344527
55.10965736504461,49.31576870643404,15700093776.32174,7332489663.396687,74908871.21036038,142004098.56438416,27473527.40202805,17780789.634060107
45.09072550495703,52.62004567913419,15715587423.76526,7325738140.691002,72837507.96965471,177602086.63000667,28290407.882185243,18218335.878048413
52.66089006452784,52.43713463139972,15690926820.43771,7336861507.688475,74749329.98965363,141473188.0793466,25174169.749315742,18170140.60618517
62.18497273280555,55.07820549624924,15707450835.875307,7338801311.048764,72034468.45121019,153661868.1249479,27384929.913567,18486027.77473032
55.5856596885056,47.72639553227334,15691701429.148949,7336733752.572798,78257558.62158546,139474957.71305192,26575088.475152746,18564931.191427138
50.70348883852545,53.69414075772498,15727225817.064966,7322832614.323856,73645756.40541466,166114805.3414498,28470250.86369412,18463363.498961776
53.17612539385892,53.27126618375439,15727660600.293793,7327395701.27461,72758697.4683634,143143622.90662482,28299111.30577272,17064772.298688296
59.903100132522766,51.07356038917836,15686904273.65552,7331416016.538407,70958679.4787605,150546323.91222435,27040573.06479049,18717037.73326577
58.4336678410069,52.51606195376507,15738077609.092403,7331125672.198635,74951405.58417816,124128542.19951524,28297672.051817805,18885709.22785424
54.50533950415153,54.58837244479507,15757571888.611212,7337750358.719911,74689169.71441782,125330940.45537752,28508088.624193743,17880941.733554944
53.865877940926566,54.11694614008535,15716683822.722364,7314675484.202407,75372347.05891022,152452409.0604024,27084354.774394296,18242617.0973229
53.74120925478089,48.070942063778816,15705245625.569044,7334324958.176067,70649101.68818285,130217562.3650934,29091724.63375303,17678644.829246398
51.08794907750749,53.960474560266455,15763266106.78748,7329124289.970138,68736679.70877647,187642289.47606623,27001971.125791777,17149094.827471133
63.776878447347215,51.30593418490245,15693985523.338415,7324551733.840866,76198711.68079196,117964293.10324094,26851633.96456885,17757503.193644613
54.0883976539433,51.71862229404655,15716451839.320057,7325371657.236179,79087782.2372863,139121253.74737626,27759356.292939387,17858566.132669535
61.78579260412749,51.71959097300508,15719175525.28931,7329812158.37134,70683894.65774907,152854096.53540415,26740711.36730274,17953067.052276306
63.30658025961226,51.04927103360522,15738773181.594988,7301434885.399107,79465218.06506594,146500910.6331647,27111745.40200402,17650556.321317986
60.69155449073981,55.0751224913212,15722301476.002628,7325766164.501059,75097037.5131193,134146629.23717944,28225703.481778715,17765279.7710242
53.54189843640976,51.24884612045236,15707942992.889711,7324317518.547094,74130514.76651831,136640581.57487446,27062322.2264364,18130442.115795773
57.71865045168305,48.141361614850496,15700385158.577482,7336165362.95831,72828468.37960619,136131201.49801278,25625373.05390074,17749291.60051249
55.579021968045424,50.31941043209081,15710669031.201662,7324939532.2335,69519482.41869316,148004398.31007475,27360919.94548725,18413085.320904978
51.18149069634936,52.03608415043143,15699528537.788902,7329920876.940566,77506950.72757035,185705637.28568304,26469605.100016937,18484451.96469515
57.321796408608016,55.18764435289116,15717319956.131975,7344728241.82177,71583540.98740102,154235874.70107466,27786313.67886336,19343843.77303845
49.80480104420099,53.3092840548465,15707063992.33115,7340142423.796845,71577843.11611576,172894234.24128592,27647379.7407257,18712179.50170877
95.44346627090974,48.94839416375887,15691440519.183067,7339391620.544523,77557023.66431904,161566741.4272042,28753558.038964387,18267874.59598501
53.37691351350804,58.95556975003667,15737826813.992,7327596059.411636,67874811.81782293,171853910.02998024,27832237.729568243,17832756.318745486
56.7057982793642,52.29432593293394,15708319320.529753,7336410461.275808,69093612.9868056,105888792.2152462,27989809.05326558,18296651.53468221
57.11643935773071,55.32617221399705,15695358906.732018,7329875886.564172,74183010.79391672,148034938.60301787,26508470.33444377,18314874.194101643
54.40547513147962,51.04485669926832,15713973159.218506,7330213976.835834,75244946.8011784,175301707.29701555,27755154.59577953,17890890.257800832
58.63346900737638,53.10007773411635,15718020535.464851,7335351825.154658,75902635.11013496,143611854.59553626,28742529.339509446,18549837.81815371
53.32548171688738,54.018405513555216,15687382303.670458,7326862403.209901,73253549.49533388,183127611.2179452,26499934.502247613,17444730.877151884
60.05648648728622,55.154584135262766,15722576534.527767,7344560790.26359,82847002.95868348,178481611.4017505,28607766.594801124,18031428.64348116
48.97010159876626,54.67210491613467,15699286678.362074,7330594482.368303,73522587.79601888,145481806.97596207,26623163.14779808,18439306.51148732
56.33189789773206,54.11659100021893,15746049884.027693,7337207497.99622,73522328.51667598,144950599.9873547,26369568.35544268,18012335.736193698
65.39464499529143,50.55473980641767,15725996186.6797,7344326198.061706,71612447.19272095,136343570.97209173,27345217.875743225,18054851.38585621
50.69834337697213,49.78476187413182,15710382752.167746,7340758408.008397,74744523.92163947,142896271.82759,27704280.03287723,18091380.553825367
52.31127514737575,52.49782253097259,15704569558.937714,7320075305.413671,76421410.42156675,132707153.5810535,27873807.980190467,17737581.408365868
58.26953924829458,54.29938421702321,15715482704.32557,7335827150.148634,78431583.07319564,160955403.84375244,26286651.70476356,18762471.134543903
56.59790890969799,50.83183789767018,15727726370.6995,7339296845.255943,69293644.06943214,128985960.0780441,27475329.81261752,17647092.19862094
57.4531504963678,54.69551589714316,15716931655.81405,7339670819.688366,73527847.84959061,164037651.27523378,26526466.614239026,18329747.25697904
58.14593565073832,55.85785023645854,15713721184.6906,7322641411.435855,75893917.68397272,164507808.63427323,25845859.621211976,18380070.522493497
58.87360734280885,48.75103724277974,15718458518.34972,7326538614.132982,76382575.8477598,125600491.02376965,26324833.3954816,17686119.6572427
89.47530315054632,48.98923788861116,15707231338.401035,7340618647.37734,74416536.72848226,180317600.8657716,26943817.874459703,18209334.96356312
57.74909328464257,51.07887482328399,15711716827.006594,7325679785.641784,76252812.8881654,162726092.37683538,27565587.076620337,17708482.03329291
54.49371172690729,52.42283800456759,15682052294.91667,7329635075.116937,71655665.12512302,166806541.265635,28106450.14776604,18886504.225991115
59.06286850601366,49.92629895869885,15734276825.49834,7345652204.655052,79739805.33507024,141131361.66168028,25870542.7447164,17593656.892855573
65.19940967447609,55.55660803660143,15722815534.110092,7331822017.397965,77823064.34357178,164748201.55233613,27430586.77683657,17843125.29804381
55.036831268087134,52.77220058455536,15704554430.183908,7326043332.862899,69849958.67938536,173412990.1212529,26128287.749351647,17552193.1057186
50.82735347664679,51.618341144722216,15750264436.831362,7324770743.685606,70779529.78153694,152538972.46101004,27673741.482002463,17484893.862735007
97.64508928087322,47.19227142839442,15719353037.81471,7335134734.267953,70883759.61463438,188507064.05314696,27169514.66557352,18998779.44422261
55.09809418023201,47.55255255071748,15700186639.483503,7320904902.787477,76794245.24040791,155078135.90336037,26242776.025081083,18462592.24011932
44.83665226992982,52.34302775084542,15732632400.655577,7330212788.149047,70085324.12778659,173904442.90374637,27829700.82513753,18257540.7034398
59.93710838575211,45.10221312153549,15724833621.948805,7335204103.532189,73360142.63100311,159443430.86834076,26645488.78843628,17849571.09853602
53.02335907023039,54.53791222893221,15724828156.9512,7343503697.962093,76062958.6709167,164510029.07316673,26880406.89369074,18655179.99324025
55.2473335884792,51.02553846688304,15710813347.380226,7338114208.789173,74287282.84450573,125860841.61006366,25250547.357420407,17765923.554945447
57.35990165284508,61.2292789087842,15725895562.620031,7326283305.287713,75412733.95392601,160941472.14777565,27969329.06810134,18600051.508721136
56.65249839889533,58.42374875184833,15713720666.156904,7342546713.841285,70874265.48922837,142004667.51141274,27864937.96542368,17743555.441420436
59.2472590856952,50.95565279225745,15727816130.139277,7329877149.827467,76588151.62699294,140133067.10673934,27167876.288237646,17862306.73045328
53.52256814715079,51.18098899240606,15685569060.835558,7321849116.525485,72446009.51366752,184705323.74097016,25853232.180904724,18587032.22652101
58.26552899088042,54.486744542006086,15710902432.436758,7331010428.310317,73447540.32007109,151097341.7333276,28209245.49336789,18643220.909584377
54.40226661208042,56.60951782975411,15748053345.233278,7344885429.975859,75392504.60745241,137557365.4889117,26598868.35603654,18507461.2757709
59.39405240443752,46.58591282769195,15705256154.418009,7333952700.831059,74939233.39495224,148689943.36396518,26784850.6794634,17658224.35180004
58.77683742006527,46.14087360393594,15708110922.134192,7332657859.861201,74676867.14552774,132517432.55567545,29170013.95455374,17971072.88310787
51.02280648977703,49.63389558333686,15710842202.525122,7346682748.377338,72016070.71782415,179694358.2317037,26574653.385177843,18284634.02894787
61.12991058087516,53.24821274952159,15697659650.15592,7320244548.444156,73580786.53136279,143023697.1631276,27824344.092592858,17765483.102211528
53.02018277442976,52.99062077152279,15680550129.8023,7321515263.645724,74631769.75556944,164209906.85986772,27672273.6221773,18916370.51719495
59.74028899140573,54.70931436495155,15714732828.897495,7318677149.723202,69884687.60464089,178544152.9544123,27527101.688551955,16963537.288339224
57.5364365670067,47.90090741490408,15721112706.848131,7335869664.331187,73045718.06842096,146531551.6686095,27436836.4687671,17805787.43523263
64.89091838397562,44.55156841109337,15717907243.364967,7334109317.08391,75994829.02169558,164422857.85399646,27521575.91175321,17946673.854961418
54.582670088140745,54.07404258590643,15716358656.878302,7346034653.57697,70244301.35069512,137453701.25015336,27434416.611163568,16736479.237983452
53.95341601940901,49.0154111811043,15719660093.47442,7334817260.792619,78678317.67781925,197660461.24135783,27157252.66047932,17488924.212668344
95.12611711099169,45.44453640683409,15736680670.28726,7329229982.998909,79082172.34164585,171592293.9315599,29054789.363997787,18540386.430716857
54.18410108582862,51.93519123787814,15715714623.597849,7332765536.573489,70378540.10372233,152086320.41627523,26070767.624067426,18232730.462643884
59.69970950971025,53.87952706465603,15709110464.113306,7333790507.318056,79412456.88741788,142073253.10638535,28096792.17618133,19036831.35866672
47.61844695781706,51.13382860363617,15714237528.837193,7318287454.953878,74216003.8871689,153546349.8082325,27927569.94411145,19024276.36508305
50.43158790426824,50.126454841452535,15729222515.749378,7356335662.672827,76177314.5493933,149672072.57997763,27823398.43731392,18447016.55397693
50.36098539210404,51.02191330356228,15743741962.880297,7337345063.792215,73008866.24490647,189546836.90297145,28190284.632905453,18386214.451554272
60.45153795986788,50.38825171279765,15708347917.81324,7334674956.196716,77952735.81944023,134374396.527905,27142719.125511765,18258862.48001304
64.25306686290963,47.4558586641795,15721035514.556433,7338218834.843302,76166626.99755567,158068386.75101662,25601115.04106853,16840829.71127227
55.17775390731264,49.35595796902871,15725252475.489683,7339061859.531103,71930978.66704035,155455107.64057344,27166293.3860484,17499525.934043787
54.85589138404995,53.063839715041446,15702134272.902851,7331686465.908701,70716998.63612087,153780076.67099583,26369353.433557823,18281568.81526857
56.05026081556591,52.4650356241295,15719820723.052849,7327431873.703343,69696538.31573106,153982087.87097406,26597738.628213625,18552421.03539153
61.50939151304095,52.00417941790046,15693968360.666529,7338174196.731294,75449397.03264458,153901075.77959996,26155419.254255053,18383454.34476704
51.063234329047134,48.51455455443986,15688712818.702784,7336333382.529434,76801012.28428772,171200462.19683182,26824943.283436976,17766548.32889117
56.89184491367393,50.955490513593,15726014780.81772,7325923692.885445,77086102.21894026,166650968.59129298,26723633.82699944,18725718.18887278
60.57598814891215,44.96880486067143,15712962603.016363,7345398164.887237,74412242.01763104,163388386.73456886,25171569.53847364,19012990.18226168
58.20547084969923,52.035429991656166,15723248894.721142,7335592414.037281,70791686.38390872,103120395.84332216,27861831.83950508,18729586.349512693
56.64790808299372,55.786573123440704,15719452251.801891,7339428605.226219,72459698.50610885,161414604.4003721,29193749.303896267,18758431.88843724
60.70523046283571,47.07760360387368,15702737819.14887,7345242332.162761,78885147.53908882,127267057.59062526,27786342.425712503,17947560.2238129
42.183838535003815,49.742216980046734,15719073105.715624,7333281511.185192,73168032.02389972,167584792.85487694,27081629.53803255,18807351.41441792
59.08937659765454,52.48732033613039,15698323452.149187,7335884898.821146,75376480.54264653,182142638.9061597,27214257.530585475,18320553.013238817
52.42962158436288,55.25852790328245,15744334891.712185,7340225822.609314,71115152.70555359,140146480.7474486,26896404.37962045,18514359.585791167
46.54683551571772,50.15532615109955,15696244895.854605,7326796576.6004925,76074292.15737937,151835173.93733233,27347109.44825939,18439166.606141515
58.25601299762491,49.42324901220231,15716630982.347212,7333644017.083159,73298674.5576298,145961490.93337044,27238731.901497774,18184559.485117257
62.56829272581479,45.59323057275175,15701823189.62977,7334291672.847864,78588193.62535293,178206017.66453186,26536168.002325498,17797194.69684811
55.01275742686154,51.81031438792432,15730181651.804216,7324815789.91622,77640966.66419832,158242879.66537762,28754764.0054962,18208216.40563973
60.464372736014695,57.62622812043124,15714391806.806583,7353590423.1885,73192321.30373581,186990937.21655047,25973723.003928967,18773108.0485752
63.761391289943234,52.33207538589403,15711146895.06906,7320879874.631701,74498881.27984563,163947988.88781506,27914601.426467743,18021651.66027797
62.27457226792024,51.43316306244886,15735322871.177456,7321853160.167071,73015405.06753707,160988888.67738408,27197184.68677423,18727405.35047832
63.89982264685697,52.46624693230096,15720883034.413525,7344855177.866192,69967827.14816156,157974629.37380993,28961919.99725785,18646659.31408613
59.41063745535946,51.46672398815419,15729513164.692932,7339590293.338263,71954319.7631347,171229030.8679217,27592319.27963806,18101057.373154424
56.07716819450797,49.06095688321961,15703174092.998562,7324291233.957994,75682749.86288817,126256159.18691704,26978111.22174156,18994605.734773308
47.69017094051416,53.96983974703311,15695748133.27856,7338703236.668121,76141096.99075751,158428803.9358266,27079834.10458,18073937.36560724
54.46968755935026,52.177284569335264,15722456204.450388,7346316424.924876,75528309.00387484,155738570.73263872,27336385.70456643,19062338.199694604
51.48376702341904,51.552839755800974,15714987417.825518,7333122912.516706,73949114.31952602,169827832.2993346,26295675.211665675,18494856.236725945
66.55471358748908,48.57390191816525,15731727892.315536,7356357590.207659,78319823.25140652,153759379.6402645,26630042.209320884,18258080.236403327
54.82057093783832,55.41052379580428,15719303073.641453,7318197897.900981,75258789.09071836,138769752.54834563,25733190.003219,17797362.48828301
56.31602403392243,53.49410823599933,15724390787.997667,7339583383.332114,77530937.53614727,157304149.9325803,26497276.4218373,18222672.773936376
58.45742688020234,49.84123748789809,15692097419.04534,7343787927.133875,68778615.5822675,138068741.044319,27399248.28302867,18162850.826188512
55.91801223186227,54.50547456104581,15754290389.831173,7341378377.529206,61178935.10927106,123197048.8372015,27584842.9186168,17604330.619431768
64.17525520215376,50.007287484844376,15718006330.445084,7331700414.040553,76079409.19460247,170201529.14710808,25569491.55508069,18158366.925910104
52.58675319132775,49.15398952246689,15733326297.11441,7330956672.469381,70034862.52321105,167635161.06814957,27203618.43110284,17848184.22946039
56.67303727618621,49.22089064755914,15706191150.687006,7337487330.941689,74340878.26217951,165705712.43700606,27827650.92140382,18588675.021919813
51.98764707150976,46.18679434073573,15726529151.665337,7340805726.296604,74032391.6984447,180588140.2053187,27186684.88447528,18973688.46918255
49.09988744389648,52.91462714125462,15697989561.447435,7338936935.747006,80749504.13857515,145719873.94710532,26771700.576872203,17626653.402372785
52.641154545473576,46.00656536498495,15729193780.807491,7342845698.070246,76545019.75605568,132157602.82438251,26971188.903197184,19193803.557673898
55.51481601475794,47.81466850620272,15714889396.520464,7324577324.431462,75723694.98124248,156379760.86612105,26859719.75910274,18214455.443569288
53.553488877413706,45.2732359727644,15721784063.159975,7331625099.995591,78120572.54587734,151495634.67122892,26777134.53295294,17764409.593273796
98.01875239829816,51.24179092162732,15733732013.996014,7325308542.283759,76465346.4139733,142739749.1986605,28015613.253404714,18690399.72619711
48.66841268164083,51.04903861918439,15699425838.46028,7330253580.292833,73534901.90496118,156352875.06791723,29403030.52268455,18049079.308611803
55.28447213685653,50.51991136044091,15709224258.277786,7342750526.041606,78990829.26356675,146931502.34609634,26689923.22399593,18245314.09399637
94.55205973438495,48.37226691598827,15729614574.688969,7334692120.733662,71229082.54420619,125156575.85058126,27563341.33802425,18074358.850644223
59.500279818448014,47.98329873969008,15758926344.891169,7356990133.43948,76346931.47074468,150058009.60314727,27312099.28704698,17855112.880245466
56.11219876467252,52.893109590639725,15719101667.14964,7335495168.795332,69682502.97452164,137701257.02600318,26748067.8445524,18680969.2117415
48.41224250267535,49.848344204874536,15732166835.704945,7334322734.034174,75942311.5713321,162159108.07825497,28344363.454644658,18141671.598750163
54.15395461475069,52.44907496460844,15719754545.548328,7334758197.470601,75913591.00041291,146357409.2178219,25249987.36163735,17526727.96975036
51.93921797204709,48.84425394162733,15756422984.778296,7328131163.329296,81225882.033883,177989044.4429006,26895686.631266654,18593409.33259216
57.29587255209591,52.04318822831325,15690524732.594662,7333332924.685345,69647885.35705219,186851315.2827494,28104760.480270047,17652811.626910858
62.40225223011573,55.40983411194819,15723507826.489136,7343958047.9025135,73104257.68479505,170378322.763183,27113120.64114637,17682031.26532519
46.32413765177128,53.25849740117835,15692767817.799238,7334910021.479744,78209435.08713543,130510821.34249856,26644537.13182899,18942915.53207282
56.27513039573709,50.26275854535056,15677022359.171688,7326804552.118894,76475338.41241515,185282250.3399236,27776885.67359992,17661192.572154354
54.8993360221668,52.27159691106778,15727295575.99187,7325641225.800511,75930445.30399361,186611100.47069788,28197271.53891585,17060165.24491578
59.05670038225233,50.778004476409365,15724516251.484924,7329913924.041216,71865529.36919068,158761103.8677514,27577022.6766353,18642023.192760788
56.76598314118845,51.52364055408418,15716955081.336905,7334632539.006665,73184375.76704796,182207485.31641945,26672493.337247845,18144946.702253256
51.94015334130591,50.52316684355449,15720208872.083786,7344702423.155899,79783929.2195215,148621621.27206212,27803630.47893869,18192778.71726713
54.10473032166691,51.00699438234383,15777810513.83592,7321972396.000529,75139210.9760359,125056413.01010138,27036147.72835324,18142033.18806292
51.71987071598256,52.13628005922253,15717575648.769575,7331156344.893169,76683274.74794324,144961878.63796997,28069738.413381603,18437879.264125
61.08003569299299,48.51992390125415,15731437092.015276,7335347331.074721,74930014.76971978,189767019.5714848,28736637.73748608,17908469.240917485
55.80655824335972,48.45236351903007,15710632982.895144,7317575800.620173,71097490.31613134,131899662.1742296,25062471.708258167,19112645.197803143
65.20595342876504,47.33437233850637,15727679242.35073,7326587599.453302,78725949.53386998,158765573.0747669,27509148.72587607,17520321.540632926
55.396695930926896,46.69918668648887,15718124467.512247,7327987587.699676,77186875.04908605,159439121.5190572,25849159.58977866,18559351.917480648
52.15796616544769,47.84815192333856,15715067512.94121,7326958290.931607,83693747.16187134,149630394.12370002,29615239.51538212,18667616.614695683
48.131428036935866,51.97838752041239,15755309796.535572,7335879868.24837,71732045.54498014,150927495.55493683,26996173.732782736,17911090.362565227
46.68430161872028,48.821637453524346,15743801472.735846,7332721736.322294,78372075.09969133,160277564.3816211,28094416.66412649,17769440.918215644
47.77932028497256,53.04084339269329,15725083332.985556,7329178526.924026,70679558.28260642,148877159.7280782,27392314.534215607,18875785.83697314
57.03563325505742,51.60414124625768,15681050988.436852,7338074486.517771,75992567.80243516,133391813.54114716,26702002.62361069,17789637.643473744
58.24362511614967,45.59448735968584,15716191619.335829,7349797964.073934,78963326.81287429,163009817.20898825,26597113.0718752,17999113.477719117
47.79404648983934,53.46492675266507,15771635794.364445,7349068862.9113455,67951391.4201951,178580657.8106051,28866641.972483087,18810762.381238166
60.175191570380576,53.93239593677513,15718642386.450487,7316878513.321696,74712786.30819386,174954756.8624404,28300833.97543128,18349840.067441627
53.2846947415828,48.51841197549544,15742833294.05417,7339512487.263708,73425412.7627657,144617978.0402444,29198131.599076696,17356636.988477398
56.43396505992775,52.76057462868498,15749028632.89936,7332697983.108472,72931742.66557507,136664452.4525103,27492400.994985297,19283163.233235925
63.761103141277125,48.930505287772405,15726932682.15531,7335735691.40636,76880242.6517879,154224705.5753554,27706043.17684888,18047372.15152721
60.18419657932766,51.793011130245006,15707752829.81423,7330739548.300937,79557838.37148833,187848250.07259536,27205978.84573348,18117926.3100199
54.35734676047084,47.7065047791351,15678888490.301458,7335436512.873077,75020696.82114862,171185339.15232617,27190804.44177469,18477683.79011601
51.24403887292357,46.120680642396266,15735532618.236252,7335764006.119353,76260147.73204288,172301148.88381535,26508675.60877679,18680340.31596872
44.94092299335348,50.35154843116109,15708369086.988724,7329153102.043272,75939401.3911112,175733992.24442458,27533469.25335931,19409895.617895592
52.1042334037879,51.12881316117549,15726415709.7108,7326286484.828009,75540785.94209921,167269518.44096273,26743157.46854589,17438082.851758953
54.64434880586153,50.30696091915619,15700543322.226265,7330371340.244988,71583382.16927879,161866853.39561486,27864883.21024726,18794960.33474821
50.76410236424408,47.94790832533232,15718490385.138847,7336600572.010234,79586753.46106789,171771552.45002654,27620812.2941625,18751446.39004313
55.04371516453848,50.30030281360659,15723978742.7992,7339940850.709327,76638743.14009815,149833966.90323204,27730978.659744907,18272593.958662733
56.08425941479384,52.3078842577422,15728306145.110815,7342279726.438682,77012390.38658938,134066818.5630193,28997393.81008795,18779073.619478103
54.57572009095961,51.36532090963239,15703152995.74644,7330027912.88986,72645310.91183078,173047194.14885515,27440826.947763547,18861160.178040136
52.44998709588271,52.04750309179764,15745334742.59592,7337137227.230965,73919914.42893124,182488155.6678084,28167944.6631009,17596190.552890606
56.54327335983364,49.4896543986373,15712677695.12649,7343348007.638614,74961694.44675109,139577639.42614597,29352164.63124605,19310958.23201799
57.90970324784705,55.01515374414848,15693055988.346727,7345226037.41819,70014676.86891168,175024257.0540902,28676476.07573173,17501563.666406866
50.24800461278577,47.97147999033566,15721674288.351467,7334072840.0417795,69459530.64437808,190764971.9264684,28540031.93468928,17734559.7411374
62.75466189873136,52.96268089126016,15724343092.895914,7332611772.692677,73439099.06144667,160083151.8938974,27210028.315122023,18214500.176086634
55.207059338578695,55.04567327887988,15726700630.83838,7336396859.497265,77554567.92211337,145221110.06292087,27703081.75278897,19415123.37743178
55.79424811472424,52.942724278246686,15748728457.6634,7324155909.160354,73265055.42763628,162474201.53880435,26290624.33093862,18191845.58725432
59.24107211628279,50.89242731880551,15719538042.287731,7332918456.974025,71935404.976818,150199418.38192716,27955694.67688244,18344954.294362105
56.86608065631752,49.91510886001106,15721724820.677809,7341526672.478022,72690853.13784365,149031861.6866983,27753456.29260547,19150626.777124777
60.46568316956623,54.60826295313877,15703754718.135809,7340610219.705705,74015857.36159557,168310122.11241466,27526608.774643064,18200431.14884601
57.13562082600912,47.23107522421498,15739055801.707935,7332272981.406005,74396985.0423015,131027828.722702,28449612.02342458,17718963.65155942
52.637813126797816,48.58962721886107,15727445284.235191,7336766459.90397,83647364.68669365,133992533.56149256,26403658.48783683,18138923.39365188
57.50751762603051,50.30732670352484,15716407547.204151,7327223817.127833,79584689.70654845,160878177.65486184,29014174.66593961,19124606.90451008
49.98136896339669,55.21296127253599,15689195228.627974,7341268041.920706,79487202.5402985,160164605.22556776,28345007.98352918,18410518.44037797
56.242798528882616,52.63930290812269,15750748908.023165,7334115194.109086,80027596.2583404,166935287.58022362,27455310.689689662,19436971.766565904
91.03629878700892,48.595862724469264,15701700298.253298,7332313990.158913,72072566.48432803,195140832.64032468,27859219.206764005,18781383.31834096
54.6594157136373,50.56907688384529,15713441453.407692,7331543933.327122,71258374.94607693,162646203.12343436,27968110.012421083,18020244.909791715
55.05731244280535,49.65703056771112,15730958595.003798,7334311360.424521,71690949.32715467,171780557.5661602,28928371.13349868,18405680.120064724
46.29075477251181,49.3706330232994,15702386424.534166,7330787270.278401,80687883.58294992,142864628.65533462,27625717.90505416,17907753.63335024
52.9563754612952,54.43666867567034,15696954605.884577,7340991481.361584,73768377.4497569,175019601.7619746,27667840.460722867,18011109.907263488
56.164224505705576,47.38477061220948,15685370702.050829,7331307446.105031,71181733.11226599,151222806.3560102,27554884.17713224,20858471.682392143
56.499281959987,56.32634256720312,15737860239.81158,7349657112.965372,74214718.01358932,162291190.15279537,29184214.23191076,18946989.078950703
50.56162429537021,53.98468907055387,15714556369.7848,7348506550.894616,74933777.58797303,159015932.86747396,27203893.3375406,18861603.7369152
62.02853920432351,54.772585011811096,15778702461.907057,7326781037.588643,76815213.80648032,180142894.376513,27519952.4864746,18041368.7413824
51.369125758927495,50.11118146392423,15706349317.937798,7335673702.92818,76761245.07051028,136928923.04069376,28901670.82671003,19257692.531126343
60.54728600263368,51.05017784276267,15707736641.087034,7329037916.818853,72783276.63592352,118979940.03231406,27689026.010258287,18999002.009634003
57.835971809358426,47.20054455642587,15714360939.979424,7332050127.278321,78389789.3395157,157277819.43084428,28607398.916112084,19434721.32920676
52.46886345078099,49.92601277879959,15729363047.120062,7353612438.075714,73499215.9251244,169942018.2527448,26716253.94736476,19409864.35236114
64.57655446304756,52.980964542929456,15716211592.199083,7332263410.534594,75295697.00151794,164142696.14619684,27372189.77123281,17572647.718319446
49.7318158412176,55.38818918534419,15736305448.603329,7338465677.103337,78428043.15714443,184194612.47690564,28939773.91959565,17778859.17976164
60.29577086805001,48.178529549592646,15706881813.13351,7340165325.788987,73515641.87698227,169528705.65254927,26941559.25334508,17838980.353383765
60.702911590214896,50.403482189044205,15699450345.539684,7325894149.71708,73793076.92136115,151020441.92731822,27430933.79013348,17873466.2141785
52.346898954616776,51.04610233930244,15691758172.58396,7327258973.474854,78109320.46436152,118387646.14070892,27812263.551651847,18579987.240710907
62.66232650032165,47.31263239342255,15683895519.443085,7324018096.393332,72740326.44844216,157169674.93333673,26659252.60730251,18085889.83787305
54.44976742700524,53.2740477252752,15715594514.308348,7327003745.735759,74505114.42433448,180713388.6719273,27195965.304859567,19557630.6470588
57.143468146399286,49.328029004772176,15719672841.795734,7308773204.284443,78009369.93360738,154389942.19804502,27687827.47741602,19466154.566272303
57.001609193856105,50.913828946468925,15713576641.659088,7340331877.415377,83591347.69725895,162250663.70176965,27629578.671903543,18402382.36898212
55.02845629264726,50.14415188426437,15748492403.82768,7354393986.723681,78216336.75771742,169611490.73010477,28779915.37937853,19498558.02861158
59.75404136579891,49.13198448284098,15748268698.200808,7336685455.976735,77733397.19784883,142929598.91521093,29026513.91979141,19239811.562388204
59.66744360276107,51.478865043558336,15719231024.373783,7322144520.919538,77960937.09759724,173478842.39541477,26798172.98416715,18158721.31604358
46.9573401338091,50.85317126429593,15692094305.661234,7329362521.993287,71995525.03882617,192423768.9477318,27701834.62560452,17289035.544224113
62.22170121439076,50.384426353164,15715001672.785854,7331093251.804367,76435176.6417987,158752949.12070692,28229587.42345188,18291598.07912996
47.38754005982163,49.31461513495897,15714428387.003448,7325901005.952485,75903202.99850522,140967138.53282756,29018182.01185775,18054319.917661592
60.86273102170829,52.45857401234887,15713402917.603891,7343435488.016227,77224385.50467113,160831414.83576995,28277539.44739688,18532087.84895664
61.33352568413792,56.46085180547686,15712688644.06422,7342993761.514244,76469273.0679449,120594938.69227242,27881755.660386443,18467962.763478547
97.19704423895158,51.91966169851738,15713558369.10786,7324658064.245743,77462789.99483033,168467542.9710832,28723094.72158286,18454801.09604713
53.64592856022708,54.48835464473338,15718590593.198872,7342245866.360362,74889967.62546678,170677198.11825192,28245824.97568724,18714616.034491297
50.17147665757032,47.329334224539615,15713980437.452148,7349765682.404448,76283429.3509705,193608588.694912,26751775.13671412,17742261.187686056
54.625394848556326,51.97328431788131,15729812770.136383,7353308416.009923,71479697.50581473,158694547.43107843,27802551.270389616,18654882.52379988
54.159828579071295,48.2078950430868,15732711158.361738,7362348368.536084,74886499.1511571,170021035.53010193,28990962.690560617,18178597.56846565
59.5983026613467,47.069225217404295,15708958673.517073,7327102822.837964,81304294.4714697,146292263.8423121,27433998.386118066,18539355.998103406
62.25154373059805,49.28188577762289,15749884820.209372,7362032929.395323,77299125.6569267,155794745.76136005,27752479.504066955,18966741.814989537
62.67841905394978,55.07569800324072,15707738887.840488,7332269299.10773,76035778.10981347,133926963.0625838,27406828.82856936,17741261.12756317
52.88915986710849,54.35004748600894,15695815116.484823,7330052658.028531,83238486.53250632,158919936.70472652,25466787.79312075,18273173.932277568
54.65389063127736,52.2290141661632,15733362260.399525,7338699558.238229,71025657.49145775,156893537.18845654,27659511.881334744,18366239.372818347
47.28280903889525,46.90189832033021,15710914131.2357,7330184428.072866,71977116.933744,168293161.60714945,27926570.622883048,18144746.8614171
51.67064966751906,50.91115804583619,15732352122.73553,7339419003.701374,82590601.48357624,151006804.6185497,27164700.4592674,18943219.886970147
60.52425816548729,52.405100026705206,15681176086.29931,7323281258.435269,76337045.119544,164341082.59833175,26563829.26804836,18031186.965636533
63.77791411774116,52.02660868873579,15752607152.259296,7333464515.777594,75261634.61747779,156553311.15401983,26823977.62457536,18125573.554594688
49.52825564060039,45.96861924955776,15739117617.93932,7347827312.825343,71670426.92034,156635371.51220316,28374288.546783566,18039665.657535262
52.737678704235535,48.82904645594039,15698261082.57926,7335212751.941175,77880256.13924362,164437412.59788388,29515320.07382366,19058888.10192178
55.56797121520537,51.30776670755385,15698704894.986736,7337103816.3110895,78255756.78837948,163737642.23325247,28963440.20713292,18165156.58766461
89.04761579972717,53.10887272855157,15758137268.292238,7340269296.349461,72087988.25965244,177372320.63612336,26920305.368904583,18705141.66854465
51.65198240039177,44.91161653670016,15712758071.02003,7346849323.164466,75695112.49130379,160798862.3763113,28473101.55384932,19564339.946275976
57.82030522232045,51.013628073560426,15710973987.904415,7320212938.840492,74967995.24990721,156521853.46204895,27044494.29842393,18405631.29223953
53.33080326464543,51.929146309636856,15683981992.46246,7341367891.049345,77210801.70487729,159760545.43675315,27123527.892991714,19079357.169170786
93.18537680297246,54.04883596554864,15720188855.696186,7333337409.829862,72025704.58489041,149724184.83287364,27799475.9178415,19398142.35945557
58.4314212400185,53.57857275271231,15722561155.279604,7337464712.110697,80996593.37805973,156471870.3315899,28346421.26761338,19034903.61454292
55.73211134905469,53.247713956426416,15740445030.459911,7345931812.855103,79737877.54200214,201733401.2642148,28589162.067432567,18444454.613445822
53.51807054736716,49.1001784798942,15700494492.13875,7324632978.277644,74909975.68575501,146106307.8476342,27592450.60656932,18819946.36400761
55.15195098037085,45.77599358863008,15698236027.022884,7326365304.361741,75474870.75773713,158149225.5996647,27611454.543635905,17725883.696958438
55.258185203973326,50.3208417288158,15735606288.302666,7317641462.28151,75787464.89474839,156135154.71767205,28130845.7648443,18015265.4775392
53.84994485058937,54.50489547562568,15746192590.849752,7330786703.026788,73364442.58410536,158840287.94796863,28232362.82619922,18116228.159242254
54.40601968666449,55.68036358257329,15697376007.422806,7348622482.624711,74642747.64605275,157293892.7036656,28812249.970007084,19735946.17395513
63.69323585252359,53.63164730689336,15747731378.217106,7334886214.517329,75308826.22504254,168921374.7201624,26481961.181229524,18000544.152937327
58.5045972397062,52.7880224684052,15727977600.15142,7323332198.740236,82466680.33520426,131215066.57558374,27722193.945474025,17993320.737831514
54.2225984098542,52.6389189451579,15748048439.389029,7331458464.32026,79949488.33503899,183420076.2633828,26692098.85509133,17871264.217552155
59.18477202255368,49.83164375971766,15726030869.131165,7321955297.816839,79915919.88787916,175793263.19320175,27660792.83488977,18786578.70430053
54.03090255121995,51.10981911933914,15679466552.788551,7325415090.103045,77780689.1806427,140197201.14893982,27497208.38905944,18550322.980239064
61.56562318793321,56.50720857747899,15724574636.38835,7339827651.836608,72133920.05802558,120716340.26844531,27670729.26933853,19090590.67229136
57.54821096099048,48.67232598262437,15747689592.869314,7324980579.300199,76236316.85597849,145330507.05892915,26957232.64196283,18855208.14336356
55.16348927997886,56.344336372129554,15710548131.796646,7346762262.585535,80099852.05420774,159353820.5744276,26305288.11686653,17685007.319551215
57.93858462905139,50.53391553652382,15720224323.342314,7335512563.229841,71620243.76211064,213178750.6700593,25729236.25580405,18013626.754439075
47.84561923965751,55.47629632728523,15724307951.422318,7337025701.528591,78850772.82460088,174428667.75240964,27602173.312985606,19257180.97826412
50.066162655450974,47.27955497150739,15672421326.310907,7333575697.753859,85292663.5851522,129653455.3901096,27319228.44558829,18361679.07427761
49.730374968004725,53.25771260349395,15759654367.739347,7343622952.379707,80496124.32109682,151015562.96648997,27088343.467777148,19159263.55663351
56.41471547381854,49.28968959215713,15710607794.270763,7343745245.128832,81852995.23957567,163208364.59154874,28998560.50777282,18395263.721128896
64.36257499742547,47.25419842422744,15737524602.760233,7339489753.060761,77298286.02668905,169119545.88709366,26918424.53161048,17928018.86659068
66.85650073096316,52.15560212723284,15726258197.288208,7341706543.906947,80173667.90817979,139199339.27946782,29095972.96548363,18310126.59616368
58.89025550720379,54.52841536578791,15752010732.357592,7334302406.755561,73739161.30831017,161793176.84107858,29297582.61952141,17930212.637272693
58.204222374722285,48.96517568421951,15735782909.62205,7341536155.761085,79539206.94601753,150695753.29751036,25882151.70351596,18162415.26965725
46.69471132923631,47.0029521186248,15723568605.443089,7333136493.688716,79009229.7771846,143348251.11179167,27839597.056262016,18603857.540709764
52.9866310013299,51.22446570699513,15711004241.978256,7336411351.782205,77624591.79656425,169495446.63428497,27371478.61002453,18783903.124417003
51.76108124045881,51.23769401366846,15743451875.438482,7333778896.881071,81567172.43236129,179401676.64316446,24967679.82096086,17577444.02739343
52.59576200874442,53.144958882663495,15692301186.20319,7332047544.300626,74468530.9316931,180746951.27935424,26375499.35893393,18482997.65888152
54.859280907076055,54.34878371409346,15740653234.260893,7329841401.859848,75826679.36680703,175690920.21474773,28506351.726717025,18156947.30575892
53.33954711151437,51.32175445618252,15707224387.217665,7340957470.546526,76920615.31473315,155179668.65903836,29703609.68297646,18122693.59448241
45.80350094812106,57.06650994438279,15752408902.309568,7349071800.763009,72610525.8710167,178493545.42009932,28635759.01699128,18573912.34062065
59.43955128058767,52.17270423360588,15731513620.21455,7347758418.437886,77446104.52808055,170761125.75598335,28083036.989848714,18181760.585769206
50.33628487130097,50.4607204819793,15740845114.81808,7324454391.121564,69976663.49260542,167448552.99033767,27754687.581252523,19297426.76782859
56.89623432055575,46.66529792269152,15730091700.889849,7348945671.339277,80620819.13941088,153161331.26967442,29396068.39243416,19187378.89640924
66.07041334874987,50.7120214390515,15694849320.689487,7333509299.214436,76783692.58654584,155414293.309949,29847794.11228325,19185637.291263346
51.10307704206789,50.490839163766594,15712046019.60464,7342372039.270777,74608794.31997052,166446513.52039766,27219351.92095797,18219175.36210435
43.04856238626836,54.38091438884441,15741615274.642397,7327883130.3523855,73410224.8454392,212066172.23414075,25861200.94242119,17950354.173183616
54.26997889059945,52.88745087220056,15731926513.600525,7337997960.470176,75730164.41984765,170929132.5913611,25768584.3791382,18555407.50217927
61.20479817499286,47.96189263510215,15751534541.374294,7339674275.483127,79298161.44473842,153390475.6766145,29067481.27644205,18422524.50494002
65.49173727110298,52.01676315923312,15736594222.320988,7322350970.781935,78767408.9799695,149167397.60653943,27750800.037423104,18158660.0359056
49.55225202773792,53.51459351518716,15710207709.50944,7342559762.155221,73940855.52350514,155783094.37573528,27976016.443592664,17831735.75537983
58.18349611618261,56.084094078163496,15713543057.500614,7349704986.500679,73406826.78431207,207367726.47217244,26073314.466300294,18489934.640403006
53.37344771609973,54.16251190224218,15730953419.98491,7335042884.844715,79222488.60121912,157660551.600324,27077607.510246344,18281287.346633665
55.17025822847933,53.78253996293444,15684284584.204218,7349896008.984453,73901636.93375829,182953997.4340168,27522605.793364894,18916158.44677835
68.92171673508517,51.68025798384549,15761429422.06795,7334935647.918315,76935963.00613952,158203737.73258397,28012167.716713056,18904380.531092763
48.18514835802424,52.664936016270346,15737662855.348906,7345009714.337876,77193162.46656895,170578110.87376082,27428550.202350937,19159000.287047885
56.96869830747287,55.24851470211848,15752920445.798866,7315334226.729593,77932536.57404593,180902378.50480887,26813056.2400443,17790087.143468075
58.038465858827166,47.50166780756105,15698598757.666529,7360255846.792651,80059171.64652458,154546431.79918176,27060334.867664456,18756040.98260077
61.12893162469674,50.45168201834913,15753384728.807684,7351340974.396404,71848987.65670225,153249446.14251933,28994053.264082868,18101537.438395742
56.18991576735448,49.18229375373128,15772583819.884829,7334110539.73626,69342756.13663983,197889673.37548885,28063506.6887056,17816071.05357119
57.24025269752052,52.637459356178375,15703740015.90568,7317760720.441555,74562536.548834,184875292.16097844,28422980.102746885,18278039.49809585
53.74175716289105,55.19066652695236,15744387964.839085,7339705299.314404,83767765.27920455,181171139.70578703,26959830.96654355,19151292.90993239
57.04563470622554,49.70907713983678,15729486611.125828,7322909466.937914,84638356.20473938,181163095.612447,24967025.395675994,18313573.32720984
53.98403862251295,44.32908689759169,15699506706.328535,7341271736.117371,83910186.34880903,174853741.737884,27329992.16586171,19444489.52129017
58.80785944928026,50.26333776492659,15739146720.4128,7340970402.790277,76053920.44214644,205199751.8081233,26998881.42109842,18853591.95025146
53.85194831978183,54.24042119605222,15745828638.334087,7327834838.181456,69881804.33107902,166878206.4715107,28183602.43124081,18305034.20551484
57.585501969510936,53.11288970884964,15717967133.285065,7347916993.139768,67705123.81637104,177307715.66572988,31044197.173412435,19213722.27279556
55.55368593157511,52.78455874343173,15752415450.649368,7344872253.731818,74443167.39892659,137874915.28027457,28526932.11815137,18798142.25459196
61.33025125386085,50.66002009437656,15697296504.835749,7346554503.305191,76072537.1369381,150103955.82520264,30518013.19523952,17994498.293391746
55.44303138205757,47.66290779134064,15700682258.705696,7337156302.322253,81924069.81331612,142820227.69321507,28410454.06810829,19627827.901023928
46.8348376589656,53.0458829648734,15732528705.213982,7323288624.347591,80248673.29221554,191118429.8785649,27245048.918366604,18694281.11150559
62.00960750356996,48.997154569896125,15730410322.77324,7346649128.01542,77761566.6182253,116524131.63407516,28201580.13420692,18554987.411169108
51.17133849568691,58.05229020014137,15715977541.505962,7334491159.144435,73410278.01424578,158521098.35586685,29603091.273090243,18044486.06850327
52.43116830675591,53.21152162506355,15745826435.334532,7323578780.901724,73141427.04549545,107957100.05003804,29654755.87530769,19238077.470991373
52.72169352978254,49.75805509233815,15740438730.89978,7350379408.605569,77897363.00107518,150230824.52228385,27309083.39142191,18851712.8555192
62.57219046585409,49.66584425783412,15746891674.83676,7357711692.512912,79639701.32726333,156926138.03274202,28121675.062546067,18919034.19274316
45.02162893010652,51.22116738015924,15727756507.32451,7336806577.298583,78457271.49790472,193662268.5946116,26479364.99168162,18253666.60761908
71.38874266829997,50.78149423393475,15742007551.844336,7358356984.497793,72884815.58609955,174386198.7705639,28687126.249260563,19042686.4457684
60.980284045330265,54.85050132658986,15721539223.066671,7338143955.193105,79492246.4343498,150361278.97321886,29403922.25037572,19090085.30486349
56.8161945706458,52.05924850923214,15770549364.138796,7333543418.418691,78622951.16910332,187606419.26954648,27925171.56530664,18162945.029068336
55.42552999691857,49.305104783274416,15714439158.90561,7331111491.148982,72767219.6877345,167123702.18878323,27235151.626727074,17724295.797867578
57.12777037428829,57.17132205546735,15771699938.591677,7353361577.010369,73898125.1544824,167560876.0992492,28245296.39772765,18901007.770809088
58.305612141896695,51.64792499456067,15731149557.521894,7329676772.523586,79685890.20417958,143277775.0175135,28304715.309767265,17634413.985462062
58.926077929750285,53.80651902790669,15703513777.237766,7344566652.277405,76073555.41701724,147490220.79608136,27977830.670960404,18651508.091568667
58.47802233001725,49.67532047766572,15757434134.443596,7331878995.139719,83246402.600828,150769279.0290699,28076686.252097905,18299969.18425932
56.14790340627625,52.58934688323357,15733089018.28196,7332867470.057707,78983670.05493379,167937154.01747984,27733414.909413844,19283389.14176007
54.71330789846337,52.43332997342959,15747398155.774157,7347537338.491721,75110798.1680398,168605423.39244008,28886211.69444656,18334786.6732255
54.94363358173244,45.83105212371154,15754788301.917732,7333692321.616744,76994083.16806206,197496492.69151795,28634267.6923199,19221387.780779444
54.7254585982366,57.54582533138192,15737416021.305574,7333466797.466504,77293709.03342205,174752075.70501658,26945814.50321016,18265896.74404807
61.368850484335326,55.37193338276765,15719153833.765636,7348622446.243686,74185830.94645414,113912221.4915962,26921261.55119036,19161680.68668872
58.66778361140431,50.30841405156204,15750086609.540085,7353224347.338233,73468634.49918015,172448237.1610723,27668629.19922884,19790147.852407567
40.9980568266786,48.19319077863244,15730929947.05193,7343863402.011366,79839110.96139705,138744367.61993793,28648340.985805653,17942449.72708404
58.97950388264881,52.542684841410654,15744490172.18296,7331073954.012348,80417989.88353403,148325243.36666048,28071172.610096343,18748254.33297601
56.67368097359388,51.76009309824319,15688521951.779097,7332512831.154429,79476753.67885597,151400086.3228395,27293720.120414,20203990.311977167
55.606456217770514,52.56700684568969,15739888475.093777,7338358747.653114,83086707.83639038,154379891.49386716,28189306.854968395,18617919.90329191
53.75740773455557,52.07473218858227,15718502985.953386,7340759168.361516,74974227.71775417,140364989.507204,27607512.611971755,18616595.550111067
61.32056359993007,53.01872296791778,15763834454.430649,7327849868.807819,83740950.06751311,171594994.3882172,28807108.622701444,19048908.175989684
60.43763231061429,55.84191709817542,15743533492.867767,7344777214.032747,73571989.89723688,139732628.82375175,28269416.263063777,18607351.0604946
51.83561166088196,53.20430961538594,15736009442.212898,7338495710.830135,73138047.91131425,174729075.27140197,27631377.87260983,17571418.094821833
57.73526143562268,48.35103350327017,15740939130.7684,7320693050.187076,70188314.74445327,211993847.61504963,28175275.824939974,19258225.01444188
50.841716327293575,55.58768855813736,15711595927.11304,7328493611.823639,75398882.5572458,141452880.63310552,29251085.57892896,17397734.642164074
48.80190917605535,56.42184369046486,15763571771.03936,7332716589.48748,75178484.1014817,162188040.87104002,27387969.409180813,18341286.72172848
52.56641387705018,60.95617020353625,15770934017.693024,7337007964.303585,79269047.37892944,117859265.07500283,28354221.068812337,19308421.35044854
60.0119673619138,48.12951790028121,15739306530.914171,7356482183.257422,78161503.47446671,161956643.14040226,27888326.57242797,18379878.909200408
60.465625226880434,52.22864603945082,15763118662.8005,7340132643.356905,72470513.66379607,180725698.30820864,28384755.814391203,18180597.847685188
58.26542710048647,45.25370389043304,15720317464.25635,7329445322.992756,75655108.83344951,182328878.74244177,27314532.29546624,19118587.655526686
59.32547893423999,53.159447469137625,15715834380.574772,7340000847.88677,75748784.85223971,169610633.68344218,28076751.08512726,18089391.81000407
58.2808914355748,49.855399105499686,15732528230.757244,7334331992.229046,70176478.55057344,185793854.24996084,29070810.431081094,17869417.248551235
52.49259202388525,57.27033738447486,15740411683.842754,7341078080.900964,73343987.81339484,218789754.17454275,27041803.06064137,18763206.142141
57.85961272336971,49.17615508994425,15723978660.910074,7343643729.64757,74187935.37741715,202281930.23313385,26654094.62474321,18491835.667837206
59.702047626138416,46.432450886098216,15742566642.988333,7349921828.939878,82970059.57888737,157876023.50474823,26694189.71333547,17860013.150829263
59.47145664906788,50.08620877789244,15738015270.58808,7337668211.935605,78036588.75094217,139432709.62944722,26816793.45118571,18984437.75213893
61.64456685737322,45.57353668634859,15712078785.0362,7354254030.854895,79922312.31572685,160283653.78184983,28578129.994741093,18883063.793092955
59.24151923600533,53.75329836352193,15742354600.837812,7346998429.832173,71320670.90836324,149550823.48124623,26587248.82303506,18391888.47557149
57.45724103770792,45.30475086123104,15749283809.15588,7330916811.738222,82066759.3582598,177474060.10442078,27694186.3412907,18434211.193936057
61.05075119158214,51.58537274354948,15735535868.88593,7360033294.265841,82505629.23146613,144959378.8883815,28610931.58005243,18891516.05609248
55.5673937037547,45.26656454043141,15755171912.141104,7341273389.242435,69346838.89115866,167120654.24549675,28413013.74242749,19324274.418147538
51.29062674386142,50.53910658639008,15707903502.243866,7329691265.827837,74517197.0046801,185359330.6690901,27615207.35850745,18443564.587823503
54.88466518028118,56.4301344674136,15741614705.434196,7354562585.381792,79325311.22976997,166662286.4611128,28193920.808023352,19006906.28270908
51.97548677596776,52.58194367430738,15708921144.679129,7358837370.964059,79930497.03724566,149807376.68327156,28113279.7570727,18954936.570185635
52.2,49.9,15490938368.0,7068820480.0,44860546.0,60975322.0,18826244.0,13733384.0
35.5,50.2,15506003456.0,7068820480.0,44881109.0,60995885.0,18839617.0,13743449.0
55.3,50.5,15521494528.0,7068820480.0,44901458.0,61016234.0,18854200.0,13753804.0
34.8,50.7,15527106048.0,7072064512.0,44945855.0,61064990.0,18868256.0,13761950.0
36.7,50.7,15527106048.0,7072515072.0,44968293.0,61087334.0,18878508.0,13770181.0
45.1,50.7,15527106048.0,7072539648.0,44989340.0,61108431.0,18890542.0,13778582.0
40.2,50.7,15527106048.0,7072539648.0,45009787.0,61128916.0,18901277.0,13786156.0
39.8,50.7,15527106048.0,7072539648.0,45031053.0,61150232.0,18911390.0,13793522.0
31.9,50.9,15527106048.0,7072539648.0,45051512.0,61170691.0,18917911.0,13798778.0
53.2,51.6,15527106048.0,7072539648.0,45079865.0,61199156.0,18924498.0,13805451.0
47.5,50.8,15527106048.0,7072547840.0,45101837.0,61221206.0,18930563.0,13811084.0
33.8,50.9,15527106048.0,7072547840.0,45140167.0,61259536.0,18938894.0,13817048.0
35.0,50.9,15527106048.0,7072547840.0,45164372.0,61282047.0,18946980.0,13823149.0
44.5,50.9,15527106048.0,7072613376.0,45191036.0,61308412.0,18959305.0,13831395.0
44.3,51.0,15527130624.0,7072613376.0,45212015.0,61329674.0,18971519.0,13840034.0
41.8,49.9,15527548416.0,7074178048.0,45243522.0,61361153.0,18983879.0,13848221.0
26.2,49.5,15527712256.0,7094649856.0,45264569.0,61382278.0,18997955.0,13856515.0
14.9,49.5,15527712256.0,7094649856.0,45284987.0,61402668.0,19008716.0,13863122.0
13.5,49.4,15527712256.0,7094649856.0,45305443.0,61423124.0,19018848.0,13869827.0
31.9,49.3,15527712256.0,7094649856.0,45326107.0,61443788.0,19031113.0,13878260.0
64.4,49.2,15528171008.0,7094838272.0,45348379.0,61466032.0,19040449.0,13885269.0
100.0,49.2,15528171008.0,7094838272.0,45368823.0,61486448.0,19049523.0,13894635.0
100.0,49.2,15528171008.0,7094838272.0,45389175.0,61506800.0,19057644.0,13904140.0
100.0,49.1,15528171008.0,7094838272.0,45409527.0,61527152.0,19066612.0,13913545.0
99.8,49.1,15528171008.0,7094838272.0,45430479.0,61548104.0,19075905.0,13921929.0
100.0,49.1,15528171008.0,7094879232.0,45450932.0,61568635.0,19082520.0,13928874.0
100.0,49.0,15528171008.0,7094879232.0,45471283.0,61588986.0,19092246.0,13937404.0
100.0,49.1,15528171008.0,7094879232.0,45491635.0,61609338.0,19103300.0,13945678.0
99.8,49.0,15528171008.0,7094879232.0,45511988.0,61629691.0,19117396.0,13955670.0
82.4,48.9,15528171008.0,7096640512.0,45533165.0,61650812.0,19131348.0,13965261.0
20.7,48.8,15528171008.0,7096640512.0,45553612.0,61671231.0,19144284.0,13972535.0
23.8,48.8,15528171008.0,7096640512.0,45576715.0,61693167.0,19158844.0,13980787.0
29.3,48.9,15528171008.0,7096706048.0,45597206.0,61713585.0,19176102.0,13990335.0
21.6,48.8,15528171008.0,7096706048.0,45627531.0,61738458.0,19189499.0,13997277.0
29.2,48.8,15539279360.0,7098516480.0,45660067.0,61829515.0,19205289.0,14005954.0
18.9,48.8,15539279360.0,7098516480.0,45680798.0,61850134.0,19217567.0,14012526.0
19.0,48.8,15539279360.0,7098516480.0,45704929.0,61892768.0,19230037.0,14019096.0
19.0,48.7,15539279360.0,7098516480.0,45726466.0,61915205.0,19242396.0,14025643.0
25.3,48.8,15539279360.0,7098516480.0,45755273.0,61943806.0,19255236.0,14032631.0
19.9,48.7,15539279360.0,7098704896.0,45776699.0,61964960.0,19267806.0,14039328.0
19.3,48.7,15539279360.0,7098704896.0,45815373.0,62003473.0,19280735.0,14046144.0
19.7,48.7,15539279360.0,7098704896.0,45835946.0,62024029.0,19292540.0,14052677.0
20.1,48.7,15539279360.0,7100195840.0,45864979.0,62050369.0,19305199.0,14059419.0
22.4,48.7,15539279360.0,7100195840.0,45896733.0,62086103.0,19318973.0,14066606.0
27.4,48.7,15539279360.0,7101170688.0,45918771.0,62108103.0,19335462.0,14075254.0
25.0,49.0,15539344896.0,7118365696.0,45939130.0,62128462.0,19349469.0,14083492.0
19.4,49.0,15539344896.0,7118365696.0,45942800.0,62132210.0,19362299.0,14091512.0
22.6,48.8,15539344896.0,7118365696.0,45981104.0,62170514.0,19375470.0,14099739.0
24.8,48.7,15539344896.0,7118365696.0,46005455.0,62194092.0,19389818.0,14108077.0
15.3,48.7,15539344896.0,7118431232.0,46026018.0,62214655.0,19400803.0,14115552.0
14.6,48.7,15539344896.0,7118791680.0,46046469.0,62235078.0,19411606.0,14123011.0
19.2,48.1,15539860992.0,7118791680.0,46066920.0,62255579.0,19423479.0,14130283.0
18.1,48.1,15539860992.0,7118791680.0,46087732.0,62276503.0,19435864.0,14137983.0
17.3,48.1,15539860992.0,7118791680.0,46113937.0,62305186.0,19447265.0,14144934.0
15.7,48.1,15539869184.0,7118791680.0,46134289.0,62325538.0,19458422.0,14151939.0
17.2,48.1,15539869184.0,7122289664.0,46154747.0,62345996.0,19468673.0,14158451.0
18.0,48.1,15540131328.0,7122289664.0,46175098.0,62366347.0,19480779.0,14165968.0
13.2,48.1,15540131328.0,7122289664.0,46195566.0,62386787.0,19490692.0,14171999.0
23.0,48.2,15540131328.0,7122289664.0,46234400.0,62425671.0,19502800.0,14179297.0
20.8,48.3,15540131328.0,7124583424.0,46254853.0,62446124.0,19514665.0,14186888.0
18.4,48.0,15540131328.0,7124591616.0,46275205.0,62466476.0,19527025.0,14199868.0
14.5,48.0,15540131328.0,7124591616.0,46295880.0,62487123.0,19538836.0,14208296.0
14.6,48.0,15540131328.0,7124591616.0,46316882.0,62508097.0,19549842.0,14215823.0
13.7,48.0,15540131328.0,7124673536.0,46338023.0,62529182.0,19560799.0,14224732.0
14.5,48.0,15540131328.0,7124673536.0,46358376.0,62549535.0,19572488.0,14233499.0
5.9,48.0,15540131328.0,7124673536.0,46378917.0,62570032.0,19579160.0,14240386.0
8.8,48.0,15540131328.0,7124796416.0,46399337.0,62590490.0,19587503.0,14248255.0
11.5,48.0,15540131328.0,7124796416.0,46419897.0,62611050.0,19597080.0,14256705.0
23.7,47.9,15540131328.0,7124804608.0,46440848.0,62632001.0,19606880.0,14266262.0
11.1,47.9,15540131328.0,7124812800.0,46461511.0,62652742.0,19616804.0,14274791.0
15.0,47.9,15540131328.0,7124812800.0,46481863.0,62673094.0,19627774.0,14282309.0
14.0,47.9,15540131328.0,7124812800.0,46502216.0,62693447.0,19638236.0,14289735.0
18.2,47.9,15540131328.0,7124812800.0,46522569.0,62713800.0,19648634.0,14296369.0
16.9,47.9,15540147712.0,7124820992.0,46543613.0,62734816.0,19660105.0,14303392.0
19.4,47.9,15540344320.0,7140451328.0,46564069.0,62755272.0,19674982.0,14311638.0
14.3,47.9,15540344320.0,7140451328.0,46584525.0,62775728.0,19685209.0,14318139.0
14.8,47.9,15540344320.0,7140451328.0,46604879.0,62796082.0,19697058.0,14326516.0
18.1,47.9,15540344320.0,7140451328.0,46625547.0,62816750.0,19709240.0,14334234.0
13.2,47.9,15540344320.0,7140533248.0,46646802.0,62837977.0,19719079.0,14341265.0
17.9,48.1,15540344320.0,7140574208.0,46667157.0,62858332.0,19730676.0,14348395.0
23.0,48.2,15540344320.0,7140574208.0,46687697.0,62878894.0,19744425.0,14356189.0
21.4,48.0,15540344320.0,7140574208.0,46708568.0,62899638.0,19757543.0,14363714.0
22.2,48.0,15540344320.0,7140574208.0,46729522.0,62920592.0,19770955.0,14370706.0
27.7,48.1,15540532736.0,7140574208.0,46789621.0,62978067.0,19785487.0,14378506.0
22.9,48.2,15540569600.0,7141934080.0,46810368.0,63001146.0,19800226.0,14386237.0
17.5,48.2,15540569600.0,7141934080.0,46830719.0,63021497.0,19813251.0,14392832.0
19.4,48.2,15540569600.0,7141934080.0,46851069.0,63041847.0,19827510.0,14400928.0
23.4,48.2,15540581888.0,7141934080.0,46872021.0,63062799.0,19841854.0,14408752.0
17.5,48.2,15540581888.0,7141934080.0,46892464.0,63083292.0,19854694.0,14415847.0
19.0,48.3,15540581888.0,7145792512.0,46913262.0,63103877.0,19868560.0,14424026.0
18.0,48.2,15540581888.0,7145792512.0,46933856.0,63124398.0,19881979.0,14431860.0
28.8,48.4,15541691904.0,7145792512.0,46954337.0,63145033.0,19897538.0,14440641.0
11.3,48.4,15541691904.0,7145800704.0,46959140.0,63157060.0,19906191.0,14447575.0
8.3,48.4,15541691904.0,7145997312.0,46997355.0,63195247.0,19913021.0,14452460.0
6.2,48.4,15541691904.0,7146038272.0,47018255.0,63216147.0,19919229.0,14457012.0
8.4,48.2,15541691904.0,7146038272.0,47039850.0,63237904.0,19927102.0,14462179.0
7.4,48.3,15541696000.0,7146038272.0,47060403.0,63258457.0,19934777.0,14467262.0
9.9,48.3,15541696000.0,7146038272.0,47081347.0,63279401.0,19943290.0,14473123.0
6.1,48.2,15541696000.0,7146038272.0,47101895.0,63299949.0,19949247.0,14477941.0
6.4,48.1,15541696000.0,7146079232.0,47122368.0,63320422.0,19956210.0,14483618.0
4.7,48.0,15541696000.0,7146079232.0,47142865.0,63340919.0,19961481.0,14487298.0
5.4,48.1,15541696000.0,7146079232.0,47168863.0,63368676.0,19967163.0,14491223.0
6.6,48.0,15541696000.0,7146079232.0,47191175.0,63398009.0,19973125.0,14495249.0
6.2,48.0,15541700096.0,7146079232.0,47211513.0,63418347.0,19978942.0,14499081.0
21.6,48.1,15541798400.0,7160079360.0,47232836.0,63439748.0,19992028.0,14507224.0
23.7,48.1,15541798400.0,7160079360.0,47253383.0,63460295.0,20006014.0,14515147.0
26.7,48.0,15541798400.0,7160079360.0,47275711.0,63481942.0,20021199.0,14523247.0
22.7,48.1,15541798400.0,7160161280.0,47298200.0,63504221.0,20034840.0,14530805.0
25.7,48.2,15541798400.0,7160161280.0,47318840.0,63524833.0,20049568.0,14538932.0
27.8,48.1,15541798400.0,7160161280.0,47339181.0,63545252.0,20065605.0,14547713.0
22.7,48.1,15541798400.0,7160161280.0,47359772.0,63565815.0,20079407.0,14555020.0
24.4,48.0,15541798400.0,7160161280.0,47384664.0,63592953.0,20093721.0,14562543.0
23.5,48.0,15541798400.0,7160161280.0,47406632.0,63614792.0,20108851.0,14571202.0
23.4,48.0,15541798400.0,7160161280.0,47426971.0,63635131.0,20122327.0,14578711.0
24.9,48.1,15541798400.0,7160472576.0,47447414.0,63655652.0,20136206.0,14586436.0
25.5,48.3,15541798400.0,7160472576.0,47467825.0,63676035.0,20151400.0,14594561.0
26.0,48.1,15541798400.0,7160472576.0,47489208.0,63697424.0,20165944.0,14602666.0
32.0,48.1,15541962240.0,7160472576.0,47509651.0,63717867.0,20183292.0,14612094.0
28.9,48.0,15541962240.0,7160472576.0,47529992.0,63738208.0,20200025.0,14621332.0
26.0,47.9,15541962240.0,7162569728.0,47550334.0,63758550.0,20215707.0,14629606.0
19.0,48.0,15541962240.0,7162569728.0,47570871.0,63779059.0,20228376.0,14636227.0
22.6,47.9,15541962240.0,7162569728.0,47592234.0,63800286.0,20241409.0,14642993.0
19.4,48.1,15541962240.0,7162569728.0,47612666.0,63820768.0,20253885.0,14649653.0
18.8,48.0,15541962240.0,7162577920.0,47633100.0,63841174.0,20266549.0,14656333.0
18.6,48.0,15541962240.0,7162708992.0,47654190.0,63862170.0,20278869.0,14662769.0
18.5,48.0,15541962240.0,7162708992.0,47674737.0,63882783.0,20291552.0,14669341.0
33.3,47.9,15541962240.0,7162708992.0,47695673.0,63903847.0,20304813.0,14677356.0
20.2,47.9,15541962240.0,7162708992.0,47716220.0,63924394.0,20318031.0,14684364.0
21.2,47.9,15541962240.0,7162708992.0,47736559.0,63944733.0,20332645.0,14693048.0
21.3,48.0,15541962240.0,7162708992.0,47757002.0,63965176.0,20346372.0,14701179.0
73.4,48.1,15541962240.0,7162708992.0,47778342.0,63986516.0,20355395.0,14708712.0
100.0,48.1,15541962240.0,7162708992.0,47781617.0,63989841.0,20362537.0,14717149.0
100.0,48.2,15541978624.0,7162708992.0,47820080.0,64028456.0,20373296.0,14724957.0
99.8,48.2,15541978624.0,7170008064.0,47840420.0,64048796.0,20384321.0,14733209.0
100.0,48.1,15541978624.0,7170008064.0,47860757.0,64069133.0,20394097.0,14740958.0
100.0,48.0,15541978624.0,7170008064.0,47881800.0,64090176.0,20404903.0,14749173.0
100.0,47.9,15541978624.0,7170130944.0,47902451.0,64110905.0,20416913.0,14757731.0
100.0,47.9,15541978624.0,7170130944.0,47923186.0,64131584.0,20428027.0,14765833.0
100.0,48.0,15541978624.0,7170196480.0,47943620.0,64152130.0,20440010.0,14774191.0
64.1,47.9,15541978624.0,7170196480.0,47964054.0,64172536.0,20452578.0,14781746.0
21.5,47.9,15541978624.0,7170212864.0,47985550.0,64194110.0,20465574.0,14788723.0
19.8,47.9,15541978624.0,7170212864.0,48005892.0,64214452.0,20477939.0,14795323.0
18.8,48.0,15541978624.0,7170212864.0,48026231.0,64234791.0,20490286.0,14801985.0
18.8,48.0,15541978624.0,7170212864.0,48046674.0,64255312.0,20502442.0,14808404.0
19.3,48.0,15541978624.0,7170212864.0,48067012.0,64275650.0,20514937.0,14815040.0
20.9,48.0,15541978624.0,7170212864.0,48088044.0,64296654.0,20527934.0,14821728.0
20.8,47.9,15541978624.0,7170212864.0,48108489.0,64317099.0,20541411.0,14829856.0
21.7,47.9,15541978624.0,7170212864.0,48128830.0,64337440.0,20554736.0,14838725.0
27.9,48.0,15541978624.0,7170286592.0,48149548.0,64358161.0,20568959.0,14845770.0
48.3,48.2,15542224384.0,7171859456.0,48188364.0,64396436.0,20584941.0,14855673.0
28.6,48.2,15542224384.0,7171859456.0,48209589.0,64424630.0,20601017.0,14865374.0
28.5,48.2,15548909056.0,7171859456.0,48229933.0,64445052.0,20616634.0,14873577.0
20.3,48.2,15548909056.0,7171875840.0,48251432.0,64466523.0,20630494.0,14881051.0
23.8,48.1,15548909056.0,7171998720.0,48271776.0,64486867.0,20644542.0,14888275.0
37.3,48.1,15555159552.0,7171998720.0,48293024.0,64508087.0,20658777.0,14895529.0
23.9,48.1,15555159552.0,7171998720.0,48313371.0,64528434.0,20673078.0,14902542.0
20.1,48.2,15555159552.0,7171998720.0,48333927.0,64548990.0,20686256.0,14909187.0
20.6,48.2,15555159552.0,7171998720.0,48354300.0,64569441.0,20699584.0,14915737.0
21.3,48.1,15555180032.0,7171998720.0,48376828.0,64590125.0,20713058.0,14922473.0
23.7,48.1,15555180032.0,7172350976.0,48403875.0,64630349.0,20727293.0,14929557.0
23.5,48.1,15555180032.0,7172350976.0,48425374.0,64664655.0,20741333.0,14936420.0
19.0,48.1,15555180032.0,7172350976.0,48445724.0,64685005.0,20754390.0,14942897.0
21.4,48.1,15555180032.0,7182992384.0,48467248.0,64708344.0,20768675.0,14949841.0
18.5,48.1,15555180032.0,7183131648.0,48487671.0,64728739.0,20781384.0,14956315.0
21.5,48.1,15555180032.0,7183131648.0,48511620.0,64751929.0,20795082.0,14963166.0
35.5,48.1,15555180032.0,7183131648.0,48532473.0,64772792.0,20808524.0,14970580.0
21.2,48.1,15555180032.0,7183131648.0,48553034.0,64793431.0,20822166.0,14977235.0
21.6,48.2,15555180032.0,7183131648.0,48573481.0,64813850.0,20835632.0,14983945.0
20.7,48.2,15555180032.0,7183139840.0,48594095.0,64834464.0,20848664.0,14990408.0
22.9,48.2,15555180032.0,7183139840.0,48621365.0,64862620.0,20862642.0,14997231.0
20.9,48.2,15555180032.0,7183139840.0,48642801.0,64884112.0,20876131.0,15003880.0
25.4,48.2,15555180032.0,7183156224.0,48663155.0,64904466.0,20889615.0,15010676.0
21.2,48.2,15555180032.0,7183156224.0,48683509.0,64924820.0,20903036.0,15017433.0
36.6,48.2,15555180032.0,7183197184.0,48703968.0,64945279.0,20916821.0,15024651.0
20.7,48.2,15555180032.0,7183197184.0,48725028.0,64966417.0,20929954.0,15031173.0
20.4,48.2,15555180032.0,7183205376.0,48745478.0,64986839.0,20943138.0,15037766.0
21.9,48.2,15555180032.0,7183205376.0,48765929.0,65007262.0,20956438.0,15044453.0
20.0,48.2,15555180032.0,7183311872.0,48786287.0,65027620.0,20969436.0,15050820.0
21.2,48.3,15555180032.0,7183311872.0,48806736.0,65048119.0,20982802.0,15057456.0
24.0,48.3,15555180032.0,7185474560.0,48827891.0,65069246.0,20996643.0,15064263.0
22.2,48.3,15555180032.0,7185474560.0,48848364.0,65089691.0,21010428.0,15070921.0
17.6,48.3,15555180032.0,7185474560.0,48868816.0,65110115.0,21022869.0,15077116.0
20.1,48.2,15555180032.0,7185531904.0,48907047.0,65148458.0,21036318.0,15083626.0
27.0,48.3,15555180032.0,7185531904.0,48928308.0,65169691.0,21049278.0,15090179.0
33.8,48.3,15555212800.0,7185818624.0,48948667.0,65190050.0,21064335.0,15097756.0
22.5,48.3,15555212800.0,7185818624.0,48969235.0,65210618.0,21078277.0,15104574.0
21.2,48.3,15555212800.0,7185818624.0,48989596.0,65231057.0,21091448.0,15111170.0
18.6,48.3,15555212800.0,7186269184.0,49009957.0,65251418.0,21104324.0,15117483.0
21.5,48.3,15555212800.0,7186269184.0,49031022.0,65272483.0,21118091.0,15124349.0
25.1,48.4,15555229184.0,7186269184.0,49051581.0,65293014.0,21132009.0,15131379.0
20.0,48.4,15555229184.0,7186269184.0,49071939.0,65313372.0,21145103.0,15137739.0
34.2,48.4,15555884544.0,7205233664.0,49092497.0,65333902.0,21158251.0,15144911.0
19.7,48.4,15555884544.0,7205274624.0,49112857.0,65354262.0,21171295.0,15151372.0
19.7,48.4,15555884544.0,7205274624.0,49133817.0,65375300.0,21183877.0,15157729.0
21.4,48.3,15555884544.0,7205274624.0,49154688.0,65396143.0,21197431.0,15164487.0
22.3,48.3,15555884544.0,7205274624.0,49175257.0,65416712.0,21211109.0,15171392.0
19.7,48.3,15555884544.0,7205274624.0,49195712.0,65437139.0,21224143.0,15177951.0
19.7,48.3,15555884544.0,7205274624.0,49216628.0,65458055.0,21236944.0,15184409.0
34.1,48.3,15561545216.0,7205274624.0,49239437.0,65480659.0,21249753.0,15191426.0
41.8,48.4,15571867136.0,7207240704.0,49439382.0,65514798.0,21264450.0,15199505.0
19.8,48.4,15571867136.0,7207240704.0,49486912.0,65543516.0,21278629.0,15206641.0
20.9,48.4,15571867136.0,7207240704.0,49508900.0,65569958.0,21291541.0,15213238.0
41.6,48.5,15572243968.0,7209354240.0,49720458.0,65608549.0,21304827.0,15220712.0
20.8,48.5,15572252160.0,7209354240.0,49741525.0,65629616.0,21318894.0,15227771.0
18.3,48.5,15572252160.0,7209354240.0,49762087.0,65650150.0,21331944.0,15234249.0
19.1,48.5,15572252160.0,7209354240.0,50085606.0,65678549.0,21345018.0,15240838.0
49.4,48.6,15581419008.0,7217767424.0,50114737.0,65718739.0,21363514.0,15250108.0
73.3,48.9,15622428160.0,7218865152.0,50265654.0,65876036.0,21379475.0,15259833.0
52.7,49.1,15622428160.0,7220560896.0,50595816.0,66021709.0,21395869.0,15268845.0
21.4,49.1,15623763456.0,7220569088.0,50627702.0,66053399.0,21409773.0,15276091.0
30.9,49.1,15623763456.0,7234683904.0,50899989.0,66096917.0,21424903.0,15283791.0
20.7,49.1,15623763456.0,7234683904.0,51581895.0,66134207.0,21438769.0,15290754.0
26.8,49.1,15623763456.0,7235609600.0,51697779.0,66255014.0,21452230.0,15298049.0
58.2,49.3,15623763456.0,7237608448.0,52098046.0,66461443.0,21471068.0,15309558.0
26.6,49.3,15623894528.0,7237608448.0,52118525.0,66482224.0,21487113.0,15318797.0
34.6,49.3,15623894528.0,7240631296.0,52362497.0,66521714.0,21503558.0,15328485.0
19.6,49.3,15623894528.0,7240631296.0,52386478.0,66548593.0,21517291.0,15335292.0
45.6,49.7,15624697344.0,7241671680.0,53298543.0,66729449.0,21534053.0,15343530.0
49.3,49.8,15625336320.0,7243875328.0,54028437.0,66965354.0,21553404.0,15352828.0
37.7,49.9,15625385472.0,7244014592.0,54095587.0,67026209.0,21569917.0,15362221.0
28.4,49.9,15626532352.0,7279821824.0,54119074.0,67054219.0,21587598.0,15372129.0
39.8,50.2,15626532352.0,7280944128.0,54150896.0,67084966.0,21604667.0,15382008.0
39.6,50.3,15626532352.0,7282131968.0,54251371.0,67184377.0,21620801.0,15390381.0
41.0,50.4,15626532352.0,7282131968.0,54350486.0,67282920.0,21637535.0,15398679.0
41.0,51.0,15626532352.0,7282131968.0,54477142.0,67382526.0,21655070.0,15407909.0
39.1,51.1,15626589696.0,7284376576.0,55099194.0,67640642.0,21671849.0,15416457.0
34.9,51.1,15626589696.0,7284376576.0,55126906.0,67670318.0,21688798.0,15426074.0
34.2,51.1,15626589696.0,7284392960.0,55148006.0,67691390.0,21706053.0,15436201.0
39.8,51.2,15626589696.0,7284392960.0,55178098.0,67723919.0,21722610.0,15445133.0
33.6,51.3,15626745344.0,7286662144.0,55410957.0,67754668.0,21738289.0,15453638.0
23.2,51.2,15626745344.0,7286662144.0,55433336.0,67775615.0,21752667.0,15461824.0
24.0,51.2,15626745344.0,7286662144.0,55506104.0,67798476.0,21767434.0,15470621.0
57.4,51.2,15631832576.0,7287890944.0,55550733.0,67850610.0,21783156.0,15483322.0
52.8,51.1,15632274944.0,7287890944.0,55575852.0,67876548.0,21800929.0,15495550.0
28.5,51.1,15632274944.0,7290291200.0,55723535.0,67921487.0,21815923.0,15503522.0
32.5,51.1,15632274944.0,7290291200.0,55904683.0,67988171.0,21831333.0,15512437.0
55.3,51.1,15632274944.0,7291495424.0,56630220.0,68039767.0,21848653.0,15523670.0
44.7,51.1,15632274944.0,7292126208.0,56650716.0,68060283.0,21865492.0,15534952.0
48.6,51.1,15632274944.0,7292126208.0,56671692.0,68081556.0,21882532.0,15547952.0
25.4,51.2,15632274944.0,7298016256.0,56733884.0,68143748.0,21897355.0,15555858.0
35.7,51.0,15632274944.0,7298016256.0,56796231.0,68206173.0,21913185.0,15565553.0
40.0,51.0,15632274944.0,7298016256.0,56900940.0,68310854.0,21929280.0,15575183.0
31.5,51.0,15632274944.0,7298057216.0,56963232.0,68373146.0,21945061.0,15584268.0
36.0,51.0,15632274944.0,7298073600.0,57001515.0,68411429.0,21961954.0,15593815.0
39.1,51.0,15632283136.0,7298089984.0,57026070.0,68435956.0,21979748.0,15602530.0
48.3,51.2,15632283136.0,7298089984.0,57050431.0,68460417.0,21996459.0,15611028.0
76.1,51.3,15632389632.0,7298409472.0,57394731.0,68804689.0,22014474.0,15620568.0
73.1,51.4,15632414208.0,7331128320.0,57416167.0,68826125.0,22029942.0,15651361.0
60.9,50.5,15632414208.0,7334302720.0,57438738.0,68846923.0,22046158.0,15662445.0
80.0,51.0,15634626048.0,7335203840.0,57562114.0,68970288.0,22062836.0,15671920.0
75.2,51.3,15637501440.0,7338267648.0,57849357.0,69048370.0,22080488.0,15683110.0
63.8,51.7,15638070784.0,7367185408.0,57902453.0,69096063.0,22099346.0,15694845.0
65.2,51.8,15638070784.0,7368406016.0,58276621.0,69148452.0,22115487.0,15705155.0
57.7,51.3,15638070784.0,7407916032.0,58297842.0,69169946.0,22130454.0,15733798.0
58.1,51.4,15638070784.0,7407916032.0,58318345.0,69190449.0,22146422.0,15744045.0
63.9,51.9,15638070784.0,7407916032.0,58339437.0,69211513.0,22163567.0,15753730.0
58.5,51.9,15638070784.0,7410865152.0,58383727.0,69240945.0,22178227.0,15762314.0
59.4,52.0,15638074880.0,7410865152.0,58609005.0,69267149.0,22193445.0,15771772.0
56.1,52.0,15641056768.0,7410873344.0,58637486.0,69293998.0,22208073.0,15781097.0
75.4,51.9,15647643136.0,7455048704.0,58677496.0,69333873.0,22223764.0,15816794.0
65.0,52.2,15647651328.0,7455048704.0,58700610.0,69356959.0,22237323.0,15826040.0
57.2,51.3,15650715136.0,7458579456.0,58710593.0,69365019.0,22251843.0,15835278.0
56.2,47.7,15660307968.0,7462200320.0,58732663.0,69381188.0,22264286.0,15845164.0
44.3,47.6,15660307968.0,7464698880.0,59304311.0,69407715.0,22274530.0,15853076.0
31.3,47.6,15660422656.0,7464698880.0,59314474.0,69418241.0,22282235.0,15858882.0
37.1,47.6,15664678400.0,7465944064.0,59339831.0,69451573.0,22289792.0,15866300.0
68.6,26.3,612262656512.0,1827984384.0,8840.0,8840.0,9583473.0,3982079.0
90.7,28.4,612300847616.0,1827984384.0,10230.0,10230.0,9589529.0,3990166.0
100.0,28.0,612323457536.0,1827984384.0,11779.0,11779.0,9598267.0,4001742.0
100.0,29.6,612738423296.0,1828434944.0,13328.0,13328.0,9606085.0,4014943.0
100.0,29.4,612836301312.0,1828590592.0,14877.0,14877.0,9613096.0,4023123.0
100.0,30.5,613082159616.0,1830974464.0,16946.0,16946.0,9629127.0,4041928.0
100.0,32.2,613225581056.0,1889854464.0,18807.0,18807.0,9640218.0,4052654.0
100.0,31.6,613239937536.0,1889854464.0,25140.0,25140.0,9656097.0,4068220.0
100.0,32.3,613290818048.0,1935066112.0,52916.0,52916.0,9671162.0,4081653.0
100.0,33.0,613320391168.0,1935066112.0,58785.0,58785.0,9707351.0,4090895.0
100.0,33.5,613358705152.0,1935213568.0,62582.0,62582.0,9733190.0,4098988.0
100.0,34.4,613403040256.0,1938842624.0,71835.0,71835.0,9752487.0,4108209.0
100.0,35.0,613418711552.0,1939235840.0,76200.0,76200.0,9759103.0,4117199.0
100.0,36.2,613441272320.0,1939612672.0,79205.0,79205.0,9766045.0,4127329.0
100.0,37.5,613457074688.0,1939727360.0,82034.0,82034.0,9773838.0,4138691.0
100.0,38.4,613466896896.0,1939727360.0,87183.0,87183.0,9779113.0,4147074.0
100.0,38.7,613767019008.0,1940743168.0,88732.0,88732.0,9785785.0,4157821.0
100.0,39.1,614022625792.0,1996366848.0,93463.0,93463.0,9796742.0,4175192.0
100.0,39.9,614048340480.0,1996366848.0,97886.0,97886.0,9806331.0,4187836.0
100.0,40.2,614061095424.0,1996366848.0,99435.0,99435.0,9815022.0,4200113.0
100.0,41.9,614081460736.0,1996366848.0,103665.0,103665.0,9823278.0,4213164.0
100.0,42.5,614101629440.0,1996391424.0,107536.0,107536.0,9830295.0,4223347.0
100.0,41.9,614129981952.0,1996669952.0,111439.0,111439.0,9838855.0,4236130.0
100.0,42.3,614132095488.0,1996669952.0,112990.0,112990.0,9844070.0,4244444.0
96.2,42.4,614133611008.0,1999389696.0,115821.0,115821.0,9846278.0,4250760.0
30.3,42.7,614152968704.0,1999389696.0,117371.0,117371.0,9848422.0,4253426.0
34.1,42.7,614155729408.0,2004722688.0,118922.0,118922.0,9849999.0,4256889.0
38.0,42.7,614177241600.0,2011284480.0,121449.0,121449.0,9854742.0,4263364.0
42.3,43.2,614189873664.0,2018214912.0,123000.0,123000.0,9858557.0,4268395.0
30.0,43.3,614212082176.0,2018214912.0,124551.0,124551.0,9862524.0,4271788.0
34.2,43.4,614241851904.0,2026796032.0,126102.0,126102.0,9868387.0,4277096.0
24.5,43.3,614293658112.0,2027254784.0,127653.0,127653.0,9876362.0,4280771.0
26.8,44.9,614319413760.0,2027254784.0,131636.0,131636.0,9882277.0,4285269.0
38.0,42.9,614336764416.0,2035667968.0,133187.0,133187.0,9888258.0,4293045.0
32.2,45.2,614389373440.0,2041598976.0,134738.0,134738.0,9898039.0,4299696.0
35.8,43.4,614418414080.0,2084856832.0,136289.0,136289.0,9905179.0,4306101.0
41.9,43.2,614454475264.0,2095879168.0,140160.0,140160.0,9913643.0,4314590.0
29.5,43.5,614487538176.0,2095879168.0,142687.0,142687.0,9920816.0,4318527.0
37.5,43.4,614520297984.0,2105230336.0,145518.0,145518.0,9925564.0,4327288.0
28.0,43.7,614562077184.0,2105467904.0,147069.0,147069.0,9934520.0,4331384.0
43.2,43.1,614587677184.0,2155275264.0,148620.0,148620.0,9940906.0,4350255.0
34.5,44.8,614601906688.0,2155422720.0,150171.0,150171.0,9946597.0,4356686.0
86.9,44.0,614647630336.0,2192020480.0,5066652.0,5066652.0,9959888.0,4375156.0
36.0,43.1,614653770240.0,2200732672.0,5068205.0,5068205.0,9962613.0,4382560.0
35.0,44.7,614662982144.0,2244523008.0,5069758.0,5069758.0,9967255.0,4402198.0
44.0,44.8,614684584448.0,2444612608.0,5072591.0,5072591.0,9975722.0,4412628.0
45.3,42.5,614749030912.0,2492531712.0,5075120.0,5075120.0,9989501.0,4441891.0
31.4,44.0,614784440832.0,2492531712.0,5077465.0,5077465.0,9997240.0,4448103.0
39.9,44.2,614789392896.0,2523886592.0,5080610.0,5080610.0,10002499.0,4464907.0
40.5,44.1,614818593280.0,2538767360.0,5082644.0,5082644.0,10008890.0,4475893.0
41.8,42.7,614821652992.0,2593231872.0,5084198.0,5084198.0,10012999.0,4491691.0
78.7,43.5,614920210944.0,2640544768.0,5087306.0,5087306.0,10020911.0,4524665.0
66.3,43.8,614987373056.0,2678805504.0,5088860.0,5088860.0,10025151.0,4546349.0
51.3,43.6,615032855040.0,2687419392.0,5099765.0,5099765.0,10032186.0,4555515.0
54.1,43.5,615040285184.0,2729473024.0,5114442.0,5114442.0,10036030.0,4579256.0
64.4,43.3,615062014464.0,2774021120.0,5116972.0,5116972.0,10038096.0,4601031.0
60.1,42.9,615068826112.0,2823312384.0,5118526.0,5118526.0,10039467.0,4615923.0
56.6,43.2,615091747328.0,2823836672.0,5121280.0,5121280.0,10042539.0,4622139.0
65.5,43.0,615136963072.0,2858464256.0,5125482.0,5125482.0,10052405.0,4648643.0
64.8,43.6,615160912384.0,2858488832.0,5127139.0,5127139.0,10059239.0,4658310.0
66.3,44.0,615180196352.0,2874299392.0,5128693.0,5128693.0,10061905.0,4669765.0
67.1,44.0,615225641472.0,2888086528.0,5130247.0,5130247.0,10069822.0,4685841.0
62.0,44.8,615243917824.0,2893227008.0,5132305.0,5132305.0,10076402.0,4698383.0
68.8,44.6,615301208576.0,2903561216.0,5136435.0,5136435.0,10086175.0,4712636.0
61.0,44.0,615326394880.0,2919773184.0,5138349.0,5138349.0,10091941.0,4728041.0
70.0,43.9,615367363072.0,2992673792.0,5142351.0,5142351.0,10102880.0,4744837.0
61.4,43.5,615421372928.0,2994312192.0,5150175.0,5150175.0,10106190.0,4749636.0
40.5,43.7,615450016256.0,2994762752.0,5156289.0,5156289.0,10108804.0,4753415.0
26.2,44.0,615468214784.0,2994762752.0,5160131.0,5160131.0,10111586.0,4755968.0
27.3,42.6,615482620416.0,3062060032.0,5161685.0,5161685.0,10114679.0,4760005.0
36.6,41.6,615499115008.0,3086844928.0,5163719.0,5163719.0,10120550.0,4778958.0
48.4,39.3,615585438208.0,3094488064.0,5166233.0,5166233.0,10130191.0,4788323.0
27.6,39.5,615595727360.0,3094488064.0,5167787.0,5167787.0,10133004.0,4792694.0
26.0,39.9,615607167488.0,3094488064.0,5169340.0,5169340.0,10134744.0,4795531.0
28.0,40.6,615619926528.0,3242804224.0,5170894.0,5170894.0,10136976.0,4798312.0
26.0,41.1,615631518208.0,3242804224.0,5172448.0,5172448.0,10138582.0,4800565.0
24.9,41.1,615649274368.0,3242804224.0,5174002.0,5174002.0,10141262.0,4802648.0
29.6,41.6,615672105472.0,3242804224.0,5175556.0,5175556.0,10146255.0,4806041.0
25.8,41.7,615697213952.0,3242804224.0,5177110.0,5177110.0,10150573.0,4808923.0
41.5,39.6,615712700928.0,3285672960.0,5178664.0,5178664.0,10153622.0,4832058.0
25.7,41.4,615732406784.0,3285672960.0,5180339.0,5180339.0,10156900.0,4835172.0
38.5,39.3,615777581568.0,3321398272.0,5181893.0,5181893.0,10164428.0,4852822.0
27.5,40.5,615815805440.0,3321398272.0,5183447.0,5183447.0,10175507.0,4858301.0
26.2,40.6,615869475328.0,3321398272.0,5185001.0,5185001.0,10185620.0,4863573.0
38.2,38.7,615906273792.0,3332183040.0,5186555.0,5186555.0,10190463.0,4871489.0
26.7,39.6,615916796416.0,3332199424.0,5188109.0,5188109.0,10192149.0,4873613.0
86.0,29.2,11641780736.0,5145715712.0,8173721.0,18031442.0,4998406.0,3050369.0
94.5,30.7,11644516864.0,5146305536.0,8178878.0,18040660.0,5001377.0,3056227.0
99.8,32.3,11644516864.0,5146895360.0,8180431.0,18042213.0,5004027.0,3063435.0
100.0,33.7,11644516864.0,5147485184.0,8181984.0,18043766.0,5005600.0,3068837.0
100.0,34.9,11644721664.0,5148525568.0,8183535.0,18045317.0,5008501.0,3074594.0
100.0,35.7,11645377024.0,5149410304.0,8185088.0,18046870.0,5012614.0,3081207.0
100.0,36.8,11659229696.0,5152039936.0,8211199.0,18084996.0,5028895.0,3091415.0
100.0,38.0,11664857600.0,5215331328.0,8285815.0,18379677.0,5042179.0,3100267.0
99.8,39.1,11670084096.0,5216928768.0,8392090.0,19858360.0,5083487.0,3111774.0
100.0,40.9,11686476288.0,5223023616.0,8492211.0,20059554.0,5121515.0,3125029.0
100.0,42.2,11699403264.0,5226300416.0,8562296.0,20144043.0,5133852.0,3136241.0
100.0,43.5,11699550720.0,5227201536.0,8609028.0,20296469.0,5145209.0,3149274.0
100.0,44.5,11701467648.0,5228184576.0,8666734.0,20436883.0,5154633.0,3158134.0
100.0,45.3,11705596416.0,5230216192.0,8858367.0,20641821.0,5164997.0,3166362.0
100.0,46.3,11759712768.0,5231215616.0,8875386.0,20661550.0,5179989.0,3175883.0
100.0,46.8,11778193920.0,5235254272.0,8887322.0,20669805.0,5201088.0,3185544.0
45.6,47.2,11779766784.0,5236368384.0,8896830.0,20682511.0,5208075.0,3189879.0
6.2,47.1,11779799552.0,5237351424.0,8911515.0,20696475.0,5211734.0,3192294.0
8.9,47.7,11779832320.0,5238334464.0,8922587.0,20704996.0,5216709.0,3195254.0
20.4,48.2,11780315648.0,5239325696.0,8941317.0,20721094.0,5224097.0,3200514.0
20.1,48.4,11780389376.0,5240579072.0,8951215.0,20729648.0,5232832.0,3206603.0
18.5,47.7,11780536832.0,5241693184.0,8959820.0,20738307.0,5241378.0,3213773.0
17.6,48.0,11780717056.0,5242741760.0,8970018.0,20747185.0,5249217.0,3219519.0
15.6,48.0,11780717056.0,5243790336.0,8979169.0,20756390.0,5255860.0,3223690.0
16.3,47.9,11781863936.0,5279835136.0,8988593.0,20765868.0,5264895.0,3229098.0
15.3,47.8,11781863936.0,5280834560.0,8998450.0,20775715.0,5271503.0,3233286.0
16.1,47.8,11781863936.0,5281883136.0,9008553.0,20785685.0,5277799.0,3237415.0
17.9,47.6,11781896704.0,5282939904.0,9018890.0,20796033.0,5285039.0,3243787.0
25.2,48.0,11781929472.0,5283988480.0,9029500.0,20806615.0,5293123.0,3251657.0
20.0,48.3,11782306304.0,5286183936.0,9040525.0,20817584.0,5302306.0,3258164.0
24.0,48.3,11782773248.0,5287166976.0,9051705.0,20828736.0,5312162.0,3264620.0
20.9,47.8,11783846400.0,5288215552.0,9063040.0,20840071.0,5319805.0,3270819.0
12.3,48.2,11784215040.0,5292254208.0,9079653.0,20851753.0,5324708.0,3276287.0
13.3,48.2,11784247808.0,5294965760.0,9114190.0,20875015.0,5330254.0,3281668.0
28.9,48.5,11784419840.0,5298619392.0,9132240.0,20890121.0,5339599.0,3288223.0
41.1,48.3,11796027904.0,5366334464.0,9160739.0,20914224.0,5356087.0,3299119.0
27.9,48.0,11796027904.0,5367030784.0,9188142.0,20938666.0,5363133.0,3305570.0
28.3,47.7,11796961792.0,5371364352.0,9203756.0,20951694.0,5372989.0,3311746.0
21.3,47.6,11796961792.0,5372150784.0,9217003.0,20964941.0,5380334.0,3316763.0
26.9,47.5,11796994560.0,5373953024.0,9231843.0,20978461.0,5388415.0,3322097.0
99.2,32.7,8273218048.0,933483520.0,125629.0,125629.0,1260199.0,819874.0
100.0,34.3,8547527168.0,934228992.0,127020.0,127020.0,1267049.0,828583.0
100.0,35.0,8707246592.0,936104960.0,130335.0,130335.0,1277951.0,839424.0
100.0,36.3,8802683392.0,937956352.0,156426.0,156426.0,1293759.0,851712.0
100.0,36.8,8841742848.0,1010168832.0,170634.0,170634.0,1315469.0,862376.0
98.9,37.2,8850090496.0,1010168832.0,178861.0,178861.0,1352935.0,870761.0
100.0,38.2,8887855616.0,1012405248.0,189978.0,189978.0,1388996.0,883724.0
100.0,39.3,8894564864.0,1014043648.0,199406.0,199406.0,1398423.0,893668.0
100.0,40.3,8901503488.0,1015903232.0,205931.0,205931.0,1402828.0,900641.0
100.0,41.2,8906983936.0,1019122688.0,213429.0,213429.0,1407479.0,907245.0
100.0,42.0,8907016704.0,1019761664.0,223996.0,223996.0,1410118.0,913438.0
100.0,42.8,8907287040.0,1019761664.0,234691.0,234691.0,1412869.0,919603.0
100.0,44.1,8907721216.0,1021211648.0,242020.0,242020.0,1416519.0,926864.0
100.0,44.0,8907737600.0,1021211648.0,248372.0,248372.0,1420283.0,936539.0
100.0,45.0,8907737600.0,1021211648.0,256753.0,256753.0,1423955.0,943716.0
100.0,45.4,8907868672.0,1021211648.0,265723.0,265723.0,1427966.0,951208.0
100.0,45.8,8907868672.0,1021219840.0,279772.0,279772.0,1431639.0,958120.0
100.0,46.5,8907868672.0,1021219840.0,287200.0,287200.0,1435549.0,966234.0
100.0,47.3,8907868672.0,1021219840.0,299777.0,299777.0,1441647.0,976232.0
100.0,48.0,8909351424.0,1021219840.0,309503.0,309503.0,1446163.0,983582.0
100.0,48.2,8909490688.0,1042494464.0,317738.0,317738.0,1454144.0,994540.0
62.1,48.2,8910227968.0,1042863104.0,326722.0,326722.0,1459890.0,1001351.0
50.9,48.2,8912382464.0,1042994176.0,342719.0,342719.0,1467818.0,1008697.0
50.2,48.4,8912620032.0,1042994176.0,353041.0,353041.0,1474070.0,1014315.0
51.2,48.5,8912685568.0,1043059712.0,363328.0,363328.0,1480633.0,1020364.0
58.0,48.5,8912742912.0,1043092480.0,372908.0,372908.0,1486594.0,1026241.0
44.9,48.7,8912742912.0,1043092480.0,382757.0,382757.0,1492476.0,1031436.0
43.8,48.8,8912742912.0,1045058560.0,394027.0,394027.0,1498420.0,1036576.0
46.2,48.8,8912742912.0,1047827456.0,404414.0,404414.0,1504903.0,1042052.0
45.5,48.8,8912742912.0,1048024064.0,415070.0,415070.0,1511396.0,1047271.0
45.5,48.7,8912783872.0,1049220096.0,425995.0,425995.0,1517788.0,1052824.0
50.7,47.5,8916486656.0,1113199616.0,438469.0,438469.0,1526368.0,1060291.0
45.5,46.1,8916486656.0,1113232384.0,450972.0,450972.0,1533223.0,1066285.0
21.8,46.2,8916494848.0,1113789440.0,464461.0,464461.0,1540356.0,1072164.0
16.3,46.2,8916625920.0,1114043392.0,477437.0,477437.0,1547237.0,1078377.0
50.1,46.1,8923785728.0,1114641408.0,4555770.0,4555770.0,1563233.0,1086110.0
9.9,46.1,8923785728.0,1114641408.0,4568315.0,4568315.0,1567876.0,1090409.0
7.5,45.8,8924047872.0,1114641408.0,4581128.0,4581128.0,1571544.0,1094505.0
15.2,45.9,8924047872.0,1115444224.0,4595944.0,4595944.0,1578267.0,1100583.0
3.4,45.7,8924047872.0,1115452416.0,4609299.0,4609299.0,1580020.0,1102397.0
9.3,45.7,8924113408.0,1115460608.0,4623023.0,4623023.0,1583483.0,1105760.0
18.7,45.9,8924113408.0,1115460608.0,4637496.0,4637496.0,1591151.0,1111423.0
14.6,45.7,8924113408.0,1115468800.0,4652934.0,4652934.0,1598350.0,1117485.0
16.7,45.7,8924187136.0,1115468800.0,4668343.0,4668343.0,1606125.0,1123525.0
14.3,45.8,8925145600.0,1117844480.0,4683527.0,4683527.0,1611463.0,1127233.0
17.0,45.7,8925145600.0,1117983744.0,4698982.0,4698982.0,1618032.0,1132354.0
20.1,46.1,8925145600.0,1117983744.0,4728403.0,4728403.0,1624486.0,1137892.0
25.3,46.1,8925145600.0,1117983744.0,4745200.0,4745200.0,1631552.0,1143708.0
23.1,46.3,8925145600.0,1117983744.0,4762236.0,4762236.0,1638341.0,1148458.0
20.1,46.2,8925145600.0,1119360000.0,4778295.0,4778295.0,1644776.0,1152770.0
20.1,46.2,8925145600.0,1126962176.0,4794625.0,4794625.0,1650995.0,1157036.0
20.6,46.4,8925145600.0,1126962176.0,4813843.0,4813843.0,1657122.0,1161157.0
26.3,46.5,8925145600.0,1126962176.0,4830715.0,4830715.0,1664226.0,1166983.0
27.7,46.5,8925211136.0,1126962176.0,4848831.0,4848831.0,1671663.0,1174150.0
23.0,46.4,8925211136.0,1128461312.0,4866244.0,4866244.0,1679096.0,1181059.0
22.3,46.4,8925211136.0,1128592384.0,4883928.0,4883928.0,1686281.0,1187697.0
24.6,46.4,8925211136.0,1128592384.0,4903083.0,4903083.0,1693939.0,1194722.0
25.4,46.4,8925211136.0,1132893184.0,4925026.0,4925026.0,1701833.0,1201984.0
24.4,46.5,8925309440.0,1132893184.0,4943519.0,4943519.0,1709403.0,1209145.0
25.7,46.5,8925309440.0,1132893184.0,4962285.0,4962285.0,1716771.0,1215748.0
21.3,46.5,8927046144.0,1173165056.0,4981319.0,4981319.0,1727417.0,1221542.0
19.9,46.5,8927046144.0,1173165056.0,5000626.0,5000626.0,1733461.0,1225711.0
20.3,46.5,8927144448.0,1173173248.0,5022220.0,5022220.0,1739532.0,1229962.0
22.2,46.0,8927373824.0,1173173248.0,5042069.0,5042069.0,1746075.0,1234588.0
21.6,46.0,8927373824.0,1175843840.0,5062186.0,5062186.0,1753191.0,1239392.0
21.8,45.9,8927402496.0,1175884800.0,5082573.0,5082573.0,1759533.0,1243860.0
19.7,45.9,8927402496.0,1176392704.0,5103227.0,5103227.0,1765412.0,1248113.0
20.8,45.9,8927435264.0,1179104256.0,5125433.0,5125433.0,1771528.0,1252363.0
21.0,45.9,8927435264.0,1179104256.0,5146629.0,5146629.0,1777418.0,1256558.0
21.0,45.9,8927435264.0,1179120640.0,5168092.0,5168092.0,1783240.0,1260860.0
19.2,45.9,8927435264.0,1179128832.0,5189824.0,5189824.0,1789455.0,1265065.0
19.1,45.9,8927435264.0,1179165696.0,5211828.0,5211828.0,1795624.0,1269274.0
20.7,45.9,8927435264.0,1179165696.0,5234102.0,5234102.0,1801421.0,1273465.0
22.8,45.9,8927435264.0,1179165696.0,5277640.0,5277640.0,1808846.0,1279598.0
20.8,45.9,8927435264.0,1179173888.0,5300451.0,5300451.0,1814702.0,1283952.0
21.8,45.9,8927435264.0,1179173888.0,5324014.0,5324014.0,1821462.0,1288401.0
25.2,45.9,8927435264.0,1179173888.0,5347364.0,5347364.0,1828800.0,1294153.0
23.6,46.0,8927468032.0,1179173888.0,5370989.0,5370989.0,1835745.0,1299846.0
28.7,46.0,8927468032.0,1179173888.0,5394885.0,5394885.0,1843769.0,1305908.0
21.4,46.6,8927812096.0,1179198464.0,5419052.0,5419052.0,1850206.0,1310426.0
11.4,46.6,8927812096.0,1185227776.0,5443490.0,5443490.0,1853747.0,1313704.0
27.2,47.0,8927812096.0,1185678336.0,5471183.0,5471183.0,1862317.0,1318626.0
30.1,47.0,8927812096.0,1186579456.0,5497123.0,5497123.0,1868600.0,1323125.0
24.8,46.6,8927812096.0,1186579456.0,5522374.0,5522374.0,1874224.0,1327452.0
24.6,46.5,8927812096.0,1186579456.0,5550328.0,5550328.0,1880860.0,1332004.0
81.0,34.0,12166642176.0,16059479040.0,29609466.0,399573301.0,17987549.0,9145835.0
100.0,35.5,12172204544.0,16063165440.0,29625056.0,400027588.0,17998299.0,9155944.0
99.8,36.3,12181207552.0,16070153216.0,29630117.0,400038791.0,18008579.0,9165261.0
100.0,37.3,12193856000.0,16070628352.0,29667714.0,400157093.0,18021289.0,9174590.0
100.0,38.2,12199696896.0,16071676928.0,29707280.0,400709640.0,18038708.0,9187809.0
100.0,38.9,12204104192.0,16089404416.0,29726291.0,400743772.0,18051410.0,9197367.0
100.0,38.6,12215417344.0,16097293312.0,29737670.0,400760776.0,18062492.0,9207742.0
100.0,39.2,12223830528.0,16098079744.0,29748029.0,400781364.0,18071699.0,9217335.0
100.0,39.8,12228409856.0,16098079744.0,29759229.0,400796385.0,18080430.0,9226531.0
100.0,41.0,12233169408.0,16099931136.0,29776405.0,400827138.0,18091405.0,9236953.0
100.0,42.2,12234447360.0,16101979136.0,29786544.0,400842662.0,18101236.0,9247166.0
100.0,43.4,12250003968.0,16104338432.0,32353179.0,403412175.0,18116781.0,9257216.0
100.0,44.5,12253428224.0,16107246592.0,33889613.0,404956401.0,18130016.0,9267673.0
100.0,45.3,12253723136.0,16107246592.0,33921653.0,404996870.0,18141210.0,9277731.0
100.0,46.3,12255681024.0,16107385856.0,34091414.0,405165891.0,18151965.0,9287815.0
100.0,47.1,12255992320.0,16107394048.0,34106099.0,405179439.0,18160930.0,9297852.0
100.0,47.8,12256025088.0,16107402240.0,34126806.0,405200706.0,18171862.0,9308946.0
96.9,48.3,12256500224.0,16107402240.0,34139233.0,405213029.0,18183438.0,9320530.0
40.0,48.3,12256500224.0,16107402240.0,34149006.0,405222222.0,18193872.0,9330075.0
40.4,48.8,12256606720.0,16107402240.0,34159439.0,405235181.0,18203565.0,9339504.0
32.8,48.8,12259416576.0,16108499968.0,34170054.0,405248271.0,18212330.0,9345695.0
51.8,49.3,12259482112.0,16110646272.0,34180292.0,405257475.0,18220252.0,9353267.0
51.1,49.8,12263455232.0,16190272512.0,34190548.0,405267494.0,18229390.0,9361263.0
45.3,49.9,12306020864.0,16331125760.0,34201607.0,405279673.0,18255629.0,9373685.0
39.2,50.0,12307257856.0,16332731392.0,34212709.0,405292055.0,18266169.0,9380672.0
40.3,50.1,12307257856.0,16332739584.0,34223672.0,405302962.0,18275441.0,9387291.0
37.2,50.1,12307323392.0,16333403136.0,34236285.0,405318074.0,18283921.0,9394068.0
35.8,48.9,12310125056.0,16338367488.0,34248000.0,405330863.0,18293561.0,9402379.0
18.1,47.4,12310321664.0,16369316864.0,34264169.0,405352587.0,18300558.0,9406907.0
9.6,47.4,12310321664.0,16369316864.0,34277795.0,405370767.0,18307721.0,9411117.0
9.6,47.3,12310583808.0,16370045952.0,34292172.0,405387262.0,18315123.0,9415368.0
9.9,47.2,12310870528.0,16371397632.0,34306272.0,405403803.0,18322887.0,9420000.0
18.5,47.4,12311509504.0,16372626432.0,34321078.0,405424669.0,18334608.0,9425357.0
10.1,47.3,12311738880.0,16372765696.0,34335985.0,405445747.0,18342219.0,9429663.0
8.9,47.2,12311738880.0,16372986880.0,34351461.0,405467219.0,18350041.0,9433941.0
11.1,47.2,12311902720.0,16373093376.0,34366832.0,405488632.0,18358522.0,9439208.0
12.4,47.2,12311902720.0,16373380096.0,34382674.0,405510390.0,18368578.0,9446321.0
9.0,47.1,12311935488.0,16373855232.0,34409908.0,405543611.0,18376177.0,9450793.0
13.5,47.1,12311935488.0,16373855232.0,34428955.0,405566454.0,18386502.0,9458280.0
12.1,47.2,12313287168.0,16373855232.0,34446397.0,405591567.0,18395110.0,9463729.0
39.4,46.8,12346628608.0,16374305792.0,34452966.0,405604224.0,18407327.0,9474482.0
76.9,47.4,12347415040.0,16374313984.0,34493600.0,405653425.0,18423248.0,9486869.0
15.5,47.3,12347881984.0,16377033728.0,34510885.0,405676198.0,18433979.0,9494264.0
17.5,47.3,12349913600.0,16377033728.0,34532007.0,405705581.0,18445970.0,9502371.0
19.0,47.3,12349938176.0,16377033728.0,34559580.0,405742588.0,18458863.0,9510902.0
10.6,47.3,12349938176.0,16377033728.0,34577349.0,405765546.0,18468030.0,9517756.0
11.8,47.3,12351617536.0,16377033728.0,34596744.0,405788939.0,18477415.0,9523966.0
10.1,47.3,12351683072.0,16377328640.0,34616566.0,405815663.0,18485261.0,9529081.0
21.0,47.0,12351707648.0,16377328640.0,34639704.0,405843097.0,18496391.0,9535359.0
19.8,47.2,12351805952.0,16377361408.0,34668994.0,405878513.0,18510535.0,9543998.0
14.0,47.1,12352141824.0,16378246144.0,34688572.0,405904357.0,18522171.0,9552397.0
16.0,47.2,12352862720.0,16378418176.0,34708638.0,405930178.0,18533147.0,9559259.0
20.4,47.5,12353223168.0,16381285376.0,34728691.0,405956387.0,18547785.0,9568819.0
23.4,48.8,12377512448.0,16454980608.0,34765616.0,405998059.0,18568687.0,9578898.0
16.9,48.8,12377676288.0,16456070144.0,34786634.0,406025060.0,18581174.0,9586916.0
14.7,48.8,12377733632.0,16456070144.0,34815150.0,406059418.0,18592623.0,9594794.0
12.1,48.7,12377774592.0,16456070144.0,34836521.0,406086780.0,18602820.0,9601872.0
9.4,48.6,12377807360.0,16459338752.0,34858028.0,406114031.0,18610389.0,9605871.0
9.4,48.6,12377807360.0,16459338752.0,34880116.0,406142042.0,18617567.0,9609869.0
9.1,48.6,12377807360.0,16459338752.0,34902767.0,406170266.0,18624690.0,9613863.0
12.6,48.6,12377938432.0,16461288448.0,34937289.0,406213471.0,18635100.0,9620702.0
12.8,49.0,12377938432.0,16461894656.0,34965159.0,406251567.0,18646190.0,9629459.0
14.2,49.0,12377971200.0,16461911040.0,34988199.0,406279372.0,18657099.0,9639565.0
13.5,49.0,12377971200.0,16461919232.0,35011286.0,406308881.0,18667761.0,9647276.0
17.4,49.0,12377971200.0,16461919232.0,35034848.0,406338339.0,18680537.0,9655687.0
10.6,49.0,12377971200.0,16462140416.0,35058805.0,406368162.0,18690081.0,9664178.0
18.4,48.8,12377971200.0,16462140416.0,35082646.0,406398171.0,18700154.0,9671409.0
18.4,48.9,12377971200.0,16462140416.0,35108648.0,406430662.0,18711122.0,9678624.0
13.2,48.9,12377971200.0,16462943232.0,35133353.0,406458391.0,18721016.0,9685215.0
23.3,48.9,12391684608.0,16462943232.0,35158206.0,406489471.0,18734838.0,9693731.0
23.9,48.9,12402055680.0,16462943232.0,35185894.0,406521820.0,18745457.0,9703355.0
13.9,48.8,12402768384.0,16465499136.0,35211059.0,406553199.0,18756042.0,9711649.0
15.1,48.6,12402768384.0,16465531904.0,35237752.0,406586213.0,18767565.0,9720097.0
22.3,48.6,12402768384.0,16465531904.0,35270722.0,406626750.0,18780020.0,9730959.0
14.5,48.4,12402883072.0,16465531904.0,35303803.0,406666526.0,18790589.0,9736013.0
11.1,48.4,12402883072.0,16465531904.0,35330216.0,406698016.0,18798691.0,9740677.0
17.7,48.3,12402883072.0,16465802240.0,35357836.0,406730691.0,18810854.0,9745749.0
13.8,48.4,12402883072.0,16465826816.0,35385564.0,406764932.0,18820193.0,9750488.0
14.3,48.6,12402915840.0,16466695168.0,35412657.0,406798157.0,18829207.0,9755317.0
15.4,48.7,12402915840.0,16466695168.0,35463261.0,406855014.0,18839365.0,9760267.0
16.9,48.5,12402915840.0,16466695168.0,35493822.0,406889870.0,18849288.0,9767634.0
16.1,48.5,12402915840.0,16466703360.0,35521625.0,406923675.0,18859383.0,9775463.0
15.6,48.5,12404357632.0,16498947072.0,35550018.0,406958284.0,18873086.0,9784323.0
11.8,48.4,12404357632.0,16499168256.0,35578924.0,406993845.0,18881444.0,9789848.0
10.1,48.4,12404357632.0,16499168256.0,35608170.0,407028526.0,18888775.0,9793988.0
9.2,48.4,12404357632.0,16499168256.0,35637036.0,407063925.0,18896090.0,9798000.0
9.9,48.4,12404455936.0,16499364864.0,35667711.0,407101164.0,18903527.0,9802192.0
10.2,48.4,12404513280.0,16502338560.0,35697671.0,407136544.0,18911419.0,9806762.0
16.3,48.8,12404513280.0,16502338560.0,35727351.0,407169318.0,18920879.0,9814444.0
15.7,48.8,12404513280.0,16503002112.0,35757704.0,407205790.0,18932016.0,9821866.0
12.7,49.1,12404513280.0,16503002112.0,35788721.0,407242557.0,18940502.0,9827243.0
11.6,49.2,12404513280.0,16503002112.0,35822176.0,407280556.0,18948936.0,9831911.0
19.5,49.2,12404513280.0,16503002112.0,35853074.0,407316311.0,18961143.0,9839202.0
9.0,48.9,12404513280.0,16503010304.0,35884377.0,407352474.0,18968055.0,9843103.0
7.9,48.9,12404513280.0,16503010304.0,35915781.0,407385546.0,18974520.0,9846742.0
7.9,48.9,12404513280.0,16503010304.0,35946276.0,407415475.0,18980725.0,9850325.0
8.6,48.8,12404611584.0,16503616512.0,35978075.0,407446738.0,18987377.0,9853908.0
9.4,48.7,12404611584.0,16503616512.0,36010906.0,407484111.0,18993935.0,9857635.0
10.0,48.7,12404611584.0,16503616512.0,36043242.0,407522814.0,19000539.0,9861382.0
8.4,48.8,12404611584.0,16504222720.0,36076020.0,407560911.0,19007407.0,9865219.0
12.2,48.8,12404619776.0,16504370176.0,36109686.0,407600526.0,19018142.0,9872742.0
15.7,48.9,12404619776.0,16504370176.0,36143412.0,407640573.0,19029117.0,9879649.0
13.2,48.9,12404619776.0,16504370176.0,36150304.0,407651344.0,19040502.0,9887748.0
14.3,48.7,12404619776.0,16504370176.0,36184843.0,407691865.0,19052863.0,9896537.0
21.5,48.7,12404619776.0,16504976384.0,36219429.0,407732393.0,19067321.0,9905649.0
21.9,48.6,12406200832.0,16504984576.0,36254030.0,407773509.0,19079198.0,9913405.0
11.3,48.7,12406200832.0,16504984576.0,36290771.0,407816247.0,19087082.0,9917955.0
16.2,48.7,12406200832.0,16504984576.0,36327166.0,407858526.0,19100034.0,9927128.0
17.0,48.9,12406200832.0,16505017344.0,36363029.0,407899299.0,19111366.0,9934547.0
18.5,49.1,12406200832.0,16505025536.0,36431676.0,407971988.0,19122266.0,9941082.0
16.0,49.1,12406200832.0,16505025536.0,36467476.0,408010772.0,19133936.0,9948876.0
9.4,49.0,12406200832.0,16505025536.0,36504094.0,408052387.0,19141625.0,9953343.0
8.7,49.0,12406725120.0,16522499072.0,36542858.0,408095255.0,19150594.0,9957912.0
8.2,49.0,12406725120.0,16522499072.0,36579806.0,408138958.0,19157488.0,9961724.0
10.4,49.0,12406725120.0,16522499072.0,36617122.0,408182020.0,19165839.0,9967062.0
15.6,49.2,12406823424.0,16523908096.0,36655027.0,408225575.0,19177324.0,9977271.0
13.2,49.2,12406823424.0,16523908096.0,36701854.0,408275469.0,19188115.0,9986444.0
28.7,49.6,12421069312.0,16524063744.0,36751171.0,408331320.0,19202867.0,9995320.0
30.4,49.6,12421069312.0,16529241088.0,36795088.0,408377188.0,19215645.0,10003960.0
16.2,49.7,12421069312.0,16529241088.0,36843364.0,408430879.0,19226299.0,10010650.0
8.5,49.5,12421069312.0,16529863680.0,36883473.0,408476720.0,19233586.0,10014620.0
9.1,49.0,12421069312.0,16530027520.0,36922504.0,408522204.0,19240667.0,10018504.0
8.8,49.0,12421069312.0,16530027520.0,36961711.0,408567596.0,19247456.0,10022209.0
15.8,49.1,12421069312.0,16530035712.0,37003791.0,408614661.0,19258379.0,10028882.0
25.3,49.2,12421446144.0,16530076672.0,37103277.0,408721942.0,19272189.0,10037204.0
12.9,49.2,12421446144.0,16530863104.0,37144705.0,408770565.0,19283197.0,10044376.0
20.1,49.4,12421700096.0,16531100672.0,37217370.0,408849365.0,19292335.0,10050007.0
16.3,49.4,12421700096.0,16531100672.0,37259814.0,408900275.0,19304775.0,10058205.0
16.5,49.2,12421700096.0,16531100672.0,37306428.0,408957842.0,19317594.0,10066682.0
21.4,49.2,12422044160.0,16531133440.0,37416966.0,409078553.0,19329611.0,10073827.0
30.6,49.3,12423731712.0,16531575808.0,37990670.0,409660019.0,19344600.0,10081851.0
19.7,49.4,12423731712.0,16532321280.0,38034760.0,409709124.0,19359391.0,10090960.0
17.6,49.4,12423731712.0,16532321280.0,38081138.0,409764631.0,19372655.0,10099354.0
21.5,49.5,12423731712.0,16532321280.0,38123374.0,409813017.0,19385435.0,10107189.0
19.5,49.5,12424092160.0,16534320128.0,38168956.0,409864401.0,19399935.0,10116045.0
15.0,49.5,12424124928.0,16534336512.0,38212831.0,409914591.0,19411948.0,10124077.0
13.9,49.5,12424124928.0,16534344704.0,38257754.0,409965937.0,19423874.0,10132344.0
12.2,49.2,12424190464.0,16534361088.0,38301314.0,410015331.0,19434224.0,10138384.0
12.3,49.1,12424190464.0,16534361088.0,38344623.0,410061147.0,19444825.0,10145335.0
16.9,49.4,12424190464.0,16534361088.0,38390950.0,410114107.0,19457271.0,10153457.0
14.9,49.5,12424256000.0,16534361088.0,38435774.0,410168086.0,19468239.0,10160834.0
18.8,49.4,12428155392.0,16581506048.0,38480297.0,410219389.0,19487709.0,10172706.0
21.3,49.8,12428155392.0,16583717888.0,38565308.0,410308607.0,19500811.0,10180445.0
19.7,50.0,12428155392.0,16583717888.0,38609722.0,410352445.0,19512886.0,10188562.0
12.8,49.9,12428155392.0,16583717888.0,38653496.0,410397344.0,19520809.0,10193173.0
15.5,49.7,12428155392.0,16583717888.0,38703879.0,410453067.0,19527976.0,10199343.0
10.1,49.6,12428442112.0,16584324096.0,38751200.0,410506956.0,19535477.0,10203552.0
9.2,49.5,12428442112.0,16584373248.0,38797981.0,410559634.0,19542502.0,10207512.0
9.9,49.5,12428442112.0,16589214720.0,38847459.0,410613945.0,19550258.0,10211619.0
9.6,49.5,12428442112.0,16589214720.0,38894138.0,410666490.0,19557506.0,10215638.0
9.1,49.4,12428507648.0,16589632512.0,38941656.0,410725342.0,19565042.0,10219706.0
9.1,49.3,12428507648.0,16589632512.0,38989106.0,410778652.0,19571990.0,10223578.0
8.9,49.3,12428507648.0,16589632512.0,39036923.0,410832375.0,19578967.0,10227435.0
14.3,49.4,12428507648.0,16590296064.0,39084517.0,410884859.0,19589180.0,10233946.0
16.9,49.6,12428507648.0,16590312448.0,39132755.0,410939383.0,19600339.0,10240809.0
16.2,49.6,12428507648.0,16590328832.0,39140404.0,410949669.0,19613529.0,10249304.0
13.6,49.5,12428507648.0,16590492672.0,39189934.0,411005636.0,19625025.0,10258335.0
12.8,49.5,12428507648.0,16590492672.0,39238799.0,411059237.0,19635553.0,10265855.0
12.6,49.2,12428507648.0,16591459328.0,39290942.0,411116941.0,19645788.0,10273570.0
11.6,49.2,12432873984.0,16591459328.0,39339655.0,411170143.0,19655116.0,10280776.0
14.8,49.0,12432873984.0,16591459328.0,39440516.0,411276650.0,19666868.0,10289046.0
11.5,49.0,12432873984.0,16592016384.0,39491459.0,411333946.0,19676099.0,10296020.0
20.5,49.0,12432988672.0,16592016384.0,39542083.0,411390592.0,19691275.0,10305204.0
13.9,49.0,12432988672.0,16592016384.0,39593249.0,411447591.0,19703285.0,10313987.0
18.9,49.0,12432988672.0,16592016384.0,39644263.0,411500476.0,19717818.0,10323716.0
18.4,49.1,12433046016.0,16592016384.0,39695852.0,411557272.0,19731194.0,10331749.0
16.6,49.1,12433046016.0,16592016384.0,39751828.0,411620653.0,19744223.0,10340199.0
14.5,49.1,12433046016.0,16592016384.0,39803601.0,411678808.0,19755776.0,10348409.0
17.3,49.1,12433046016.0,16592016384.0,39854487.0,411730633.0,19767947.0,10356220.0
19.4,49.2,12433046016.0,16592016384.0,39908725.0,411788414.0,19780578.0,10363967.0
18.2,49.5,12433046016.0,16592032768.0,40009390.0,411898298.0,19791262.0,10370631.0
12.1,49.5,12433603072.0,16623727616.0,40062332.0,411962647.0,19803044.0,10376568.0
13.1,49.6,12433603072.0,16623727616.0,40118964.0,412029085.0,19812493.0,10382442.0
18.5,49.6,12433603072.0,16624055296.0,40173063.0,412089406.0,19825126.0,10391115.0
36.0,49.9,12433930752.0,16624088064.0,40186907.0,412129505.0,19838869.0,10399901.0
22.6,49.8,12433930752.0,16624874496.0,40241227.0,412190047.0,19853111.0,10409005.0
25.4,48.5,12433963520.0,16626856960.0,40298508.0,412250408.0,19865492.0,10417255.0
17.9,48.3,12433963520.0,16626881536.0,40353423.0,412316628.0,19875496.0,10424730.0
13.7,48.3,12433963520.0,16633123840.0,40408612.0,412384352.0,19885451.0,10431619.0
11.2,48.2,12434225664.0,16633345024.0,40463258.0,412446348.0,19893577.0,10436344.0
11.6,48.2,12434225664.0,16633345024.0,40519347.0,412509692.0,19901844.0,10441844.0
11.5,48.2,12434225664.0,16633345024.0,40575081.0,412579127.0,19910014.0,10446500.0
11.6,47.8,12434225664.0,16633345024.0,40631345.0,412649042.0,19918190.0,10451049.0
91.0,36.8,12714465792.0,16832459776.0,41351925.0,415576973.0,20701300.0,10881671.0
100.0,38.0,12714482176.0,16833606656.0,41357088.0,415589226.0,20711410.0,10890796.0
100.0,39.6,12714482176.0,16833606656.0,41361598.0,415600106.0,20719663.0,10899007.0
100.0,40.9,12714482176.0,16834515968.0,41366556.0,415611302.0,20728207.0,10907840.0
99.8,42.3,12714580480.0,16835187712.0,41386930.0,415638021.0,20738132.0,10917021.0
100.0,43.5,12715031040.0,16835277824.0,41413317.0,415684832.0,20757209.0,10930155.0
100.0,44.2,12716915200.0,16836703232.0,41431502.0,416161173.0,20774257.0,10944414.0
100.0,44.4,12717128192.0,16836834304.0,41624547.0,416368287.0,20794506.0,10960099.0
100.0,44.9,12719471104.0,16841987072.0,45043627.0,419794825.0,20818496.0,10974771.0
99.8,46.0,12719938048.0,16842929152.0,46430595.0,421195456.0,20842774.0,10993602.0
100.0,47.3,12720380416.0,16845018112.0,46577160.0,421361850.0,20861752.0,11008968.0
100.0,48.2,12720445952.0,16846369792.0,46589315.0,421381113.0,20874762.0,11021456.0
99.8,48.7,12736076288.0,16851719168.0,46619038.0,421422156.0,20891505.0,11036507.0
100.0,49.5,12736174592.0,16851850240.0,46629820.0,421432037.0,20902690.0,11049191.0
100.0,50.5,12736854528.0,16851850240.0,46641321.0,421444177.0,20915807.0,11062007.0
100.0,50.4,12766607872.0,16852276224.0,46671718.0,421495798.0,20935891.0,11078917.0
100.0,51.1,12768672256.0,16970396672.0,46685318.0,421526451.0,20948904.0,11091135.0
99.3,50.4,12768770560.0,16970863616.0,46703261.0,421553953.0,20962672.0,11103515.0
76.5,50.5,12768934400.0,16973493248.0,46714316.0,421571645.0,20975280.0,11115540.0
41.6,50.6,12768934400.0,16973493248.0,46735139.0,421601905.0,20986192.0,11124270.0
46.8,51.3,12769131008.0,16976835584.0,46764007.0,421637560.0,20998767.0,11133939.0
43.5,51.5,12770515456.0,16978121728.0,46775976.0,421656102.0,21010892.0,11143197.0
50.0,51.5,12770548224.0,16978121728.0,46787199.0,421674791.0,21018475.0,11150669.0
51.8,51.9,12770548224.0,16978301952.0,46802498.0,421701417.0,21027818.0,11158771.0
37.1,51.8,12770548224.0,16978301952.0,46816194.0,421727020.0,21037266.0,11166328.0
37.6,51.9,12770548224.0,16978301952.0,46828962.0,421745162.0,21047284.0,11175256.0
48.3,52.0,12770580992.0,16978867200.0,46842591.0,421773244.0,21059358.0,11186456.0
65.9,52.0,12771375616.0,16981869568.0,46863044.0,421806008.0,21073999.0,11197779.0
38.7,50.2,12774611456.0,16982778880.0,46894396.0,421845274.0,21086859.0,11207682.0
19.2,50.3,12774742528.0,16983409664.0,46908621.0,421866156.0,21099363.0,11215935.0
32.9,51.3,12774963712.0,16984073216.0,46923981.0,421894350.0,21111213.0,11225669.0
15.1,51.2,12775324160.0,16986334208.0,46944492.0,421928598.0,21121269.0,11231332.0
10.9,51.2,12775356928.0,16986375168.0,46981745.0,421974388.0,21129295.0,11235792.0
12.3,51.1,12775389696.0,16986391552.0,47008305.0,422010996.0,21138009.0,11240561.0
12.0,51.1,12775455232.0,16986416128.0,47026276.0,422037148.0,21145984.0,11245211.0
14.0,51.7,12775455232.0,16986416128.0,47043103.0,422064898.0,21155790.0,11253429.0
18.2,51.7,12775619072.0,16986924032.0,47058998.0,422099851.0,21167730.0,11263608.0
18.1,51.6,12776241664.0,16990774272.0,47075585.0,422129505.0,21179786.0,11272030.0
16.0,51.6,12776274432.0,16990938112.0,47091589.0,422158949.0,21191638.0,11280345.0
12.8,51.4,12776339968.0,16990970880.0,47108332.0,422186532.0,21200926.0,11286846.0
10.9,51.0,12776372736.0,16992027648.0,47125155.0,422221503.0,21209011.0,11291463.0
11.4,51.0,12776438272.0,16993371136.0,47142356.0,422261405.0,21218684.0,11297486.0
9.7,51.0,12776438272.0,16993608704.0,47159653.0,422289537.0,21226228.0,11301841.0
10.3,51.0,12776438272.0,16993682432.0,47177399.0,422320558.0,21234011.0,11306380.0
23.3,50.9,12776897024.0,16993985536.0,47204510.0,422357377.0,21246588.0,11316694.0
18.3,50.7,12790200832.0,17083597824.0,47222970.0,422386504.0,21271038.0,11328986.0
12.7,50.7,12790299136.0,17086235648.0,47241667.0,422416133.0,21281332.0,11335131.0
13.0,50.7,12790299136.0,17086235648.0,47261014.0,422445647.0,21291016.0,11340524.0
11.4,50.7,12790299136.0,17086235648.0,47281303.0,422474791.0,21300402.0,11345711.0
12.2,50.7,12790397440.0,17086850048.0,47319725.0,422521732.0,21310132.0,11351010.0
12.8,50.5,12790397440.0,17089602560.0,47339588.0,422547869.0,21319643.0,11356079.0
12.1,50.4,12790626816.0,17092232192.0,47359535.0,422574572.0,21329316.0,11361253.0
11.7,50.3,12790651392.0,17092232192.0,47380256.0,422600997.0,21338706.0,11366462.0
12.4,50.4,12790651392.0,17092232192.0,47402011.0,422629219.0,21348120.0,11371474.0
18.8,50.4,12790651392.0,17092494336.0,47423514.0,422658652.0,21357590.0,11377171.0
12.0,50.3,12790651392.0,17092494336.0,47447176.0,422686647.0,21366889.0,11382346.0
12.0,50.3,12790651392.0,17092846592.0,47468815.0,422713900.0,21376258.0,11387413.0
11.9,50.3,12790651392.0,17092846592.0,47490486.0,422741750.0,21385262.0,11392253.0
13.0,50.4,12790651392.0,17093682176.0,47512424.0,422780152.0,21395410.0,11397469.0
13.9,50.4,12790651392.0,17093682176.0,47534601.0,422819599.0,21406029.0,11403083.0
13.3,50.5,12790651392.0,17093682176.0,47557483.0,422852961.0,21416219.0,11408535.0
20.3,50.5,12790684160.0,17094181888.0,47579709.0,422880188.0,21425718.0,11413848.0
12.8,50.4,12790684160.0,17094943744.0,47602951.0,422909710.0,21435306.0,11418903.0
13.6,50.4,12790684160.0,17095590912.0,47627513.0,422940852.0,21445109.0,11424327.0
13.6,50.6,12790684160.0,17095590912.0,47651341.0,422975607.0,21454976.0,11429551.0
12.8,50.6,12790684160.0,17095590912.0,47677812.0,423006351.0,21464719.0,11434652.0
14.5,50.6,12790684160.0,17095590912.0,47702054.0,423046749.0,21474894.0,11440165.0
15.7,50.6,12794976768.0,17095590912.0,47725782.0,423084174.0,21485479.0,11445795.0
13.1,50.6,12794976768.0,17095599104.0,47750662.0,423120546.0,21495356.0,11451184.0
14.8,50.7,12794976768.0,17095599104.0,47775710.0,423158639.0,21505822.0,11456774.0
12.3,50.7,12794976768.0,17095599104.0,47800685.0,423187430.0,21515066.0,11461885.0
13.6,50.8,12794976768.0,17095607296.0,47825946.0,423220885.0,21524159.0,11466904.0
11.9,50.8,12794976768.0,17095607296.0,47852733.0,423255399.0,21533100.0,11471778.0
12.1,50.6,12795009536.0,17097163776.0,47879094.0,423287967.0,21542863.0,11477083.0
11.9,50.6,12795075072.0,17097475072.0,47905294.0,423324396.0,21552421.0,11482317.0
11.9,50.6,12795304448.0,17097786368.0,47932180.0,423360994.0,21561954.0,11487510.0
15.1,50.8,12796451328.0,17134404608.0,47967703.0,423410146.0,21575536.0,11494134.0
13.4,50.8,12796451328.0,17134404608.0,47994959.0,423448212.0,21585012.0,11499418.0
12.1,50.8,12796451328.0,17134404608.0,48022228.0,423481126.0,21594023.0,11504493.0
12.7,50.7,12796451328.0,17134404608.0,48061063.0,423529031.0,21603247.0,11509823.0
11.4,50.8,12796451328.0,17134732288.0,48088853.0,423562466.0,21611818.0,11514507.0
13.4,50.8,12796484096.0,17135371264.0,48117050.0,423597206.0,21621424.0,11519870.0
12.1,50.9,12796484096.0,17135371264.0,48146756.0,423633622.0,21630749.0,11524938.0
11.6,50.9,12796484096.0,17135371264.0,48175861.0,423669115.0,21639718.0,11529965.0
13.5,50.8,12796484096.0,17135371264.0,48205415.0,423703927.0,21649365.0,11535184.0
11.9,50.8,12796484096.0,17135608832.0,48234420.0,423743387.0,21658886.0,11540659.0
26.6,51.4,12796484096.0,17135772672.0,48266882.0,423782361.0,21670892.0,11549762.0
27.4,51.4,12796484096.0,17135772672.0,48296544.0,423819157.0,21682519.0,11558273.0
20.2,51.4,12796582400.0,17135772672.0,48329551.0,423858219.0,21693329.0,11564996.0
19.5,51.3,12796582400.0,17135780864.0,48360525.0,423896168.0,21705915.0,11572917.0
17.7,51.3,12796582400.0,17135780864.0,48391493.0,423933596.0,21718398.0,11580679.0
15.1,51.0,12796582400.0,17135780864.0,48422501.0,423971283.0,21729779.0,11588453.0
17.6,51.0,12796582400.0,17136387072.0,48465857.0,424018522.0,21742291.0,11597192.0
16.7,51.1,12796582400.0,17136387072.0,48499087.0,424057236.0,21753092.0,11603749.0
16.0,51.0,12796582400.0,17136387072.0,48531390.0,424096390.0,21765283.0,11613779.0
16.4,51.0,12796582400.0,17136387072.0,48563401.0,424134414.0,21777560.0,11622707.0
15.0,50.9,12796582400.0,17136632832.0,48595853.0,424171445.0,21789122.0,11630838.0
15.0,50.7,12796582400.0,17136632832.0,48630781.0,424210781.0,21799948.0,11637593.0
10.9,50.6,12796615168.0,17136632832.0,48663664.0,424249974.0,21808475.0,11644372.0
22.0,51.0,12797057536.0,17136632832.0,48702018.0,424293626.0,21820933.0,11651418.0
18.9,50.9,12797057536.0,17136632832.0,48735621.0,424333217.0,21832383.0,11659923.0
12.6,50.9,12797147648.0,17136632832.0,48769144.0,424372688.0,21841486.0,11665839.0
14.3,50.9,12797147648.0,17136632832.0,48804176.0,424413018.0,21850878.0,11671144.0
23.3,51.0,12797147648.0,17136632832.0,48849277.0,424462717.0,21864802.0,11679423.0
26.2,51.0,12800793088.0,17138156544.0,48884443.0,424503679.0,21879465.0,11687663.0
21.1,51.0,12801055232.0,17139196928.0,48918361.0,424540373.0,21893244.0,11697162.0
19.0,51.0,12801546752.0,17162462208.0,48953594.0,424581255.0,21906916.0,11707326.0
13.3,50.9,12801546752.0,17162462208.0,48991287.0,424622708.0,21917349.0,11716320.0
15.7,50.9,12802169344.0,17165034496.0,49028928.0,424665909.0,21930104.0,11725615.0
16.6,50.9,12802169344.0,17165034496.0,49064741.0,424707942.0,21941945.0,11735415.0
16.7,50.8,12806978048.0,17165034496.0,49101221.0,424749925.0,21953866.0,11746107.0
13.9,50.8,12806978048.0,17176167424.0,49138676.0,424792716.0,21965842.0,11755032.0
14.5,50.9,12806978048.0,17176167424.0,49176160.0,424837271.0,21977586.0,11765468.0
15.2,50.9,12806978048.0,17176404992.0,49213719.0,424880663.0,21989316.0,11773527.0
21.2,50.8,12807059968.0,17176404992.0,49283675.0,424956970.0,22002650.0,11781966.0
24.0,51.0,12807125504.0,17176404992.0,49322236.0,425001035.0,22017852.0,11791165.0
22.4,51.0,12807125504.0,17176404992.0,49360285.0,425044945.0,22031852.0,11799540.0
17.9,51.1,12807125504.0,17176404992.0,49398641.0,425089222.0,22043833.0,11806328.0
18.0,51.0,12807125504.0,17176429568.0,49444280.0,425140764.0,22055929.0,11814660.0
15.9,51.0,12807191040.0,17178706944.0,49485843.0,425185091.0,22068358.0,11822828.0
14.5,51.0,12807191040.0,17178706944.0,49523315.0,425222002.0,22079300.0,11831505.0
17.3,51.0,12807191040.0,17178706944.0,49566648.0,425274924.0,22092096.0,11840807.0
20.0,50.9,12807191040.0,17178706944.0,49613379.0,425332717.0,22105657.0,11850258.0
17.5,50.9,12807191040.0,17180042240.0,49652980.0,425378525.0,22119002.0,11859421.0
15.2,50.9,12807191040.0,17180042240.0,49693660.0,425424718.0,22128474.0,11864703.0
21.3,51.0,12807191040.0,17180042240.0,49738992.0,425477478.0,22141272.0,11872583.0
20.4,51.5,12807191040.0,17180050432.0,49780252.0,425524389.0,22152958.0,11879788.0
19.2,51.5,12807256576.0,17180722176.0,49820722.0,425569062.0,22164997.0,11887843.0
18.1,51.4,12807256576.0,17180730368.0,49862131.0,425616304.0,22176942.0,11895953.0
14.9,51.4,12807256576.0,17182426112.0,49906316.0,425664626.0,22187334.0,11902453.0
13.9,51.4,12807256576.0,17182426112.0,49947922.0,425711168.0,22197069.0,11910612.0
16.5,51.4,12807256576.0,17182426112.0,49990546.0,425761126.0,22207542.0,11919075.0
11.3,51.4,12807256576.0,17182426112.0,50033108.0,425809214.0,22215261.0,11923789.0
19.8,51.6,12807256576.0,17182426112.0,50075784.0,425858054.0,22227320.0,11934641.0
18.0,51.5,12807322112.0,17183073280.0,50156906.0,425945386.0,22239271.0,11942884.0
31.4,51.5,12812139008.0,17238049792.0,50200488.0,425994497.0,22256334.0,11954059.0
17.4,51.5,12812139008.0,17238057984.0,50247247.0,426045162.0,22267880.0,11962277.0
19.9,51.2,12812139008.0,17238672384.0,50290837.0,426094828.0,22280799.0,11970917.0
23.9,51.2,12812171776.0,17239385088.0,50335031.0,426144984.0,22294963.0,11980403.0
24.1,51.3,12812171776.0,17239385088.0,50379169.0,426195171.0,22308046.0,11989712.0
37.8,51.3,12812171776.0,17239548928.0,50425977.0,426246540.0,22322268.0,11999757.0
24.9,51.2,12812171776.0,17244455936.0,50472346.0,426298550.0,22335227.0,12008993.0
23.9,51.5,12812171776.0,17244455936.0,50518018.0,426352266.0,22347782.0,12019362.0
15.0,51.6,12812171776.0,17244693504.0,50563858.0,426404140.0,22358647.0,12028813.0
23.3,51.6,12812663296.0,17245881344.0,50609220.0,426455854.0,22371880.0,12037370.0
21.5,51.6,12812663296.0,17245881344.0,50655250.0,426507644.0,22384702.0,12047846.0
14.7,51.5,12812663296.0,17245889536.0,50701281.0,426560100.0,22395600.0,12054686.0
9.5,51.3,12812663296.0,17245889536.0,50747628.0,426612333.0,22403698.0,12059163.0
12.2,51.3,12812663296.0,17245897728.0,50794686.0,426665419.0,22413119.0,12064404.0
11.6,51.2,12812663296.0,17245914112.0,50841563.0,426717743.0,22422061.0,12069643.0
12.6,51.1,12812663296.0,17246118912.0,50891974.0,426771913.0,22432054.0,12075136.0
11.9,51.1,12812663296.0,17246897152.0,50939995.0,426827481.0,22441994.0,12080579.0
11.9,51.0,12812663296.0,17246897152.0,50989138.0,426882104.0,22451545.0,12085831.0
12.1,51.0,12812663296.0,17247732736.0,51037219.0,426936482.0,22461156.0,12090995.0
12.0,50.9,12812663296.0,17247732736.0,51085505.0,426990984.0,22470075.0,12095964.0
11.7,50.9,12812663296.0,17248134144.0,51133950.0,427044380.0,22479321.0,12100945.0
11.1,50.9,12812663296.0,17248134144.0,51182890.0,427097880.0,22488308.0,12105890.0
10.6,50.9,12812663296.0,17248134144.0,51231417.0,427150437.0,22496552.0,12110368.0
10.7,50.9,12812663296.0,17248134144.0,51281106.0,427206160.0,22505549.0,12115210.0
11.2,50.9,12812663296.0,17248134144.0,51330971.0,427261948.0,22514708.0,12120279.0
16.8,50.9,12812663296.0,17248134144.0,51380683.0,427317945.0,22523956.0,12125622.0
14.6,50.9,12812663296.0,17248134144.0,51433677.0,427375299.0,22535076.0,12132883.0
11.4,50.9,12812810752.0,17248134144.0,51489173.0,427435074.0,22544263.0,12138134.0
28.7,51.5,12818848256.0,17250591744.0,51548880.0,428642202.0,22561938.0,12145149.0
12.3,51.5,12818848256.0,17250599936.0,51600368.0,428699593.0,22571321.0,12150450.0
13.1,51.5,12819732992.0,17297859584.0,51651696.0,428756921.0,22586114.0,12157070.0
11.7,51.4,12820576768.0,17297884160.0,51703682.0,428814797.0,22595337.0,12162183.0
13.5,51.4,12820576768.0,17297884160.0,51755933.0,428876995.0,22604770.0,12167360.0
12.4,51.4,12820576768.0,17298465792.0,51808436.0,428945515.0,22614668.0,12172732.0
19.9,51.6,12820740608.0,17299252224.0,51861926.0,429014571.0,22626651.0,12178883.0
11.4,51.6,12820740608.0,17299252224.0,51916557.0,429079095.0,22635390.0,12183600.0
12.2,51.6,12820740608.0,17304749056.0,51970041.0,429143165.0,22645069.0,12188900.0
11.9,51.4,12820740608.0,17304749056.0,52026861.0,429208281.0,22654002.0,12193930.0
13.8,51.4,12820871680.0,17307927552.0,52080683.0,429273192.0,22664713.0,12199723.0
19.3,51.4,12820871680.0,17307927552.0,52134790.0,429338330.0,22673672.0,12204975.0
12.1,51.4,12820871680.0,17307927552.0,52238736.0,429449454.0,22682955.0,12210129.0
15.5,51.4,12820871680.0,17307927552.0,52293363.0,429515124.0,22693127.0,12215684.0
13.5,51.4,12820871680.0,17307927552.0,52348422.0,429580647.0,22702243.0,12220733.0
12.6,51.4,12820871680.0,17307935744.0,52404910.0,429643927.0,22711479.0,12226164.0
12.3,51.4,12820871680.0,17307935744.0,52460735.0,429709972.0,22721040.0,12231458.0
12.1,51.3,12820871680.0,17307943936.0,52522937.0,429783382.0,22730321.0,12236672.0
11.9,51.3,12820871680.0,17307943936.0,52580164.0,429848720.0,22739636.0,12241862.0
14.5,51.4,12820871680.0,17307943936.0,52636260.0,429920514.0,22749540.0,12247175.0
11.9,51.5,12820904448.0,17307960320.0,52695624.0,429987093.0,22758951.0,12252298.0
10.1,51.5,12820904448.0,17307960320.0,52752454.0,430053139.0,22767253.0,12256824.0
12.6,51.5,12820904448.0,17307960320.0,52809507.0,430120720.0,22776759.0,12262141.0
11.1,51.5,12820904448.0,17307960320.0,52866542.0,430188003.0,22785378.0,12267000.0
12.2,51.5,12820904448.0,17307960320.0,52925249.0,430256340.0,22794643.0,12272350.0
10.0,51.4,12820904448.0,17309934592.0,52982864.0,430321373.0,22802906.0,12276978.0
11.2,51.4,12820904448.0,17309934592.0,53040527.0,430384979.0,22811389.0,12281699.0
20.7,51.5,12820904448.0,17309934592.0,53100600.0,430451217.0,22820717.0,12287061.0
12.8,51.5,12820904448.0,17311122432.0,53159230.0,430515649.0,22830401.0,12292534.0
13.4,51.5,12820969984.0,17313285120.0,53218102.0,430584471.0,22840645.0,12298482.0
14.4,51.4,12820969984.0,17326253056.0,53280349.0,430655366.0,22849549.0,12303498.0
12.6,51.4,12820969984.0,17326253056.0,53339926.0,430726570.0,22859013.0,12308670.0
11.8,51.4,12821002752.0,17326523392.0,53400435.0,430799117.0,22868148.0,12313789.0
14.2,51.4,12824836608.0,17328768000.0,53460805.0,430878077.0,22879620.0,12319708.0
16.5,51.4,12824869376.0,17410778112.0,53521247.0,430958171.0,22897124.0,12328142.0
15.9,51.5,12824869376.0,17410778112.0,53582706.0,431035271.0,22907901.0,12333847.0
13.6,51.5,12824869376.0,17411712000.0,53644876.0,431114646.0,22918870.0,12339533.0
13.7,51.5,12824869376.0,17411712000.0,53706533.0,431190773.0,22929253.0,12345065.0
15.0,51.4,12824869376.0,17414185984.0,53768784.0,431260308.0,22939546.0,12350552.0
11.4,51.4,12824869376.0,17414185984.0,53830352.0,431328258.0,22948823.0,12355660.0
13.9,51.4,12824869376.0,17414185984.0,53892372.0,431396233.0,22958492.0,12361063.0
12.6,51.4,12824869376.0,17414185984.0,53957387.0,431464563.0,22967960.0,12366205.0
12.6,51.4,12824869376.0,17414185984.0,54019841.0,431533859.0,22977481.0,12371508.0
12.3,51.3,12824869376.0,17414185984.0,54082734.0,431602606.0,22986596.0,12376755.0
11.6,51.3,12824869376.0,17414185984.0,54145318.0,431668321.0,22995380.0,12381621.0
10.6,51.3,12824934912.0,17415799808.0,54207995.0,431733934.0,23003750.0,12386427.0
13.3,51.3,12824934912.0,17415799808.0,54273036.0,431805472.0,23013679.0,12391936.0
12.8,51.3,12824934912.0,17416430592.0,54336677.0,431875444.0,23023401.0,12397229.0
11.0,51.3,12824934912.0,17416430592.0,54402321.0,431946747.0,23032833.0,12402527.0
11.9,51.3,12824934912.0,17416438784.0,54466992.0,432017159.0,23042113.0,12407735.0
15.6,51.2,12824934912.0,17416438784.0,54532011.0,432088129.0,23051773.0,12413181.0
11.4,51.2,12824934912.0,17416438784.0,54596286.0,432157277.0,23060693.0,12418028.0
11.6,51.2,12824934912.0,17416438784.0,54664242.0,432229639.0,23069655.0,12422992.0
19.0,51.2,12824934912.0,17416438784.0,54729865.0,432301180.0,23078931.0,12428648.0
11.1,51.2,12824934912.0,17416438784.0,54795326.0,432372854.0,23087959.0,12433748.0
10.1,51.2,12824934912.0,17416438784.0,54861241.0,432440522.0,23095830.0,12438058.0
12.8,51.2,12824934912.0,17416438784.0,54927368.0,432512936.0,23105363.0,12443402.0
12.8,51.0,12825065984.0,17416438784.0,55056484.0,432647597.0,23114773.0,12448674.0
12.3,51.0,12825065984.0,17416438784.0,55123499.0,432719909.0,23124131.0,12453849.0
12.3,51.0,12825065984.0,17417020416.0,55190576.0,432793307.0,23132981.0,12458939.0
11.2,51.0,12825065984.0,17417683968.0,55257701.0,432865803.0,23142051.0,12463940.0
11.7,51.0,12825065984.0,17417683968.0,55326213.0,432941657.0,23151485.0,12469226.0
11.9,51.0,12825065984.0,17417683968.0,55394464.0,433015643.0,23160841.0,12474209.0
13.0,51.0,12827195904.0,17453704192.0,55471072.0,433097254.0,23174211.0,12480744.0
12.6,51.0,12827195904.0,17453704192.0,55539789.0,433171937.0,23183322.0,12485855.0
11.9,51.0,12827195904.0,17453704192.0,55608259.0,433246683.0,23192421.0,12490915.0
11.9,51.0,12827195904.0,17454367744.0,55678985.0,433323737.0,23201962.0,12496260.0
11.4,51.0,12827195904.0,17454375936.0,55749121.0,433401096.0,23210791.0,12501098.0
36.1,51.0,12834208256.0,17454539776.0,55819671.0,433477866.0,23223561.0,12507464.0
29.8,51.5,12834306560.0,17458848768.0,55890006.0,433553781.0,23236383.0,12514517.0
16.5,50.5,12834306560.0,17459012608.0,55960416.0,433630158.0,23247619.0,12520454.0
14.7,50.5,12834306560.0,17459012608.0,56031007.0,433706845.0,23258687.0,12526873.0
27.0,51.6,12834347520.0,17459012608.0,56104674.0,433783720.0,23272070.0,12535665.0
22.7,51.7,12834347520.0,17459020800.0,56176075.0,433861991.0,23284774.0,12544446.0
17.4,51.6,12834347520.0,17459028992.0,56250054.0,433940562.0,23296305.0,12551603.0
14.6,52.0,12834347520.0,17459037184.0,56321745.0,434018309.0,23307083.0,12560973.0
14.6,52.0,12834347520.0,17459045376.0,56393878.0,434096236.0,23316570.0,12567435.0
12.2,51.8,12834347520.0,17459078144.0,56466105.0,434174547.0,23325843.0,12575353.0
21.6,51.4,12834413056.0,17460397056.0,56538482.0,434253092.0,23338567.0,12588728.0
24.4,51.5,12834445824.0,17460626432.0,56611565.0,434332041.0,23352140.0,12601591.0
18.9,51.6,12834445824.0,17460823040.0,56684860.0,434411156.0,23363132.0,12608843.0
33.2,50.8,12834896384.0,17461199872.0,56769327.0,434503589.0,23377807.0,12618024.0
18.8,51.0,12834896384.0,17461371904.0,56842642.0,434582340.0,23389397.0,12626523.0
19.0,50.9,12835207680.0,17461380096.0,56918810.0,434663213.0,23400853.0,12633598.0
21.3,50.8,12835281408.0,17461388288.0,56993961.0,434744024.0,23412864.0,12641531.0
16.9,51.9,12835281408.0,17461396480.0,57069690.0,434826075.0,23424095.0,12649076.0
19.7,51.7,12835346944.0,17461404672.0,57147564.0,434910306.0,23434764.0,12655240.0
22.7,51.6,12835346944.0,17461412864.0,57222744.0,434991314.0,23447743.0,12663913.0
17.1,51.7,12835420672.0,17462879232.0,57298001.0,435072279.0,23458501.0,12670689.0
11.1,51.7,12835420672.0,17462912000.0,57373727.0,435154011.0,23466208.0,12675099.0
10.2,51.7,12835420672.0,17462920192.0,57449540.0,435236021.0,23473874.0,12679466.0
10.9,51.7,12835420672.0,17462928384.0,57525730.0,435318175.0,23481511.0,12683798.0
12.3,51.6,12837190144.0,17506493440.0,57602074.0,435400447.0,23494427.0,12689971.0
18.3,51.7,12837190144.0,17506501632.0,57678711.0,435483101.0,23506012.0,12697790.0
16.7,51.8,12837190144.0,17506509824.0,57758642.0,435567169.0,23516438.0,12704739.0
19.5,51.7,12837190144.0,17506518016.0,57836792.0,435651344.0,23529243.0,12713623.0
17.4,51.7,12837190144.0,17506526208.0,57914263.0,435734976.0,23541534.0,12721844.0
19.2,51.3,12837534208.0,17507984384.0,57992898.0,435819203.0,23554572.0,12730604.0
17.8,51.2,12837534208.0,17512530944.0,58070922.0,435901862.0,23566613.0,12740875.0
19.0,51.1,12837566976.0,17512727552.0,58157602.0,435994328.0,23577342.0,12751150.0
18.5,51.0,12837566976.0,17512735744.0,58236062.0,436078780.0,23589321.0,12758382.0
14.4,51.4,12837566976.0,17512743936.0,58314535.0,436163709.0,23598757.0,12763680.0
21.3,51.3,12837632512.0,17513415680.0,58394000.0,436248691.0,23608040.0,12772266.0
15.4,51.3,12837665280.0,17514013696.0,58473169.0,436334046.0,23619580.0,12778618.0
13.4,50.8,12837665280.0,17514038272.0,58552496.0,436417710.0,23630635.0,12786371.0
14.9,50.8,12837665280.0,17514046464.0,58635990.0,436506575.0,23642435.0,12794595.0
12.2,50.8,12837698048.0,17514054656.0,58718161.0,436593887.0,23652599.0,12801678.0
14.2,50.6,12837698048.0,17514071040.0,58798860.0,436680715.0,23663700.0,12810098.0
14.5,50.9,12837698048.0,17514742784.0,58879405.0,436767544.0,23674349.0,12817724.0
14.0,50.9,12837698048.0,17514988544.0,58960706.0,436854467.0,23683498.0,12825356.0
16.7,50.9,12837837312.0,17516307456.0,59042573.0,436943559.0,23694637.0,12833277.0
11.7,51.0,12837870080.0,17516725248.0,59124206.0,437031226.0,23703812.0,12840572.0
10.7,51.0,12837870080.0,17516733440.0,59206175.0,437118853.0,23712300.0,12847993.0
11.0,51.0,12837870080.0,17516741632.0,59288116.0,437206726.0,23721115.0,12855207.0
10.4,51.0,12837870080.0,17516749824.0,59370313.0,437295106.0,23729703.0,12862246.0
15.0,51.0,12837870080.0,17516766208.0,59455755.0,437384691.0,23740536.0,12869803.0
13.4,50.9,12837870080.0,17516782592.0,59539112.0,437473555.0,23749808.0,12876138.0
17.6,50.7,12837870080.0,17516798976.0,59700222.0,437635614.0,23759469.0,12885881.0
20.9,50.6,12837870080.0,17516815360.0,59784059.0,437724951.0,23769606.0,12896214.0
12.7,50.6,12837870080.0,17516823552.0,59867381.0,437812180.0,23778553.0,12902825.0
10.3,50.6,12837870080.0,17516831744.0,59956305.0,437908714.0,23786203.0,12907222.0
17.6,50.9,12837870080.0,17516839936.0,60040443.0,437999282.0,23797090.0,12915018.0
18.8,50.9,12838197760.0,17545495552.0,60126679.0,438090767.0,23812317.0,12922757.0
10.1,50.6,12838263296.0,17546134528.0,60211076.0,438179894.0,23820132.0,12927428.0
14.3,50.6,12838263296.0,17546142720.0,60305844.0,438281778.0,23830242.0,12934688.0
14.1,50.6,12838263296.0,17546150912.0,60391626.0,438380249.0,23840663.0,12942480.0
14.0,50.6,12838263296.0,17546159104.0,60480740.0,438478648.0,23850459.0,12950452.0
14.1,50.6,12838263296.0,17546167296.0,60565935.0,438566809.0,23860631.0,12958481.0
14.8,50.6,12840172032.0,17550050304.0,60658862.0,438663325.0,23871488.0,12966335.0
14.0,50.6,12840172032.0,17550058496.0,60745127.0,438755916.0,23881747.0,12974034.0
14.1,50.6,12840172032.0,17550967808.0,60832345.0,438848898.0,23892330.0,12982145.0
13.5,50.6,12840172032.0,17551008768.0,60919582.0,438941861.0,23901365.0,12990136.0
11.9,50.6,12840172032.0,17551016960.0,61008511.0,439036401.0,23910449.0,12997182.0
13.0,50.6,12840172032.0,17551049728.0,61097619.0,439131400.0,23919831.0,13004602.0
11.6,50.6,12840237568.0,17551713280.0,61185826.0,439227068.0,23928202.0,13009369.0
11.3,50.6,12840303104.0,17551721472.0,61279402.0,439327730.0,23936251.0,13013759.0
14.2,50.6,12840303104.0,17551729664.0,61368393.0,439422188.0,23946040.0,13021618.0
15.1,50.6,12840311296.0,17551746048.0,61459846.0,439518186.0,23957814.0,13029858.0
21.3,50.6,12840311296.0,17551754240.0,61548955.0,439612953.0,23972350.0,13038201.0
14.4,50.6,12840311296.0,17551983616.0,61637821.0,439707986.0,23981758.0,13044678.0
13.4,50.5,12842375680.0,17552598016.0,61726610.0,439802711.0,23990531.0,13049600.0
14.9,50.3,12842375680.0,17552606208.0,61815466.0,439897453.0,24000924.0,13058244.0
19.6,50.9,12842572288.0,17554498560.0,61917708.0,441145772.0,24016500.0,13064926.0
21.4,51.3,12847946240.0,17554670592.0,62008287.0,441242047.0,24026682.0,13070520.0
10.9,51.3,12847946240.0,17554678784.0,62098198.0,441342673.0,24034659.0,13075033.0
19.4,50.8,12960070144.0,17554686976.0,62186946.0,441437453.0,24044100.0,13080521.0
11.6,50.7,12961610240.0,17554695168.0,62275795.0,441532018.0,24051835.0,13085568.0
11.6,50.8,12961610240.0,17554703360.0,62364816.0,441626750.0,24060081.0,13090185.0
11.1,50.8,12961610240.0,17554711552.0,62456091.0,441722094.0,24068339.0,13094657.0
12.8,50.8,12961610240.0,17554719744.0,62545009.0,441817094.0,24077049.0,13099492.0
19.2,50.8,12961618432.0,17554727936.0,62633712.0,441912449.0,24085595.0,13104418.0
13.2,50.7,12967451136.0,17629406208.0,62722795.0,442007388.0,24102375.0,13112275.0
12.7,50.7,12967524864.0,17629873152.0,62811208.0,442100662.0,24112241.0,13119406.0
12.5,50.7,12967524864.0,17630487552.0,62823483.0,442119183.0,24122414.0,13128773.0
10.4,50.7,12967524864.0,17631085568.0,62829226.0,442130766.0,24131904.0,13136566.0
14.3,50.7,12967590400.0,17631085568.0,62834472.0,442145059.0,24142174.0,13143416.0
13.1,50.7,12967590400.0,17631085568.0,62839276.0,442155291.0,24151626.0,13148132.0
13.5,51.1,12967590400.0,17631732736.0,62843416.0,442163424.0,24160538.0,13153029.0
64.8,50.5,12968589824.0,17638573056.0,62940102.0,442267733.0,24185891.0,13171965.0
52.3,50.9,12975323648.0,17640940544.0,63028266.0,442361673.0,24196870.0,13180279.0
36.7,51.0,12977150464.0,17644905472.0,63137708.0,442481760.0,24207904.0,13186632.0
45.2,52.1,12977846784.0,17645364224.0,63244937.0,442589727.0,24219495.0,13196149.0
54.2,51.1,12977846784.0,17645560832.0,63335198.0,442686386.0,24232865.0,13205206.0
68.9,51.9,12978076160.0,17646949376.0,63424340.0,442780344.0,24247238.0,13215214.0
86.2,51.7,12979419648.0,17646957568.0,63534500.0,442910325.0,24265789.0,13225349.0
58.4,52.1,12979943936.0,17647973376.0,63627907.0,443030791.0,24281000.0,13236007.0
59.3,52.3,12980320768.0,17647989760.0,63717244.0,443129245.0,24292774.0,13245393.0
56.0,52.4,12980484608.0,17647997952.0,63807828.0,443221524.0,24303970.0,13252882.0
37.2,52.6,12980484608.0,17648030720.0,63896893.0,443316404.0,24314152.0,13260420.0
47.3,52.5,12980484608.0,17648047104.0,63994530.0,443417557.0,24327305.0,13271698.0
47.8,52.6,12980484608.0,17649136640.0,64083609.0,443513684.0,24340743.0,13282223.0
55.6,52.6,12980484608.0,17649456128.0,64172508.0,443607576.0,24356394.0,13292790.0
49.1,51.5,12980533760.0,17650942976.0,64356618.0,443797837.0,24372321.0,13302726.0
24.1,50.3,12980566528.0,17664386048.0,64452313.0,443899339.0,24382930.0,13309962.0
12.1,50.3,12980574720.0,17669104640.0,64540736.0,443992140.0,24393044.0,13315171.0
11.0,50.1,12980574720.0,17669112832.0,64629385.0,444086949.0,24402194.0,13320082.0
12.4,50.1,12980574720.0,17669350400.0,64718217.0,444181852.0,24411512.0,13325085.0
11.4,50.0,12980574720.0,17669358592.0,64807088.0,444275663.0,24420519.0,13329868.0
11.7,50.1,12980574720.0,17670439936.0,64898059.0,444371002.0,24430261.0,13335162.0
23.7,49.8,12980574720.0,17670448128.0,64985947.0,444463047.0,24439579.0,13342801.0
21.2,49.7,12981131776.0,17747747840.0,65075063.0,444557825.0,24457637.0,13350954.0
11.9,49.7,12981164544.0,17750647808.0,65164154.0,444652979.0,24467669.0,13356406.0
13.3,49.7,12981164544.0,17751917568.0,65254043.0,444749360.0,24477553.0,13361906.0
12.1,49.7,12981164544.0,17752146944.0,65343398.0,444844434.0,24487014.0,13367175.0
12.0,49.8,12981164544.0,17752155136.0,65432158.0,444936024.0,24495963.0,13371984.0
11.4,49.8,12981164544.0,17752900608.0,65521300.0,445030815.0,24505162.0,13377072.0
13.1,49.7,12981164544.0,17752941568.0,65610432.0,445125916.0,24514887.0,13382454.0
11.2,49.7,12981164544.0,17752949760.0,65699077.0,445220602.0,24524361.0,13387706.0
22.5,49.5,12981164544.0,17752974336.0,65790137.0,445315643.0,24533869.0,13394935.0
12.0,49.7,12981164544.0,17760904192.0,65878973.0,445411202.0,24544699.0,13400577.0
11.4,49.7,12981164544.0,17760912384.0,65967958.0,445505925.0,24554269.0,13405897.0
12.8,49.7,12981328384.0,17760920576.0,66056877.0,445600596.0,24564022.0,13411184.0
11.6,49.7,12981328384.0,17761575936.0,66147093.0,445694742.0,24573415.0,13416344.0
10.9,49.7,12990134784.0,17762354176.0,66234879.0,445785048.0,24582188.0,13421124.0
8.9,49.7,12990134784.0,17762395136.0,66322421.0,445872391.0,24589217.0,13425069.0
11.7,49.7,12990134784.0,17762403328.0,66409313.0,445962981.0,24597562.0,13429858.0
12.7,49.7,12990134784.0,17763148800.0,66497319.0,446056168.0,24607168.0,13435081.0
15.8,49.7,12990134784.0,17763386368.0,66585408.0,446145752.0,24615372.0,13439815.0
23.8,49.6,12990151168.0,17763394560.0,66674278.0,446241369.0,24628069.0,13445881.0
16.2,49.8,12990151168.0,17763697664.0,66765992.0,446337370.0,24639570.0,13452327.0
22.7,50.9,12990167552.0,17763705856.0,66854717.0,446443489.0,24653774.0,13461195.0
19.1,50.9,12990216704.0,17763730432.0,66953884.0,446541357.0,24666362.0,13468276.0
20.3,50.8,12990282240.0,17764615168.0,67064215.0,446638815.0,24679561.0,13475171.0
31.7,50.8,12990315008.0,17764631552.0,67168301.0,446737793.0,24693712.0,13484059.0
12.1,50.7,12990315008.0,17764639744.0,67257250.0,446832608.0,24703056.0,13489364.0
11.9,50.6,12990315008.0,17764647936.0,67346482.0,446927717.0,24712447.0,13494623.0
13.0,50.6,12990315008.0,17764664320.0,67434941.0,447022528.0,24721469.0,13499597.0
15.5,50.7,12990396928.0,17764672512.0,67523859.0,447117777.0,24732055.0,13504849.0
12.8,50.7,12990396928.0,17765409792.0,67613049.0,447213005.0,24742009.0,13510254.0
14.0,50.7,12990757376.0,17805419520.0,67701624.0,447307742.0,24756019.0,13516968.0
12.4,50.6,12990757376.0,17805427712.0,67792938.0,447403404.0,24765528.0,13522127.0
13.3,50.6,12990757376.0,17806074880.0,67883477.0,447498311.0,24775173.0,13527404.0
11.4,50.6,12990757376.0,17806083072.0,67972741.0,447593712.0,24784345.0,13532557.0
11.7,50.7,12990757376.0,17806091264.0,68061687.0,447688028.0,24793536.0,13537546.0
11.9,50.7,12990765568.0,17806099456.0,68149711.0,447778777.0,24802388.0,13542212.0
11.5,50.7,12990765568.0,17806115840.0,68322785.0,447957954.0,24811280.0,13547136.0
13.4,50.8,12990765568.0,17806320640.0,68411737.0,448052658.0,24820777.0,13552381.0
17.0,50.8,12990765568.0,17806328832.0,68501264.0,448147869.0,24831994.0,13558264.0
12.2,50.8,12990765568.0,17806951424.0,68590376.0,448242645.0,24841795.0,13563627.0
18.9,50.8,12990765568.0,17812169728.0,68678837.0,448337350.0,24851424.0,13570187.0
13.3,50.8,12990831104.0,17812341760.0,68775224.0,448438751.0,24861102.0,13575455.0
12.9,50.8,12990831104.0,17812349952.0,68866865.0,448535936.0,24870419.0,13580579.0
12.1,50.8,12990831104.0,17812358144.0,68955433.0,448630712.0,24879806.0,13585626.0
12.9,50.8,12990831104.0,17814447104.0,69051004.0,448733140.0,24889233.0,13590902.0
12.6,50.7,13014718976.0,17814610944.0,69139446.0,448825822.0,24898321.0,13595815.0
11.9,50.7,13014735360.0,17814619136.0,69228207.0,448920751.0,24907356.0,13600710.0
12.3,50.7,13014735360.0,17814848512.0,69316901.0,449015513.0,24916785.0,13605960.0
11.4,50.7,13014735360.0,17816986624.0,69405233.0,449108016.0,24926217.0,13611134.0
10.7,50.8,13014735360.0,17816994816.0,69493633.0,449200144.0,24934274.0,13615669.0
12.4,50.8,13014800896.0,17817805824.0,69589398.0,449299477.0,24943987.0,13620808.0
11.7,50.8,13014800896.0,17817814016.0,69678268.0,449394480.0,24953381.0,13626105.0
13.3,50.8,13014800896.0,17817822208.0,69771576.0,449490955.0,24963156.0,13631498.0
12.8,50.7,13014800896.0,17818420224.0,69861573.0,449586986.0,24972691.0,13636845.0
12.1,50.7,13014800896.0,17818452992.0,69950576.0,449681801.0,24981923.0,13642073.0
19.6,50.7,13014800896.0,17818485760.0,70039731.0,449776524.0,24991322.0,13647432.0
11.4,50.7,13014800896.0,17818493952.0,70128180.0,449871312.0,25000527.0,13652544.0
14.1,50.7,13014800896.0,17819239424.0,70217032.0,449966241.0,25010207.0,13658335.0
11.9,50.7,13014800896.0,17819247616.0,70306077.0,450061022.0,25019428.0,13663451.0
11.1,50.8,13014800896.0,17819255808.0,70394952.0,450155837.0,25028524.0,13668523.0
12.9,50.7,13014899200.0,17846748160.0,70483763.0,450250666.0,25040781.0,13674678.0
12.5,50.7,13014899200.0,17846756352.0,70574068.0,450346958.0,25050607.0,13680150.0
12.4,50.7,13014899200.0,17847280640.0,70663974.0,450443089.0,25060157.0,13685385.0
18.6,50.8,13016357376.0,17847510016.0,70755495.0,450539576.0,25071821.0,13691272.0
13.6,50.8,13016357376.0,17847518208.0,70844563.0,450634167.0,25081486.0,13696567.0
12.2,50.8,13016357376.0,17847526400.0,70933179.0,450729033.0,25090876.0,13701852.0
13.0,50.8,13016357376.0,17847534592.0,71021622.0,450823893.0,25100000.0,13707066.0
11.9,50.8,13016357376.0,17847542784.0,71111208.0,450918035.0,25109501.0,13712253.0
11.4,50.8,13016357376.0,17847550976.0,71199412.0,451010563.0,25118448.0,13717227.0
13.5,50.8,13016357376.0,17847723008.0,71287851.0,451105498.0,25128021.0,13722486.0
19.0,50.8,13016357376.0,17852343296.0,71377010.0,451200648.0,25137801.0,13728062.0
17.1,50.9,13016373760.0,17853023232.0,71465973.0,451295608.0,25149225.0,13734052.0
13.5,50.9,13016373760.0,17853031424.0,71554963.0,451390358.0,25158807.0,13739564.0
10.6,50.9,13016373760.0,17853776896.0,71643352.0,451482235.0,25168079.0,13744815.0
12.4,50.9,13016373760.0,17854546944.0,71734838.0,451577832.0,25178153.0,13751303.0
11.4,50.9,13016373760.0,17854555136.0,71823226.0,451669440.0,25187030.0,13756170.0
11.7,50.9,13016373760.0,17854784512.0,71911787.0,451764376.0,25196596.0,13761353.0
16.7,50.8,13016381952.0,17854981120.0,72000627.0,451859628.0,25207434.0,13767016.0
12.9,50.8,13016381952.0,17854997504.0,72089110.0,451951516.0,25216856.0,13772269.0
10.2,50.8,13016381952.0,17855620096.0,72177586.0,452043305.0,25225248.0,13776961.0
13.6,50.8,13016381952.0,17855628288.0,72266617.0,452138220.0,25235407.0,13782268.0
18.0,51.0,13016381952.0,17856259072.0,72442496.0,452319150.0,25246744.0,13788122.0
13.4,51.0,13016463872.0,17858724864.0,72531829.0,452415866.0,25256855.0,13794248.0
17.5,51.0,13016488448.0,17858765824.0,72621010.0,452511422.0,25267259.0,13799629.0
24.0,51.0,13016504832.0,17858774016.0,72709764.0,452606402.0,25277240.0,13805461.0
11.5,50.9,13016504832.0,17858782208.0,72801073.0,452701904.0,25286562.0,13810682.0
17.5,51.0,13016504832.0,17858790400.0,72889863.0,452796839.0,25295745.0,13815976.0
12.0,51.0,13016504832.0,17859535872.0,72978415.0,452891644.0,25305639.0,13821296.0
14.3,51.0,13016504832.0,17860781056.0,73067275.0,452986416.0,25315560.0,13826616.0
12.4,51.1,13017291264.0,17891156992.0,73156318.0,453081337.0,25328390.0,13832709.0
12.2,51.0,13017291264.0,17891165184.0,73245251.0,453176287.0,25337744.0,13837999.0
12.4,51.0,13017291264.0,17891173376.0,73335572.0,453272034.0,25347268.0,13843387.0
12.3,51.0,13017291264.0,17891763200.0,73424271.0,453366579.0,25356845.0,13848565.0
12.6,51.0,13017291264.0,17891771392.0,73513144.0,453461662.0,25366267.0,13853784.0
12.6,51.0,13017291264.0,17891779584.0,73601811.0,453556463.0,25375641.0,13859123.0
12.3,51.0,13017291264.0,17891787776.0,73690600.0,453651247.0,25384903.0,13864372.0
13.5,51.0,13017291264.0,17891795968.0,73781847.0,453746710.0,25394659.0,13869722.0
12.5,51.0,13017291264.0,17891804160.0,73870880.0,453841736.0,25403861.0,13874918.0
11.9,51.0,13017291264.0,17891812352.0,73959769.0,453936853.0,25413091.0,13880206.0
10.9,51.0,13017291264.0,17891820544.0,74048200.0,454031422.0,25422083.0,13885020.0
11.7,51.0,13017291264.0,17895293952.0,74138024.0,454126392.0,25432010.0,13890370.0
20.0,51.0,13017291264.0,17895302144.0,74227480.0,454228305.0,25441867.0,13896110.0
12.7,51.0,13017291264.0,17895310336.0,74316167.0,454327506.0,25451540.0,13901356.0
16.1,51.1,13017291264.0,17896719360.0,74405381.0,454432715.0,25462595.0,13907245.0
14.3,51.1,13017291264.0,17896727552.0,74494271.0,454528277.0,25472243.0,13912664.0
12.1,51.1,13017291264.0,17896735744.0,74582592.0,454623086.0,25481445.0,13917906.0
16.1,51.0,13017307648.0,17896965120.0,74674789.0,454719298.0,25492224.0,13923499.0
13.0,51.0,13017307648.0,17896973312.0,74763588.0,454813962.0,25501285.0,13928607.0
11.9,51.0,13017307648.0,17896981504.0,74851902.0,454908773.0,25510526.0,13933572.0
11.6,51.0,13017307648.0,17896989696.0,74940905.0,455003824.0,25519757.0,13938791.0
14.8,50.8,13017307648.0,17898193920.0,75031214.0,455100049.0,25530236.0,13944229.0
11.7,50.8,13017307648.0,17898202112.0,75120921.0,455195152.0,25539714.0,13949437.0
12.2,50.8,13017307648.0,17898210304.0,75209466.0,455289917.0,25549001.0,13954691.0
11.2,50.8,13017307648.0,17898341376.0,75298650.0,455384483.0,25558319.0,13959922.0
11.2,50.8,13017307648.0,17898955776.0,75387543.0,455480858.0,25567747.0,13964942.0
21.0,50.8,13017307648.0,17898963968.0,75476033.0,455582429.0,25577826.0,13970692.0
15.6,50.8,13017307648.0,17898972160.0,75565239.0,455687633.0,25588358.0,13976256.0
14.2,50.9,13017307648.0,17898980352.0,75656975.0,455783246.0,25598069.0,13981703.0
12.0,50.9,13017307648.0,17898988544.0,75745399.0,455877880.0,25607073.0,13986743.0
11.9,50.7,13017307648.0,17899144192.0,75834476.0,455972826.0,25616190.0,13991776.0
11.9,50.7,13017307648.0,17899152384.0,75924908.0,456069202.0,25625784.0,13997072.0
13.6,50.7,13017405952.0,17921860608.0,76014762.0,456165236.0,25638185.0,14003472.0
11.7,50.7,13017405952.0,17922212864.0,76103824.0,456260101.0,25647836.0,14008735.0
12.1,50.7,13017405952.0,17922221056.0,76192370.0,456354910.0,25656748.0,14013611.0
23.3,50.7,13043972608.0,17945011200.0,76281683.0,456450275.0,25668908.0,14020016.0
15.3,50.7,13048388096.0,17969619968.0,76370366.0,456545129.0,25678447.0,14025058.0
11.9,50.7,13048388096.0,17969636352.0,76543662.0,456724044.0,25687997.0,14030219.0
11.7,50.8,13048388096.0,17969644544.0,76632435.0,456821656.0,25697327.0,14035370.0
18.6,50.8,13048388096.0,17969652736.0,76723738.0,456918383.0,25706836.0,14040727.0
9.2,50.8,13048388096.0,17969669120.0,76812276.0,457013234.0,25714161.0,14044758.0
11.7,50.8,13048388096.0,17974412288.0,76901254.0,457107691.0,25723657.0,14050065.0
12.6,50.8,13048388096.0,17974420480.0,76989789.0,457202173.0,25733111.0,14055378.0
13.6,50.9,13048789504.0,17974436864.0,77079195.0,457296802.0,25743176.0,14060778.0
12.3,50.9,13048789504.0,17974445056.0,77167616.0,457391636.0,25752522.0,14066048.0
11.9,50.8,13048797696.0,17975444480.0,77256450.0,457486712.0,25762030.0,14071269.0
12.1,50.9,13048797696.0,17975739392.0,77345186.0,457579479.0,25771278.0,14076481.0
9.1,50.9,13048797696.0,17976935424.0,77432720.0,457667595.0,25778840.0,14080663.0
11.8,50.9,13048797696.0,17976951808.0,77522031.0,457762616.0,25788352.0,14085795.0
12.1,50.9,13048797696.0,17977181184.0,77610568.0,457856554.0,25797558.0,14090907.0
12.1,50.9,13048797696.0,17978254336.0,77707838.0,457958949.0,25806876.0,14095993.0
12.7,50.9,13048855040.0,17982833664.0,77798939.0,458056422.0,25816580.0,14101376.0
19.8,50.9,13059308032.0,18002756608.0,77888965.0,458151376.0,25830996.0,14110647.0
15.9,50.8,13059455488.0,18002764800.0,77978392.0,458247053.0,25842552.0,14118060.0
11.9,50.8,13059455488.0,18002797568.0,78067245.0,458341865.0,25853179.0,14125274.0
15.1,50.8,13059619328.0,18003543040.0,78155780.0,458436755.0,25865027.0,14132795.0
12.3,50.8,13059717632.0,18003551232.0,78252407.0,458537704.0,25875102.0,14139174.0
12.3,51.1,13059750400.0,18003559424.0,78342877.0,458633935.0,25883524.0,14143602.0
14.9,51.2,13059750400.0,18004640768.0,78433930.0,458731480.0,25894572.0,14149518.0
26.1,51.7,13059750400.0,18004648960.0,78523026.0,458826107.0,25905119.0,14157103.0
28.4,51.7,13059750400.0,18004657152.0,78613989.0,458922047.0,25917426.0,14166339.0
20.1,51.6,13059947008.0,18004665344.0,78703073.0,459016949.0,25929719.0,14174394.0
22.5,51.7,13059947008.0,18031961088.0,78792431.0,459112608.0,25943426.0,14182743.0
20.4,51.5,13059947008.0,18032944128.0,78881089.0,459207309.0,25957060.0,14192222.0
19.3,51.4,13059947008.0,18032952320.0,78970430.0,459302035.0,25970866.0,14201146.0
20.0,51.1,13059947008.0,18033148928.0,79058967.0,459396746.0,25985027.0,14209999.0
18.6,51.1,13059947008.0,18033157120.0,79146782.0,459488153.0,25998828.0,14218489.0
18.4,51.0,13059947008.0,18033165312.0,79235864.0,459583190.0,26012222.0,14227249.0
12.6,51.0,13059947008.0,18033337344.0,79324507.0,459678006.0,26022925.0,14234947.0
15.7,50.8,13059963392.0,18033509376.0,79413588.0,459772767.0,26033201.0,14241695.0
23.4,50.9,13059963392.0,18033517568.0,79503605.0,459869327.0,26048206.0,14250645.0
19.1,50.9,13059963392.0,18038866944.0,79594332.0,459965020.0,26060964.0,14259020.0
14.9,50.9,13059963392.0,18039096320.0,79683964.0,460059582.0,26072443.0,14267545.0
14.2,50.9,13059963392.0,18039104512.0,79772488.0,460154307.0,26083560.0,14275463.0
12.4,50.8,13059963392.0,18039112704.0,79861559.0,460249001.0,26093345.0,14284843.0
13.8,50.8,13059963392.0,18039120896.0,79950261.0,460343064.0,26103730.0,14292063.0
14.4,50.8,13059963392.0,18039129088.0,80047884.0,460446634.0,26114970.0,14300077.0
18.4,50.9,13059963392.0,18039137280.0,80136932.0,460541869.0,26127495.0,14309840.0
16.2,50.9,13059963392.0,18039145472.0,80225453.0,460636564.0,26139513.0,14318940.0
19.5,50.9,13059963392.0,18041455616.0,80314381.0,460731203.0,26153012.0,14330529.0
14.0,50.9,13059963392.0,18041463808.0,80404077.0,460827019.0,26164237.0,14338147.0
15.1,50.9,13059963392.0,18042070016.0,80496298.0,460925247.0,26175326.0,14345861.0
17.7,51.0,13059996160.0,18042160128.0,80591543.0,461028137.0,26186910.0,14352494.0
19.1,51.1,13059996160.0,18042168320.0,80680664.0,461122826.0,26199702.0,14360604.0
0.0,0.0,0.0,0.0,0.0,0.0,0.0,0.0
22.9,51.2,13060880896.0,18042176512.0,80770418.0,461217858.0,26210906.0,14367367.0
22.3,51.2,13060954624.0,18043732992.0,80859775.0,461314771.0,26225227.0,14377257.0
17.2,51.2,13061085696.0,18043978752.0,80952745.0,461415512.0,26237861.0,14385770.0
14.1,51.2,13061085696.0,18043986944.0,81041412.0,461510286.0,26248772.0,14393852.0
17.4,51.2,13061085696.0,18044003328.0,81130027.0,461604942.0,26260724.0,14402915.0
18.2,51.0,13061085696.0,18044019712.0,81218622.0,461698581.0,26272908.0,14412423.0
23.7,51.1,13061085696.0,18044642304.0,81310280.0,461797066.0,26287559.0,14421312.0
17.8,50.9,13061216768.0,18079048704.0,81398896.0,461890214.0,26303291.0,14431388.0
14.7,50.8,13061216768.0,18079056896.0,81490133.0,461985781.0,26315194.0,14441218.0
20.3,50.8,13061216768.0,18079089664.0,81578731.0,462080487.0,26328815.0,14449715.0
20.1,50.9,13061216768.0,18079106048.0,81667476.0,462175339.0,26341532.0,14457604.0
20.1,50.9,13063174656.0,18079613952.0,81756481.0,462270218.0,26354446.0,14464954.0
24.6,51.2,13063174656.0,18079630336.0,81929101.0,462446030.0,26367446.0,14473261.0
17.9,51.3,13063174656.0,18079638528.0,82017734.0,462539630.0,26378969.0,14481010.0
15.5,51.2,13063174656.0,18079654912.0,82106228.0,462631866.0,26390383.0,14488851.0
16.3,51.2,13063174656.0,18079663104.0,82194581.0,462726729.0,26401958.0,14496883.0
13.4,51.1,13063174656.0,18080400384.0,82284077.0,462821725.0,26412717.0,14504713.0
22.2,51.2,13063174656.0,18086061056.0,82374827.0,462917014.0,26424262.0,14513356.0
21.4,51.1,13063174656.0,18086069248.0,82463183.0,463011932.0,26435409.0,14521817.0
32.2,51.2,13064002048.0,18086077440.0,82552200.0,463106860.0,26449659.0,14531487.0
26.5,51.3,13064002048.0,18086151168.0,82640790.0,463201701.0,26463640.0,14541220.0
40.1,51.5,13077010944.0,18087592960.0,82741124.0,463309438.0,26480341.0,14551549.0
15.0,51.8,13077010944.0,18092975104.0,82829734.0,463404148.0,26491891.0,14561853.0
16.0,51.9,13077010944.0,18092983296.0,82917486.0,463493800.0,26501557.0,14568917.0
12.7,51.8,13077010944.0,18092991488.0,83004138.0,463580311.0,26510851.0,14575177.0
18.6,51.8,13077010944.0,18094400512.0,83094092.0,463670286.0,26522645.0,14582845.0
23.6,51.7,13077010944.0,18094408704.0,83190100.0,463764991.0,26534875.0,14590419.0
30.8,51.7,13077010944.0,18094433280.0,83279469.0,463853246.0,26546713.0,14599854.0
14.9,51.6,13077043712.0,18094728192.0,83372159.0,463947726.0,26557043.0,14606010.0
10.1,51.6,13077043712.0,18094736384.0,83459951.0,464034593.0,26564229.0,14609876.0
12.3,51.7,13077043712.0,18094957568.0,83547110.0,464121258.0,26572274.0,14614232.0
34.2,52.0,13077862912.0,18095178752.0,83856080.0,464697335.0,26585733.0,14620698.0
29.0,52.0,13078485504.0,18095236096.0,84001284.0,464825035.0,26595613.0,14626643.0
10.1,51.9,13078616576.0,18095244288.0,84090001.0,464921632.0,26603271.0,14631077.0
7.4,51.9,13078616576.0,18095252480.0,84177358.0,465008398.0,26609832.0,14634644.0
8.9,51.7,13078616576.0,18096538624.0,84266331.0,465097301.0,26617136.0,14638648.0
11.7,51.6,13080189440.0,18114085888.0,84355101.0,465188667.0,26627553.0,14643737.0
13.4,51.6,13080189440.0,18142209024.0,84527647.0,465367134.0,26637815.0,14649327.0
12.7,51.6,13080189440.0,18142290944.0,84618378.0,465463609.0,26646804.0,14654316.0
11.9,51.6,13080189440.0,18142970880.0,84707428.0,465558563.0,26656272.0,14659397.0
28.2,51.1,13080189440.0,18143028224.0,84796231.0,465653185.0,26665323.0,14668251.0
12.4,51.1,13080189440.0,18143544320.0,84884578.0,465747434.0,26674477.0,14673399.0
11.9,51.1,13080214016.0,18143552512.0,84973474.0,465842172.0,26683529.0,14678470.0
11.6,51.1,13080214016.0,18143560704.0,85062180.0,465936736.0,26691980.0,14683089.0
11.6,51.1,13080214016.0,18143577088.0,85150165.0,466026693.0,26700388.0,14687780.0
11.6,51.0,13080214016.0,18143593472.0,85240111.0,466120334.0,26708518.0,14692273.0
11.9,51.1,13080246784.0,18143601664.0,85328632.0,466212939.0,26717716.0,14697301.0
17.4,51.2,13080246784.0,18145281024.0,85416930.0,466306263.0,26728354.0,14704028.0
32.1,51.4,13080279552.0,18145936384.0,85517473.0,466439340.0,26742130.0,14713453.0
19.6,51.4,13080279552.0,18146681856.0,85605938.0,466531479.0,26755070.0,14722296.0
22.2,51.4,13080279552.0,18148254720.0,85694825.0,466625845.0,26768773.0,14730895.0
19.5,51.4,13080279552.0,18148262912.0,85783550.0,466719621.0,26781587.0,14739450.0
14.0,51.4,13080279552.0,18148271104.0,85871777.0,466814252.0,26791247.0,14744846.0
12.8,51.2,13080279552.0,18157782016.0,85960791.0,466909267.0,26801422.0,14750229.0
11.7,51.1,13080279552.0,18157790208.0,86049388.0,467003803.0,26810673.0,14755364.0
13.1,51.1,13080279552.0,18157798400.0,86140506.0,467100365.0,26820430.0,14760643.0
12.6,51.0,13080279552.0,18157806592.0,86229333.0,467194618.0,26830000.0,14765948.0
23.2,51.0,13080803840.0,18159166464.0,86317803.0,467289652.0,26840419.0,14771813.0
12.4,51.0,13080803840.0,18159748096.0,86408982.0,467384527.0,26849919.0,14777047.0
12.8,50.9,13080803840.0,18159756288.0,86497791.0,467479900.0,26859842.0,14782693.0
12.1,50.8,13080803840.0,18159944704.0,86586964.0,467574565.0,26869349.0,14787927.0
11.7,50.8,13080803840.0,18160993280.0,86675814.0,467669668.0,26878636.0,14793016.0
11.0,50.7,13080803840.0,18162951168.0,86764813.0,467764432.0,26888213.0,14798026.0
11.2,50.7,13080803840.0,18162959360.0,86853480.0,467859175.0,26897622.0,14803197.0
12.1,50.5,13080803840.0,18162967552.0,86943299.0,467955563.0,26907457.0,14808625.0
12.0,50.5,13080803840.0,18164188160.0,87033539.0,468051286.0,26917386.0,14813926.0
13.6,50.5,13080902144.0,18206336000.0,87122213.0,468145920.0,26930598.0,14820578.0
12.4,50.5,13080902144.0,18208424960.0,87210812.0,468240627.0,26940412.0,14825817.0
12.9,50.5,13080902144.0,18208433152.0,87299842.0,468335303.0,26949816.0,14831099.0
12.4,50.6,13080902144.0,18208441344.0,87390614.0,468430702.0,26959339.0,14836279.0
12.4,50.4,13080902144.0,18208613376.0,87479696.0,468525252.0,26968748.0,14841584.0
18.8,50.4,13080902144.0,18209235968.0,87568985.0,468620485.0,26978591.0,14847190.0
12.6,50.5,13080902144.0,18209244160.0,87657102.0,468712181.0,26987914.0,14852342.0
15.1,50.6,13080902144.0,18209252352.0,87745899.0,468807061.0,26999116.0,14859307.0
14.4,50.6,13080902144.0,18209260544.0,87834616.0,468901701.0,27010082.0,14865936.0
23.1,50.9,13080967680.0,18209293312.0,87935124.0,469003995.0,27024513.0,14875152.0
15.2,50.9,13080967680.0,18209301504.0,88022965.0,469093231.0,27034783.0,14880516.0
10.4,50.8,13080967680.0,18210694144.0,88111354.0,469185454.0,27043219.0,14885077.0
12.0,50.8,13080967680.0,18210735104.0,88200333.0,469280319.0,27053165.0,14890596.0
11.8,50.8,13080967680.0,18210964480.0,88289249.0,469375085.0,27062300.0,14895607.0
36.9,50.8,13081156096.0,18211144704.0,88480006.0,469565157.0,27075483.0,14902875.0
17.7,50.9,13081352704.0,18211161088.0,88569366.0,469658091.0,27085721.0,14908171.0
13.6,50.8,13081352704.0,18211169280.0,88657800.0,469750907.0,27095484.0,14913646.0
17.6,50.8,13081467392.0,18218910720.0,88746714.0,469844574.0,27106398.0,14919293.0
13.4,50.9,13081467392.0,18218918912.0,88837949.0,469936153.0,27115629.0,14924362.0
12.8,50.9,13081467392.0,18218927104.0,88926657.0,470031214.0,27124615.0,14929196.0
14.3,50.9,13081467392.0,18218935296.0,89015104.0,470126281.0,27134324.0,14934676.0
11.4,51.0,13081467392.0,18218943488.0,89103971.0,470220994.0,27143739.0,14940014.0
11.9,51.0,13081467392.0,18219631616.0,89192822.0,470315443.0,27153317.0,14945282.0
11.2,50.9,13081467392.0,18219639808.0,89281384.0,470410217.0,27162434.0,14950339.0
13.7,50.9,13081467392.0,18219648000.0,89370144.0,470508559.0,27172780.0,14956118.0
21.2,51.0,13081467392.0,18219656192.0,89468632.0,470616810.0,27182536.0,14962052.0
13.4,50.9,13081467392.0,18219664384.0,89557484.0,470721680.0,27193035.0,14967614.0
11.7,51.0,13081467392.0,18219672576.0,89646095.0,470821954.0,27202514.0,14972725.0
14.6,51.0,13081467392.0,18220286976.0,89736314.0,470929158.0,27213187.0,14978393.0
14.3,51.1,13081467392.0,18220295168.0,89824787.0,471030844.0,27223488.0,14984036.0
16.1,51.1,13081467392.0,18220303360.0,89913515.0,471136205.0,27234171.0,14989851.0
12.6,51.1,13081467392.0,18220311552.0,90002330.0,471232112.0,27243569.0,14995152.0
13.8,51.0,13081467392.0,18243216384.0,90091064.0,471327163.0,27255116.0,15001163.0
11.9,51.0,13081467392.0,18243224576.0,90179982.0,471422529.0,27264524.0,15006438.0
15.1,51.0,13081467392.0,18243232768.0,90268735.0,471519331.0,27274120.0,15011664.0
16.3,51.1,13081500160.0,18243503104.0,90359566.0,471616683.0,27283236.0,15016662.0
15.6,51.1,13081500160.0,18243511296.0,90448989.0,471719610.0,27292891.0,15021984.0
11.7,51.1,13081500160.0,18245493760.0,90538598.0,471821899.0,27301993.0,15026932.0
11.9,50.8,13081500160.0,18246730752.0,90627484.0,471920523.0,27311494.0,15032053.0
12.4,50.8,13081500160.0,18246738944.0,90716339.0,472022664.0,27321384.0,15037480.0
11.0,50.7,13081500160.0,18246771712.0,90804983.0,472121391.0,27330603.0,15042656.0
11.7,50.5,13081500160.0,18246779904.0,90893790.0,472216485.0,27339751.0,15047900.0
12.8,50.6,13081500160.0,18248696832.0,90982047.0,472311657.0,27349687.0,15053280.0
11.4,50.6,13081500160.0,18248926208.0,91070059.0,472405876.0,27358493.0,15058050.0
12.6,50.7,13081500160.0,18249360384.0,91159223.0,472501336.0,27368154.0,15063344.0
11.9,50.7,13081500160.0,18249376768.0,91247950.0,472595941.0,27377477.0,15068600.0
11.2,50.7,13081500160.0,18249384960.0,91339138.0,472691451.0,27386581.0,15073608.0
12.4,50.6,13081500160.0,18249450496.0,91429187.0,472787160.0,27396059.0,15078888.0
36.6,50.9,13081500160.0,18249810944.0,91518523.0,472882275.0,27405559.0,15085777.0
40.2,51.6,13081500160.0,18257486848.0,91607960.0,472977073.0,27414476.0,15091788.0
41.7,51.8,13081500160.0,18259354624.0,91709258.0,473087629.0,27425118.0,15098552.0
29.0,51.9,13081500160.0,18261894144.0,91811173.0,473194549.0,27435099.0,15104217.0
42.6,51.9,13081500160.0,18261902336.0,91900143.0,473289143.0,27444544.0,15110474.0
38.2,51.9,13081500160.0,18261910528.0,91988749.0,473384100.0,27453878.0,15116733.0
36.7,52.0,13081500160.0,18263180288.0,92078714.0,473479568.0,27463599.0,15123029.0
51.6,52.7,13081500160.0,18263196672.0,92250600.0,473657654.0,27472911.0,15130515.0
51.2,52.9,13081500160.0,18263204864.0,92339663.0,473752596.0,27482224.0,15137473.0
37.8,51.5,13081500160.0,18263213056.0,92431997.0,473850088.0,27492120.0,15143818.0
36.6,51.6,13081500160.0,18263884800.0,92521985.0,473946141.0,27500769.0,15149573.0
37.7,51.6,13081500160.0,18263892992.0,92614430.0,474042733.0,27510494.0,15155727.0
37.2,50.5,13081500160.0,18264351744.0,92712973.0,474147134.0,27520075.0,15161808.0
24.1,49.3,13081565696.0,18297013248.0,92808275.0,474245436.0,27530198.0,15167856.0
7.9,49.3,13081565696.0,18297021440.0,92895729.0,474332889.0,27536790.0,15171563.0
13.1,49.3,13081565696.0,18297193472.0,92984357.0,474434586.0,27546510.0,15176683.0
17.7,49.7,13081565696.0,18297259008.0,93073530.0,474534698.0,27556585.0,15183906.0
24.9,49.9,13081565696.0,18297578496.0,93162140.0,474629853.0,27569313.0,15197128.0
15.3,49.9,13081565696.0,18297586688.0,93250900.0,474724458.0,27580236.0,15204699.0
12.1,49.9,13081565696.0,18298176512.0,93341925.0,474818487.0,27588521.0,15209491.0
15.1,49.9,13081565696.0,18298184704.0,93432924.0,474912893.0,27598191.0,15214659.0
14.0,49.9,13081565696.0,18298192896.0,93521413.0,475007606.0,27608995.0,15222237.0
14.8,49.9,13081565696.0,18298201088.0,93610118.0,475111383.0,27620413.0,15230499.0
16.3,49.9,13081565696.0,18298840064.0,93699229.0,475217282.0,27632779.0,15236817.0
13.8,51.3,13081565696.0,18299069440.0,93787989.0,475324758.0,27641816.0,15241774.0
18.4,51.3,13081565696.0,18299077632.0,93877814.0,475432321.0,27653833.0,15251293.0
13.2,51.3,13081565696.0,18299085824.0,93966932.0,475536883.0,27663868.0,15259430.0
21.5,51.0,13081565696.0,18299487232.0,94055481.0,475636099.0,27674109.0,15268124.0
14.4,51.0,13081565696.0,18299659264.0,94145238.0,475741136.0,27685041.0,15276385.0
15.8,51.3,13081565696.0,18299667456.0,94234794.0,475843703.0,27696576.0,15284392.0
15.6,51.4,13081565696.0,18299913216.0,94326063.0,475945950.0,27706840.0,15291995.0
17.2,51.4,13081565696.0,18306147328.0,94414951.0,476046152.0,27718939.0,15299285.0
16.0,51.3,13081565696.0,18306155520.0,94503649.0,476143753.0,27730235.0,15306551.0
19.4,51.4,13081565696.0,18306163712.0,94592630.0,476238446.0,27741474.0,15313529.0
16.3,51.3,13081565696.0,18306171904.0,94681421.0,476333146.0,27753715.0,15321875.0
14.5,51.1,13081565696.0,18306180096.0,94770129.0,476427924.0,27764057.0,15329150.0
20.8,51.1,13081565696.0,18306188288.0,94858976.0,476522539.0,27774628.0,15339190.0
15.1,51.1,13081565696.0,18306196480.0,94948005.0,476620001.0,27784654.0,15346630.0
18.0,51.1,13081565696.0,18306958336.0,95044142.0,476729896.0,27795942.0,15355590.0
13.9,51.1,13081565696.0,18306966528.0,95133098.0,476824636.0,27806421.0,15362945.0
14.7,51.0,13081565696.0,18306974720.0,95221916.0,476919193.0,27818049.0,15371086.0
14.4,51.1,13081565696.0,18306982912.0,95313251.0,477015469.0,27829138.0,15379013.0
21.6,51.4,13081729536.0,18329003008.0,95402806.0,477110685.0,27842299.0,15387613.0
17.9,51.4,13081729536.0,18329871360.0,95490818.0,477204492.0,27853385.0,15394090.0
16.0,51.4,13081729536.0,18329879552.0,95580211.0,477312175.0,27865048.0,15402628.0
22.2,51.2,13081729536.0,18329887744.0,95669148.0,477416017.0,27875703.0,15412092.0
23.2,51.3,13081729536.0,18329904128.0,95842115.0,477602431.0,27885895.0,15420498.0
28.1,51.3,13081729536.0,18330272768.0,95931053.0,477702839.0,27896260.0,15429338.0
17.5,51.4,13081729536.0,18330280960.0,96020760.0,477804240.0,27905770.0,15436697.0
17.6,51.4,13081729536.0,18330911744.0,96109511.0,477905232.0,27918036.0,15443304.0
24.7,51.4,13081729536.0,18330919936.0,96198588.0,478004787.0,27931906.0,15451668.0
15.0,51.4,13081729536.0,18330928128.0,96287819.0,478099720.0,27941438.0,15459272.0
17.3,51.5,13081729536.0,18330936320.0,96378959.0,478195187.0,27952161.0,15467022.0
14.1,51.5,13081729536.0,18331862016.0,96467917.0,478294658.0,27962863.0,15474214.0
19.8,51.3,13081729536.0,18331927552.0,96558060.0,478401048.0,27975215.0,15482634.0
24.0,51.3,13081729536.0,18331935744.0,96646869.0,478507749.0,27989145.0,15491903.0
56.6,51.4,13112334848.0,18331935744.0,96652706.0,478532053.0,28001158.0,15500215.0
99.8,51.4,13112343040.0,18331935744.0,96657361.0,478555500.0,28013501.0,15512827.0
100.0,51.3,13112351232.0,18331952128.0,96831512.0,478746842.0,28024544.0,15522893.0
99.8,51.2,13112375808.0,18331968512.0,96920669.0,478841945.0,28033139.0,15532912.0
100.0,51.2,13112375808.0,18331976704.0,97009713.0,478936950.0,28040519.0,15541661.0
100.0,51.2,13112375808.0,18331984896.0,97101425.0,479033145.0,28048124.0,15550483.0
100.0,51.2,13112375808.0,18339529728.0,97190045.0,479128377.0,28057645.0,15561168.0
100.0,51.6,13112375808.0,18339562496.0,97278983.0,479223469.0,28068938.0,15575319.0
100.0,51.6,13112375808.0,18339570688.0,97367892.0,479318364.0,28079618.0,15587432.0
99.8,51.5,13112375808.0,18339587072.0,97456353.0,479411250.0,28089726.0,15599322.0
23.0,51.4,13112375808.0,18339595264.0,97545237.0,479511668.0,28100860.0,15608088.0
15.2,51.2,13112375808.0,18340267008.0,97635121.0,479608270.0,28112133.0,15616028.0
29.5,51.2,13112375808.0,18340750336.0,97725690.0,479704172.0,28125228.0,15625101.0
22.8,51.2,13112375808.0,18340758528.0,97814587.0,479798839.0,28138038.0,15634041.0
29.6,51.2,13112375808.0,18340766720.0,97904451.0,479894730.0,28150794.0,15643411.0
32.3,51.2,13112506880.0,18342036480.0,98076753.0,480073522.0,28164106.0,15653040.0
30.8,51.3,13112801792.0,18369987584.0,98172075.0,480175792.0,28177822.0,15663312.0
21.7,51.3,13112818176.0,18370454528.0,98269043.0,480285133.0,28188647.0,15670636.0
17.5,51.2,13112818176.0,18370462720.0,98357669.0,480392678.0,28198772.0,15677789.0
11.1,51.3,13112818176.0,18370470912.0,98446445.0,480499403.0,28206621.0,15682255.0
12.6,51.3,13112818176.0,18371011584.0,98535564.0,480606555.0,28215901.0,15688051.0
17.6,51.3,13112818176.0,18371798016.0,98624592.0,480715219.0,28227794.0,15695988.0
20.0,51.4,13112818176.0,18371806208.0,98714987.0,480818407.0,28240007.0,15704305.0
12.1,51.4,13112818176.0,18371814400.0,98803611.0,480913231.0,28248508.0,15709421.0
16.5,51.5,13112818176.0,18371814400.0,98808419.0,480923688.0,28259063.0,15715633.0
21.9,51.4,13112818176.0,18372486144.0,98897507.0,481018518.0,28272551.0,15724150.0
18.3,51.3,13112818176.0,18372903936.0,98988426.0,481113457.0,28284038.0,15730994.0
23.0,51.1,13112818176.0,18374149120.0,99078122.0,481209052.0,28298020.0,15739657.0
17.7,50.8,13112818176.0,18374173696.0,99165562.0,481296732.0,28309678.0,15747400.0
30.0,50.7,13112818176.0,18374190080.0,99254931.0,481397734.0,28322249.0,15755306.0
100.0,50.7,13112883712.0,18374206464.0,99430299.0,481583045.0,28334080.0,15766396.0
99.8,50.7,13112883712.0,18374222848.0,99519717.0,481674958.0,28347045.0,15778936.0
100.0,50.8,13112883712.0,18374255616.0,99609010.0,481773738.0,28357908.0,15790113.0
100.0,50.7,13112883712.0,18374288384.0,99697712.0,481869546.0,28371462.0,15807097.0
100.0,50.7,13112883712.0,18374296576.0,99787052.0,481965890.0,28383046.0,15823845.0
100.0,50.7,13112883712.0,18385650688.0,99875620.0,482056329.0,28394912.0,15839623.0
100.0,50.5,13112883712.0,18385658880.0,99972784.0,482158544.0,28405307.0,15854854.0
100.0,50.5,13112883712.0,18385675264.0,100061647.0,482253760.0,28415448.0,15868777.0
100.0,50.5,13112883712.0,18385683456.0,100161753.0,482357990.0,28426490.0,15880232.0
99.8,50.6,13112883712.0,18385691648.0,100250789.0,482452608.0,28438963.0,15892294.0
99.8,51.1,13112883712.0,18386338816.0,100424257.0,482632614.0,28451319.0,15904668.0
23.5,51.1,13112883712.0,18386347008.0,100512937.0,482727553.0,28464240.0,15913472.0
25.7,51.1,13112883712.0,18386355200.0,100601835.0,482822515.0,28477713.0,15922836.0
28.1,51.1,13112883712.0,18386969600.0,100690255.0,482917283.0,28491445.0,15932472.0
25.8,51.0,13112883712.0,18387166208.0,100778114.0,483008396.0,28504737.0,15942203.0
27.0,51.0,13112883712.0,18387182592.0,100872943.0,483102417.0,28517267.0,15950999.0
17.7,51.0,13113047552.0,18417951744.0,100964015.0,483197568.0,28532164.0,15959684.0
17.6,51.0,13113047552.0,18417968128.0,101052598.0,483292420.0,28543325.0,15966659.0
20.4,51.1,13113047552.0,18418213888.0,101141573.0,483387175.0,28554802.0,15973532.0
19.8,51.0,13113047552.0,18418222080.0,101231510.0,483482437.0,28567405.0,15982069.0
20.0,51.0,13113047552.0,18418557952.0,101320501.0,483575953.0,28581178.0,15990880.0
23.9,50.9,13113129472.0,18418787328.0,101407817.0,483662670.0,28594587.0,15998872.0
19.3,50.9,13113129472.0,18418795520.0,101504086.0,483758652.0,28607176.0,16006325.0
18.2,50.8,13113129472.0,18418803712.0,101591892.0,483852384.0,28619005.0,16014508.0
25.4,50.7,13113129472.0,18419196928.0,101680420.0,483946943.0,28630207.0,16023072.0
27.0,50.9,13113162240.0,18419811328.0,101783966.0,484057811.0,28642891.0,16030689.0
15.5,50.9,13113162240.0,18421015552.0,101884641.0,484161294.0,28653910.0,16037633.0
23.8,51.3,13113162240.0,18421081088.0,102057745.0,484340420.0,28666105.0,16045484.0
18.4,51.3,13113162240.0,18421089280.0,102149838.0,484440226.0,28677545.0,16053216.0
40.0,51.4,13113162240.0,18421097472.0,102238607.0,484535101.0,28690677.0,16065358.0
15.9,51.2,13113162240.0,18421105664.0,102327924.0,484625988.0,28702956.0,16073481.0
12.9,51.2,13113227776.0,18421801984.0,102416459.0,484718461.0,28712975.0,16079785.0
12.6,51.1,13113227776.0,18421818368.0,102505228.0,484813292.0,28722443.0,16085716.0
12.6,50.9,13113227776.0,18421826560.0,102594319.0,484908101.0,28731643.0,16090660.0
12.3,50.7,13113227776.0,18422096896.0,102683193.0,485002815.0,28741080.0,16095780.0
10.8,50.7,13113227776.0,18422842368.0,102771934.0,485094412.0,28750269.0,16100932.0
8.2,50.7,13113227776.0,18431370240.0,102859148.0,485180970.0,28757558.0,16104959.0
8.4,50.6,13113227776.0,18431378432.0,102948475.0,485268296.0,28764006.0,16108567.0
10.7,50.6,13113227776.0,18431394816.0,103036380.0,485356853.0,28771479.0,16112790.0
11.4,50.6,13113227776.0,18431566848.0,103129157.0,485453407.0,28779907.0,16117503.0
12.3,50.6,13113227776.0,18431575040.0,103220515.0,485550083.0,28789211.0,16122666.0
11.1,50.7,13113227776.0,18431591424.0,103309347.0,485645033.0,28797382.0,16127158.0
19.8,50.6,13113227776.0,18431599616.0,103398014.0,485739700.0,28806375.0,16132331.0
11.9,50.6,13113227776.0,18431607808.0,103486409.0,485832503.0,28815512.0,16137296.0
12.1,50.6,13113227776.0,18431616000.0,103575077.0,485927427.0,28824876.0,16142543.0
11.8,50.6,13113227776.0,18432287744.0,103663981.0,486022144.0,28834250.0,16147716.0
13.9,50.7,13113457152.0,18457551872.0,103752864.0,486117296.0,28846289.0,16154057.0
13.0,50.7,13113457152.0,18457723904.0,103843571.0,486212829.0,28855787.0,16159242.0
11.7,50.7,13113457152.0,18457732096.0,103932558.0,486307571.0,28865042.0,16164447.0
12.4,50.7,13113457152.0,18457740288.0,104022325.0,486403285.0,28874752.0,16169791.0
12.2,50.7,13113457152.0,18458289152.0,104110998.0,486498113.0,28884277.0,16175096.0
11.6,50.7,13113457152.0,18458297344.0,104199980.0,486592860.0,28893541.0,16180255.0
11.4,50.7,13113457152.0,18458305536.0,104289177.0,486687816.0,28903022.0,16185382.0
10.9,50.7,13113457152.0,18458313728.0,104377856.0,486782746.0,28911249.0,16189934.0
11.9,50.7,13113457152.0,18458543104.0,104466608.0,486877281.0,28920488.0,16194908.0
11.9,50.7,13113457152.0,18459214848.0,104554684.0,486968147.0,28929506.0,16199816.0
11.8,50.7,13113457152.0,18460197888.0,104643439.0,487063030.0,28938639.0,16204666.0
10.4,50.7,13113457152.0,18460206080.0,104731289.0,487152624.0,28946465.0,16208975.0
13.8,50.7,13113457152.0,18460214272.0,104822971.0,487249809.0,28956442.0,16214473.0
19.5,50.7,13113457152.0,18460222464.0,104912092.0,487344559.0,28965114.0,16219571.0
11.9,50.6,13113457152.0,18460263424.0,105001020.0,487439454.0,28974337.0,16224718.0
11.1,50.6,13113457152.0,18460271616.0,105088829.0,487529292.0,28982758.0,16229313.0
11.0,50.6,13113457152.0,18460288000.0,105176089.0,487615872.0,28990826.0,16233704.0
11.6,50.6,13113457152.0,18460296192.0,105264495.0,487709282.0,29000150.0,16238753.0
12.4,50.6,13113457152.0,18460304384.0,105352925.0,487804902.0,29008952.0,16243728.0
11.9,50.6,13113457152.0,18460312576.0,105441029.0,487899071.0,29018464.0,16248896.0
12.2,50.6,13113457152.0,18460320768.0,105529517.0,487992644.0,29027626.0,16253965.0
10.8,50.6,13113457152.0,18466620416.0,105618542.0,488087475.0,29037172.0,16259273.0
11.1,50.6,13113457152.0,18466628608.0,105708260.0,488181303.0,29046096.0,16264102.0
13.6,50.7,13113457152.0,18466653184.0,105799560.0,488277209.0,29056050.0,16269628.0
14.3,50.7,13113555456.0,18466669568.0,105896797.0,488380374.0,29066060.0,16275054.0
25.0,50.8,13113620992.0,18466685952.0,106070394.0,488561391.0,29076396.0,16281002.0
11.9,50.8,13113620992.0,18466702336.0,106159304.0,488656297.0,29085682.0,16286264.0
13.9,50.7,13113801216.0,18466874368.0,106247781.0,488751057.0,29094839.0,16291484.0
14.1,50.6,13113801216.0,18466882560.0,106336808.0,488845773.0,29104372.0,16296832.0
13.6,50.7,13113866752.0,18487755776.0,106425501.0,488940451.0,29115522.0,16302689.0
10.9,50.6,13113866752.0,18487763968.0,106697065.0,489046096.0,29124588.0,16307616.0
10.0,50.6,13113866752.0,18488386560.0,106786313.0,489141941.0,29133123.0,16312098.0
14.2,50.7,13114128896.0,18490008576.0,106907066.0,489246616.0,29143323.0,16317400.0
10.6,50.7,13114128896.0,18490590208.0,106995856.0,489339653.0,29151829.0,16322028.0
11.4,50.7,13114128896.0,18490811392.0,107088233.0,489433689.0,29160788.0,16326885.0
12.1,50.7,13114128896.0,18490819584.0,107176251.0,489524464.0,29169671.0,16331926.0
9.4,50.7,13114128896.0,18490827776.0,107263895.0,489612420.0,29177327.0,16336174.0
12.5,50.7,13114128896.0,18491220992.0,107352028.0,489704444.0,29185283.0,16340637.0
13.2,50.7,13114128896.0,18491229184.0,107440519.0,489798852.0,29194246.0,16345695.0
11.1,50.7,13114128896.0,18491237376.0,107528742.0,489890518.0,29202733.0,16350408.0
10.1,50.7,13114128896.0,18497610752.0,107617185.0,489982925.0,29210746.0,16354798.0
11.7,50.7,13114128896.0,18497618944.0,107706518.0,490078017.0,29219857.0,16359743.0
10.9,50.7,13114128896.0,18498397184.0,107795860.0,490173187.0,29228334.0,16364283.0
13.3,50.7,13114128896.0,18498405376.0,107884941.0,490268003.0,29237779.0,16369512.0
12.3,50.8,13114128896.0,18500387840.0,107976028.0,490362995.0,29246793.0,16374499.0
25.0,51.0,13114128896.0,18500396032.0,108064997.0,490458457.0,29259162.0,16383007.0
30.2,51.5,13114128896.0,18500404224.0,108154234.0,490548239.0,29271419.0,16393775.0
21.9,51.5,13114161664.0,18500412416.0,108244645.0,490648579.0,29284578.0,16402337.0
19.0,51.5,13114161664.0,18500420608.0,108333515.0,490743447.0,29297555.0,16411064.0
50.4,51.5,13114161664.0,18500436992.0,108423412.0,490839303.0,29307091.0,16418854.0
100.0,51.5,13114161664.0,18500436992.0,108427673.0,490849967.0,29317173.0,16429665.0
99.8,51.5,13114161664.0,18500436992.0,108432839.0,490858334.0,29327480.0,16440637.0
99.8,51.5,13114161664.0,18507400192.0,108606099.0,491030451.0,29339306.0,16451523.0
100.0,51.4,13114227200.0,18507416576.0,108693670.0,491118963.0,29350576.0,16460975.0
100.0,51.4,13114227200.0,18507424768.0,108785055.0,491214910.0,29360368.0,16470515.0
100.0,51.4,13114227200.0,18507457536.0,108872833.0,491303529.0,29367579.0,16479209.0
100.0,51.3,13114227200.0,18507858944.0,109044460.0,491474852.0,29377247.0,16490463.0
99.8,51.4,13114227200.0,18507867136.0,109132230.0,491561971.0,29388313.0,16503807.0
91.0,51.3,13114358272.0,18536342528.0,109219786.0,491650613.0,29399118.0,16515778.0
18.0,51.3,13114358272.0,18536350720.0,109308273.0,491746390.0,29408517.0,16521856.0
13.5,51.3,13114358272.0,18536367104.0,109397263.0,491841791.0,29418687.0,16528881.0
20.7,51.3,13114358272.0,18537038848.0,109486368.0,491936595.0,29430638.0,16536710.0
11.4,51.3,13114358272.0,18537047040.0,109576478.0,492031068.0,29438620.0,16541552.0
19.2,51.3,13114358272.0,18537423872.0,109664625.0,492122241.0,29450035.0,16549238.0
24.8,51.8,13114366464.0,18537432064.0,109756096.0,492217396.0,29462203.0,16558314.0
18.3,51.8,13114366464.0,18537440256.0,109845179.0,492312767.0,29474039.0,16568900.0
36.7,52.1,13121796608.0,18537825280.0,109944957.0,492421292.0,29489957.0,16578309.0
18.0,52.1,13121796608.0,18537833472.0,110034048.0,492516349.0,29501296.0,16586059.0
16.3,51.9,13121862144.0,18537841664.0,110123359.0,492611111.0,29511826.0,16594183.0
19.6,51.9,13121862144.0,18537849856.0,110212058.0,492705306.0,29523461.0,16604087.0
36.9,52.0,13121862144.0,18539357184.0,110302156.0,492801960.0,29537696.0,16616291.0
23.9,52.3,13121862144.0,18539365376.0,110391742.0,492897112.0,29549153.0,16623496.0
14.3,52.4,13121862144.0,18539373568.0,110481044.0,492992439.0,29557598.0,16628571.0
15.6,52.3,13121862144.0,18540045312.0,110570052.0,493087305.0,29567321.0,16633768.0
11.2,52.0,13121862144.0,18540053504.0,110659054.0,493182265.0,29575519.0,16638376.0
83.2,35.3,36014539264.0,34834433024.0,138377209.0,663812739.0,59687624.0,32495213.0
97.7,34.1,36028596736.0,34835039232.0,138432238.0,663835992.0,59702732.0,32506553.0
100.0,34.2,36030542336.0,34837791744.0,138610944.0,663866388.0,59720435.0,32520434.0
100.0,34.3,36035523072.0,34838701056.0,138710396.0,663876382.0,59738655.0,32534643.0
100.0,34.8,36035834368.0,34838709248.0,138902702.0,663895359.0,59758980.0,32547350.0
100.0,35.4,36037562880.0,34850841600.0,139067296.0,663924237.0,59777002.0,32559827.0
100.0,37.2,36038930944.0,34851447808.0,139171889.0,663946872.0,59795834.0,32575398.0
100.0,37.7,36039553536.0,34862568448.0,139394637.0,663971867.0,59814936.0,32593583.0
100.0,38.6,36044337664.0,34870567936.0,139503261.0,663988314.0,59831369.0,32605881.0
100.0,38.6,36044427776.0,34871378944.0,139628275.0,664005604.0,59846700.0,32618332.0
99.8,39.1,36044534272.0,34876597248.0,139746549.0,664023699.0,59863196.0,32632699.0
100.0,39.5,36046483968.0,34950169600.0,139888172.0,664047395.0,59879295.0,32645540.0
100.0,40.1,36046565888.0,34950169600.0,140005418.0,664065893.0,59893222.0,32654979.0
100.0,41.1,36049457664.0,34952745984.0,140196577.0,664089903.0,59913336.0,32670999.0
100.0,42.7,36053299712.0,34966041600.0,140296406.0,664106768.0,59932816.0,32691052.0
100.0,42.9,36055687680.0,34968581120.0,140409163.0,664126408.0,59948789.0,32704816.0
100.0,43.7,36055966208.0,34971177984.0,140591003.0,664145895.0,59967493.0,32720095.0
100.0,44.5,36056822272.0,34977072128.0,140977204.0,664173996.0,59991391.0,32739599.0
100.0,44.7,36088410624.0,35011445760.0,141044722.0,664187544.0,60005378.0,32749949.0
100.0,45.2,36088476160.0,35023541248.0,141211938.0,664213542.0,60021957.0,32763478.0
100.0,45.6,36088476160.0,35025978368.0,141305270.0,664230590.0,60036986.0,32775210.0
99.8,46.1,36090057216.0,35027002368.0,141535016.0,664254223.0,60056566.0,32792844.0
100.0,46.5,36090417664.0,35029267456.0,141654504.0,664269700.0,60071468.0,32804555.0
100.0,46.7,36090475008.0,35033998336.0,141789752.0,664291603.0,60088139.0,32816987.0
91.0,47.0,36092178944.0,35034244096.0,141897045.0,664305541.0,60102111.0,32826096.0
63.1,46.9,36093022720.0,35035599872.0,142139236.0,664321164.0,60117189.0,32835599.0
68.5,47.5,36093022720.0,35038991360.0,142328995.0,664347144.0,60129847.0,32844516.0
59.3,47.7,36104958464.0,35041338368.0,142389333.0,664367002.0,60144783.0,32855412.0
41.7,47.9,36117107200.0,35042051072.0,142561738.0,664390905.0,60157512.0,32862721.0
46.6,47.9,36117107200.0,35054199808.0,142710432.0,664414938.0,60171143.0,32873292.0
46.7,48.0,36117107200.0,35054199808.0,142862830.0,664436300.0,60184840.0,32883733.0
40.7,48.2,36117107200.0,35054208000.0,143010447.0,664460687.0,60194808.0,32890534.0
44.8,46.7,36119818752.0,35058082816.0,143153936.0,664481051.0,60207242.0,32899535.0
35.2,45.6,36121137664.0,35058099200.0,143310277.0,664504812.0,60221067.0,32908314.0
14.4,45.5,36121137664.0,35058385920.0,143452247.0,664527461.0,60231116.0,32913413.0
14.6,45.5,36121137664.0,35058680832.0,143576742.0,664550045.0,60241064.0,32918692.0
19.1,45.5,36122292736.0,35058680832.0,143725158.0,664575276.0,60251970.0,32924274.0
16.3,45.5,36122292736.0,35059778560.0,143874699.0,664600416.0,60262615.0,32929494.0
19.6,45.5,36126618112.0,35127501824.0,143991347.0,664626081.0,60282281.0,32938046.0
14.9,45.5,36126618112.0,35127501824.0,144098649.0,664649956.0,60292890.0,32943280.0
14.6,45.5,36126618112.0,35127501824.0,144196227.0,664674184.0,60302627.0,32948291.0
24.3,47.6,36126618112.0,35127501824.0,144466330.0,664698903.0,60316445.0,32959496.0
16.1,47.5,36126618112.0,35127501824.0,144639540.0,664724601.0,60327369.0,32965620.0
14.6,47.5,36126618112.0,35127501824.0,144802390.0,664750220.0,60337738.0,32970752.0
14.5,47.5,36126618112.0,35127501824.0,144877820.0,664775323.0,60347585.0,32975861.0
15.1,47.2,36126618112.0,35127501824.0,144979311.0,664800856.0,60357680.0,32980983.0
17.3,47.2,36126618112.0,35127501824.0,145076466.0,664827958.0,60370361.0,32988603.0
18.0,47.2,36126618112.0,35127501824.0,145197735.0,664855693.0,60382420.0,32995818.0
15.8,47.2,36126618112.0,35128124416.0,145311331.0,664884557.0,60393311.0,33001627.0
15.5,47.2,36139381248.0,35128124416.0,145442871.0,664910687.0,60403822.0,33006926.0
16.9,47.2,36139381248.0,35128124416.0,145733531.0,664932169.0,60413991.0,33011992.0
15.2,47.2,36139381248.0,35128730624.0,145897743.0,664957290.0,60424569.0,33017128.0
15.1,47.2,36139381248.0,35129336832.0,145987008.0,664981534.0,60434852.0,33022339.0
14.9,47.2,36139381248.0,35129984000.0,146076332.0,665004586.0,60444962.0,33027511.0
22.7,46.9,36139381248.0,35129984000.0,146191217.0,665026086.0,60455004.0,33035689.0
18.7,46.9,36139381248.0,35129984000.0,146306790.0,665048221.0,60467253.0,33043019.0
18.2,46.9,36139381248.0,35129984000.0,146435731.0,665070467.0,60478211.0,33049362.0
15.3,46.9,36139381248.0,35129992192.0,146567514.0,665094704.0,60488209.0,33054457.0
31.5,47.2,36199625216.0,35131278336.0,146708377.0,665179497.0,60505184.0,33062843.0
28.1,47.2,36209955328.0,35161850880.0,146915793.0,665205007.0,60518846.0,33068931.0
16.4,47.2,36209955328.0,35162940416.0,147007111.0,665228523.0,60529627.0,33074202.0
17.4,47.2,36211462656.0,35162940416.0,147190438.0,665255759.0,60541488.0,33079515.0
17.1,47.3,36211499520.0,35163694080.0,147286626.0,665281207.0,60552867.0,33084728.0
20.8,47.4,36211532288.0,35164562432.0,147459980.0,665306935.0,60564901.0,33090093.0
39.0,47.5,36224635392.0,35164603392.0,147558276.0,665340123.0,60580337.0,33097524.0
17.1,47.4,36224635392.0,35164603392.0,147756568.0,665371189.0,60591331.0,33102871.0
16.1,47.4,36224635392.0,35164603392.0,147855986.0,665415713.0,60601939.0,33108073.0
19.3,47.4,36224668160.0,35200279552.0,147930151.0,665453685.0,60616191.0,33113931.0
18.2,47.5,36225946112.0,35201598464.0,148058473.0,665483353.0,60627711.0,33119587.0
16.6,47.5,36225970688.0,35201598464.0,148197430.0,665517212.0,60638305.0,33124864.0
16.3,47.4,36225970688.0,35201598464.0,148325262.0,665549835.0,60648917.0,33130110.0
16.0,47.5,36225970688.0,35201598464.0,148452658.0,665576302.0,60659190.0,33135223.0
19.3,47.4,36225970688.0,35201598464.0,148578035.0,665605467.0,60671636.0,33142899.0
20.1,47.4,36225970688.0,35201598464.0,148796389.0,665641552.0,60683580.0,33148454.0
22.2,47.4,36225970688.0,35201606656.0,148927764.0,665674758.0,60694597.0,33153959.0
23.6,47.5,36225970688.0,35201606656.0,149127493.0,665703811.0,60705590.0,33159479.0
22.5,47.5,36225970688.0,35201614848.0,149281057.0,665738692.0,60716760.0,33165298.0
24.8,47.4,36226093568.0,35201614848.0,149476993.0,665775043.0,60728517.0,33171579.0
24.6,47.4,36226093568.0,35202843648.0,149648422.0,665812732.0,60741110.0,33178481.0
20.9,47.4,36226093568.0,35202843648.0,149804043.0,665849239.0,60751625.0,33183789.0
24.3,47.5,36226093568.0,35202860032.0,149913469.0,665887039.0,60762900.0,33189783.0
29.3,47.6,36226093568.0,35203081216.0,150077521.0,665924227.0,60775557.0,33197492.0
54.5,47.7,36226093568.0,35203687424.0,150317664.0,665964052.0,60790743.0,33209614.0
26.7,47.7,36226093568.0,35203695616.0,150455138.0,666003746.0,60802647.0,33216278.0
33.9,47.7,36226093568.0,35204432896.0,150664740.0,666043283.0,60816311.0,33223084.0
34.3,47.6,36226093568.0,35204432896.0,151004715.0,666057082.0,60830710.0,33230941.0
38.4,47.7,36226093568.0,35205047296.0,151355303.0,666121362.0,60845148.0,33239365.0
35.8,47.7,36226093568.0,35205653504.0,151853770.0,666162815.0,60859118.0,33246730.0
25.6,47.5,36226093568.0,35206579200.0,152155394.0,666201825.0,60870395.0,33252717.0
23.6,47.4,36226093568.0,35207382016.0,152306764.0,666241167.0,60881294.0,33258205.0
23.9,47.3,36226093568.0,35216294912.0,152468726.0,666280950.0,60892104.0,33263834.0
25.3,47.3,36226093568.0,35217097728.0,152652961.0,666323740.0,60903635.0,33269529.0
26.4,47.3,36226093568.0,35218072576.0,152840273.0,666363549.0,60916288.0,33276957.0
29.5,47.3,36226097664.0,35218654208.0,152996210.0,666404917.0,60929599.0,33282848.0
27.0,47.2,36226097664.0,35218949120.0,153184297.0,666440235.0,60941476.0,33288542.0
28.3,47.2,36226114048.0,35218949120.0,153303901.0,666474905.0,60956059.0,33297409.0
27.8,47.2,36226114048.0,35218949120.0,153495789.0,666516240.0,60968606.0,33304201.0
24.6,47.3,36226146816.0,35254035456.0,153677925.0,666560281.0,60983021.0,33310288.0
24.6,47.3,36226146816.0,35254715392.0,153812597.0,666603111.0,60994544.0,33315940.0
24.5,47.3,36226146816.0,35254715392.0,153973494.0,666653474.0,61005793.0,33321593.0
24.1,47.2,36226146816.0,35254715392.0,154181994.0,666696512.0,61016973.0,33327140.0
23.4,47.2,36226146816.0,35254715392.0,154284367.0,666746646.0,61027776.0,33332671.0
24.7,47.2,36226146816.0,35254723584.0,154444475.0,666789690.0,61038984.0,33338707.0
24.0,47.3,36226146816.0,35254723584.0,154594372.0,666834355.0,61050686.0,33344856.0
22.7,47.3,36226146816.0,35254731776.0,154724825.0,666908929.0,61061575.0,33350293.0
26.1,47.3,36226146816.0,35254731776.0,154824543.0,666953729.0,61072878.0,33356124.0
25.1,47.3,36226146816.0,35254731776.0,155002456.0,667001023.0,61084340.0,33361846.0
24.1,47.3,36226146816.0,35254731776.0,155155870.0,667050370.0,61095436.0,33367279.0
31.0,47.5,36226146816.0,35254731776.0,155326681.0,667096903.0,61109724.0,33376021.0
30.2,47.5,36226146816.0,35255714816.0,155485230.0,667147357.0,61123098.0,33383524.0
27.8,47.7,36226146816.0,35255723008.0,155735765.0,667192895.0,61135338.0,33389750.0
27.3,47.8,36226146816.0,35255723008.0,155868455.0,667240938.0,61147665.0,33395983.0
34.5,47.7,36226146816.0,35256329216.0,156086359.0,667288147.0,61162633.0,33404948.0
39.0,47.5,36226146816.0,35256935424.0,156231964.0,667329694.0,61177320.0,33415971.0
36.1,47.6,36226146816.0,35256943616.0,156498803.0,667341280.0,61191911.0,33424618.0
35.5,47.5,36226146816.0,35256951808.0,157030775.0,667385828.0,61206791.0,33432836.0
34.5,47.4,36226146816.0,35257558016.0,157272450.0,667427488.0,61222756.0,33442129.0
33.2,47.3,36226183680.0,35257566208.0,157487727.0,667475382.0,61238647.0,33451749.0
36.8,47.0,36226183680.0,35258131456.0,157697183.0,667516589.0,61255525.0,33461397.0
33.9,47.0,36226183680.0,35258131456.0,157833189.0,667558106.0,61272124.0,33471362.0
37.8,47.2,36226183680.0,35263898624.0,158236555.0,667602238.0,61286859.0,33479980.0
37.3,47.3,36226183680.0,35264504832.0,158585135.0,667644476.0,61303742.0,33490714.0
28.6,47.3,36226183680.0,35266167808.0,158788966.0,667688186.0,61318202.0,33499603.0
30.1,47.4,36226183680.0,35266167808.0,159034268.0,667730817.0,61332593.0,33509105.0
34.7,47.4,36226183680.0,35266167808.0,159556038.0,667774296.0,61348329.0,33519867.0
29.0,47.2,36226183680.0,35266167808.0,159697190.0,667818140.0,61363381.0,33529144.0
29.8,47.1,36226216448.0,35293324288.0,159844742.0,667869973.0,61379858.0,33538933.0
29.5,47.0,36226216448.0,35293324288.0,160052584.0,667958734.0,61395737.0,33548215.0
30.9,47.0,36226216448.0,35293324288.0,160533042.0,668010891.0,61410460.0,33558119.0
36.9,47.1,36226216448.0,35293324288.0,160655219.0,668072288.0,61427462.0,33567936.0
37.0,47.2,36226216448.0,35294553088.0,160916194.0,668116993.0,61444571.0,33577882.0
27.8,47.2,36226216448.0,35294553088.0,161060456.0,668162127.0,61458876.0,33588168.0
21.7,47.1,36226216448.0,35294553088.0,161169938.0,668207308.0,61469267.0,33593792.0
20.3,47.1,36226216448.0,35294553088.0,161285059.0,668253729.0,61479649.0,33599091.0
32.8,46.9,36226216448.0,35294553088.0,161419873.0,668299626.0,61495533.0,33608575.0
36.9,47.6,36226216448.0,35294561280.0,161622424.0,668353268.0,61510111.0,33617173.0
42.3,47.7,36226216448.0,35294561280.0,162193882.0,668409692.0,61525864.0,33626986.0
25.7,47.7,36226216448.0,35294561280.0,162594330.0,668462670.0,61537305.0,33633086.0
24.6,47.5,36226216448.0,35294561280.0,162801943.0,668554431.0,61547848.0,33638539.0
24.3,47.5,36226216448.0,35294790656.0,162942376.0,668608363.0,61558203.0,33644028.0
23.7,47.5,36226216448.0,35295011840.0,163118537.0,668662304.0,61568761.0,33649579.0
24.6,47.5,36226216448.0,35295781888.0,163315607.0,668718023.0,61579499.0,33655109.0
22.1,47.5,36226216448.0,35295781888.0,163498825.0,668770506.0,61589858.0,33660590.0
26.2,47.5,36226216448.0,35296388096.0,163643098.0,668823293.0,61602083.0,33667613.0
23.1,47.5,36226216448.0,35296994304.0,163833526.0,668872733.0,61613168.0,33673457.0
29.7,47.5,36226216448.0,35296994304.0,164044510.0,668923877.0,61627556.0,33682685.0
23.7,47.5,36226216448.0,35298886656.0,164198358.0,668972931.0,61639436.0,33689260.0
24.2,47.5,36226216448.0,35298886656.0,164366304.0,669027830.0,61650340.0,33694752.0
23.0,47.4,36226216448.0,35299271680.0,164517484.0,669077522.0,61660872.0,33700226.0
24.0,47.4,36226216448.0,35299271680.0,164721877.0,669129105.0,61671490.0,33705591.0
24.3,47.4,36226216448.0,35299279872.0,164869162.0,669182375.0,61682465.0,33711678.0
44.6,47.6,36226216448.0,35306685440.0,165064514.0,669193859.0,61697671.0,33722464.0
33.3,47.6,36226216448.0,35306701824.0,165607926.0,669244765.0,61712980.0,33732231.0
25.4,47.5,36226216448.0,35306701824.0,165774712.0,669296925.0,61724722.0,33739878.0
41.4,47.6,36226216448.0,35307095040.0,166078022.0,669399829.0,61740307.0,33749244.0
42.3,47.6,36226216448.0,35307111424.0,166671609.0,669458747.0,61756701.0,33759157.0
34.1,47.5,36226216448.0,35307111424.0,167096335.0,669516562.0,61771361.0,33767608.0
36.1,47.5,36226216448.0,35330335744.0,167312174.0,669579247.0,61788818.0,33777649.0
23.6,47.5,36226216448.0,35330343936.0,167465342.0,669631775.0,61799260.0,33783223.0
23.2,47.5,36226216448.0,35330343936.0,167681857.0,669684325.0,61809718.0,33788674.0
23.1,47.4,36226216448.0,35330343936.0,167833750.0,669737739.0,61820719.0,33794641.0
28.4,47.4,36226216448.0,35330343936.0,168061928.0,669799107.0,61834631.0,33803075.0
24.6,47.4,36226216448.0,35330352128.0,168221435.0,669853894.0,61846276.0,33809914.0
23.3,47.4,36226216448.0,35330352128.0,168414284.0,669908362.0,61856871.0,33815346.0
24.4,47.4,36226216448.0,35330515968.0,168616514.0,669963162.0,61867616.0,33820835.0
29.1,47.2,36226216448.0,35330524160.0,168810374.0,670032007.0,61880761.0,33828349.0
27.0,47.2,36226216448.0,35330524160.0,169041434.0,670087239.0,61893889.0,33836471.0
23.1,47.2,36226216448.0,35330524160.0,169155785.0,670148089.0,61904926.0,33842600.0
26.9,47.2,36226216448.0,35330524160.0,169338319.0,670209588.0,61917465.0,33850564.0
22.7,47.2,36226216448.0,35330524160.0,169508471.0,670271333.0,61927872.0,33855913.0
23.0,47.2,36226216448.0,35330524160.0,169693709.0,670333731.0,61938215.0,33861246.0
22.0,47.2,36226216448.0,35330524160.0,169846422.0,670395881.0,61948389.0,33866523.0
37.6,47.5,36226216448.0,35331277824.0,169992160.0,670458658.0,61963127.0,33875387.0
38.0,47.4,36226216448.0,35331277824.0,170518752.0,670522159.0,61978356.0,33885011.0
34.8,47.2,36226216448.0,35331892224.0,170812226.0,670589688.0,61994390.0,33894192.0
49.3,47.5,36226216448.0,35331900416.0,171167930.0,670656011.0,62012125.0,33904748.0
38.4,47.4,36226216448.0,35332129792.0,171798676.0,670720402.0,62028826.0,33917128.0
37.6,47.4,36226216448.0,35332129792.0,172178969.0,670784562.0,62044992.0,33927517.0
35.7,47.4,36226216448.0,35333194752.0,172356754.0,670848797.0,62060754.0,33937082.0
36.9,47.4,36226216448.0,35333194752.0,172590499.0,670912900.0,62075806.0,33946167.0
28.4,47.4,36226216448.0,35334161408.0,172720892.0,670978809.0,62088370.0,33952776.0
22.1,47.3,36226216448.0,35339117568.0,172848008.0,671043961.0,62098935.0,33958312.0
22.5,47.3,36226216448.0,35339117568.0,172993758.0,671110086.0,62109216.0,33963632.0
22.9,47.1,36226216448.0,35339117568.0,173129457.0,671175525.0,62119694.0,33968930.0
22.5,47.2,36226216448.0,35340526592.0,173270710.0,671244189.0,62130526.0,33974385.0
22.4,47.1,36226216448.0,35340526592.0,173376734.0,671310765.0,62141265.0,33979868.0
25.6,47.1,36226216448.0,35340526592.0,173500623.0,671379184.0,62153153.0,33986500.0
48.9,47.0,36226216448.0,35340534784.0,173645454.0,671446578.0,62170204.0,33998676.0
37.9,47.0,36226216448.0,35340534784.0,173791968.0,671513751.0,62187060.0,34008901.0
27.0,47.0,36226216448.0,35362055168.0,173940404.0,671581187.0,62201337.0,34016758.0
24.2,47.0,36226216448.0,35362071552.0,174070609.0,671649794.0,62212990.0,34022562.0
28.5,47.0,36226253312.0,35362366464.0,174199229.0,671717688.0,62226836.0,34030413.0
31.9,47.0,36226253312.0,35362366464.0,174332300.0,671786119.0,62241768.0,34039843.0
42.3,47.3,36226253312.0,35362366464.0,174554343.0,671856373.0,62259627.0,34050077.0
29.0,47.8,36226253312.0,35362972672.0,174756167.0,671983099.0,62272010.0,34057597.0
42.7,47.8,36226253312.0,35363595264.0,175255947.0,672052117.0,62287068.0,34066689.0
36.9,47.7,36226253312.0,35363595264.0,175556061.0,672120715.0,62301367.0,34075522.0
24.2,47.6,36226261504.0,35363824640.0,175733382.0,672189042.0,62313011.0,34082085.0
24.1,47.6,36226261504.0,35363824640.0,175923357.0,672257469.0,62323469.0,34087571.0
23.6,47.6,36226261504.0,35363824640.0,176132987.0,672327751.0,62333885.0,34092889.0
25.4,47.5,36226261504.0,35363824640.0,176282180.0,672398299.0,62346058.0,34100194.0
28.2,47.6,36226261504.0,35363824640.0,176452079.0,672469156.0,62359158.0,34108407.0
35.6,47.7,36226261504.0,35363824640.0,176639837.0,672539858.0,62373609.0,34117619.0
31.7,47.7,36226261504.0,35364602880.0,176865613.0,672612058.0,62387060.0,34125233.0
23.3,47.6,36226261504.0,35365250048.0,177054451.0,672687165.0,62397875.0,34130825.0
25.4,47.5,36226261504.0,35365250048.0,177275776.0,672760887.0,62408338.0,34136263.0
27.6,47.5,36226261504.0,35365258240.0,177405996.0,672833494.0,62420982.0,34144296.0
24.4,47.4,36226261504.0,35365258240.0,177529349.0,672905742.0,62432347.0,34151152.0
24.9,47.4,36226261504.0,35365635072.0,177732690.0,672977982.0,62443425.0,34157373.0
24.1,47.4,36226261504.0,35365635072.0,177930962.0,673053630.0,62453896.0,34162825.0
23.8,47.4,36226261504.0,35365872640.0,178076220.0,673126828.0,62464078.0,34168187.0
23.0,47.4,36226261504.0,35373417472.0,178266798.0,673200129.0,62474757.0,34173784.0
23.2,47.4,36226261504.0,35373417472.0,178387086.0,673273714.0,62485044.0,34179148.0
26.1,47.5,36226261504.0,35373573120.0,178526293.0,673349990.0,62497319.0,34186220.0
30.7,47.5,36226261504.0,35374236672.0,178726453.0,673428785.0,62512089.0,34194923.0
31.5,47.5,36226261504.0,35374244864.0,178914200.0,673565807.0,62526750.0,34203968.0
22.5,47.5,36226261504.0,35374244864.0,179094672.0,673641734.0,62537230.0,34209399.0
23.8,47.5,36226261504.0,35374244864.0,179291591.0,673717514.0,62547644.0,34214775.0
22.7,47.5,36226523648.0,35396748288.0,179445667.0,673792964.0,62559106.0,34220541.0
22.6,47.5,36226523648.0,35396977664.0,179582315.0,673868705.0,62569251.0,34225794.0
23.4,47.3,36226523648.0,35396977664.0,179733219.0,673944211.0,62579564.0,34231253.0
24.2,47.3,36226523648.0,35396977664.0,179950683.0,674018774.0,62589979.0,34236726.0
44.9,47.4,36226523648.0,35396977664.0,180460407.0,674095531.0,62605701.0,34246520.0
38.2,47.4,36226523648.0,35396977664.0,180815497.0,674175199.0,62621100.0,34256337.0
25.5,47.4,36226523648.0,35396977664.0,180974912.0,674253691.0,62633666.0,34263588.0
21.9,47.4,36226523648.0,35396977664.0,181111342.0,674330774.0,62644060.0,34268894.0
22.7,47.4,36226523648.0,35396977664.0,181293499.0,674410248.0,62654909.0,34274336.0
22.5,47.3,36226523648.0,35396994048.0,181495136.0,674483971.0,62665420.0,34279690.0
29.1,47.3,36226523648.0,35396994048.0,181686299.0,674557103.0,62675881.0,34287800.0
22.0,47.3,36226523648.0,35396994048.0,181953909.0,674633257.0,62686701.0,34293114.0
25.0,47.3,36226523648.0,35397002240.0,182138943.0,674707785.0,62698375.0,34299647.0
29.9,47.3,36226523648.0,35397002240.0,182347826.0,674780253.0,62711962.0,34307835.0
22.7,47.3,36226523648.0,35397002240.0,182562263.0,674855491.0,62722838.0,34313459.0
23.3,47.3,36226523648.0,35397755904.0,182687152.0,674931012.0,62733525.0,34318958.0
26.4,47.7,36226523648.0,35397764096.0,182838418.0,675004709.0,62745006.0,34324606.0
23.0,47.6,36226523648.0,35398378496.0,182995949.0,675078537.0,62755449.0,34330079.0
22.7,47.6,36226523648.0,35398386688.0,183180919.0,675152732.0,62765916.0,34335395.0
28.4,47.7,36226523648.0,35398411264.0,183375881.0,675238058.0,62778648.0,34342892.0
29.4,47.7,36226523648.0,35399459840.0,183588937.0,675318166.0,62793044.0,34352077.0
24.6,47.7,36226523648.0,35401311232.0,183789114.0,675399645.0,62805109.0,34358510.0
23.2,47.7,36226523648.0,35401319424.0,183934039.0,675476182.0,62815564.0,34363869.0
24.3,47.6,36226523648.0,35407102976.0,184071896.0,675551803.0,62826152.0,34369566.0
22.4,47.6,36226523648.0,35407111168.0,184263573.0,675627318.0,62836676.0,34375004.0
22.8,47.6,36226523648.0,35407119360.0,184443806.0,675708020.0,62847580.0,34380574.0
22.4,47.6,36226523648.0,35407127552.0,184619220.0,675790556.0,62858411.0,34386177.0
22.8,47.5,36226523648.0,35407766528.0,184776142.0,675874417.0,62869243.0,34391661.0
20.9,47.5,36226523648.0,35407774720.0,184995700.0,675961607.0,62879448.0,34397055.0
22.1,47.5,36226523648.0,35407782912.0,185129761.0,676044982.0,62889591.0,34402465.0
23.2,47.7,36226900480.0,35429377024.0,185264634.0,676130247.0,62901949.0,34408549.0
22.7,47.6,36226904576.0,35430007808.0,185416622.0,676215188.0,62912546.0,34414069.0
22.9,47.6,36226904576.0,35430016000.0,185622449.0,676299349.0,62922814.0,34419404.0
22.7,47.6,36226904576.0,35430024192.0,185776319.0,676383733.0,62932913.0,34424806.0
23.3,47.6,36226904576.0,35430032384.0,185980241.0,676470267.0,62943525.0,34430422.0
28.0,47.7,36226904576.0,35430040576.0,186160564.0,676557841.0,62957262.0,34439086.0
23.6,47.7,36226904576.0,35430048768.0,186322263.0,676642950.0,62968937.0,34445790.0
24.1,47.7,36226904576.0,35430065152.0,186510444.0,676793985.0,62979725.0,34451401.0
21.9,47.7,36226904576.0,35430073344.0,186657668.0,676873544.0,62990045.0,34456755.0
22.3,47.7,36226904576.0,35430081536.0,186836849.0,676953572.0,63000381.0,34462206.0
25.5,47.7,36226904576.0,35430089728.0,187073416.0,677035683.0,63012365.0,34468995.0
23.4,47.7,36226904576.0,35430704128.0,187260260.0,677116126.0,63024352.0,34475805.0
23.6,47.7,36226904576.0,35430712320.0,187515783.0,677197105.0,63034962.0,34481291.0
23.5,47.7,36226904576.0,35430884352.0,187667528.0,677280794.0,63046306.0,34487731.0
22.0,47.7,36226904576.0,35430892544.0,187820869.0,677364190.0,63056692.0,34493152.0
24.3,47.6,36226904576.0,35431687168.0,188017473.0,677445620.0,63067455.0,34498783.0
27.8,47.7,36226904576.0,35431695360.0,188214166.0,677527811.0,63080441.0,34506980.0
24.9,47.6,36226904576.0,35431703552.0,188476287.0,677609785.0,63091948.0,34513677.0
31.5,47.6,36226904576.0,35431711744.0,188647899.0,677696252.0,63104132.0,34522903.0
25.7,47.6,36226904576.0,35431719936.0,188920854.0,677785043.0,63115757.0,34530075.0
23.0,47.6,36226904576.0,35432342528.0,189104429.0,677882026.0,63126308.0,34535519.0
22.5,47.6,36226904576.0,35432358912.0,189299932.0,677972460.0,63136894.0,34540891.0
22.0,47.5,36226904576.0,35432367104.0,189487888.0,678062230.0,63147154.0,34546227.0
22.9,47.5,36226904576.0,35437577216.0,189713979.0,678154556.0,63158255.0,34551908.0
22.6,47.6,36226904576.0,35437585408.0,189888404.0,678246059.0,63168993.0,34557365.0
22.8,47.4,36226904576.0,35437593600.0,190120616.0,678337929.0,63180650.0,34562979.0
26.2,47.4,36226904576.0,35437601792.0,190263781.0,678429979.0,63193123.0,34570328.0
23.3,47.4,36226904576.0,35437609984.0,190401513.0,678521926.0,63204527.0,34576675.0
34.9,47.6,36226904576.0,35437618176.0,190604686.0,678619625.0,63219169.0,34586043.0
54.6,47.8,36226904576.0,35438265344.0,191008167.0,678633853.0,63236447.0,34595646.0
41.7,47.8,36226904576.0,35438273536.0,191416406.0,678727278.0,63252010.0,34603338.0
39.0,47.8,36226904576.0,35456263168.0,191642355.0,678820960.0,63268054.0,34611457.0
36.8,47.5,36226904576.0,35456279552.0,191900041.0,678992620.0,63283086.0,34618994.0
38.6,47.4,36226904576.0,35456287744.0,192079250.0,679087047.0,63298465.0,34626862.0
38.0,47.5,36226904576.0,35456295936.0,192235048.0,679183248.0,63313832.0,34634513.0
37.6,47.2,36226904576.0,35456304128.0,192412304.0,679276935.0,63328978.0,34642698.0
41.0,47.2,36226904576.0,35457057792.0,192838966.0,679371703.0,63344672.0,34650301.0
55.8,47.4,36233105920.0,35457074176.0,193044286.0,679467474.0,63361209.0,34660103.0
42.3,47.4,36233105920.0,35457082368.0,193470998.0,679561888.0,63377142.0,34667974.0
42.4,47.3,36233105920.0,35457098752.0,193851764.0,679658666.0,63392843.0,34676143.0
42.5,47.3,36233105920.0,35457106944.0,194084930.0,679755100.0,63408941.0,34683964.0
42.9,47.4,36233105920.0,35457115136.0,194298805.0,679850935.0,63424873.0,34692040.0
36.9,47.3,36233105920.0,35457123328.0,194465549.0,679946722.0,63439954.0,34699680.0
47.8,47.3,36233105920.0,35457131520.0,194685770.0,680050520.0,63457488.0,34710183.0
53.8,48.1,36233110016.0,35457164288.0,195015325.0,680230770.0,63474177.0,34718624.0
44.5,48.2,36233110016.0,35457172480.0,195551625.0,680327686.0,63490648.0,34727763.0
30.3,48.0,36233110016.0,35457180672.0,196090736.0,680425660.0,63503595.0,34734740.0
27.9,47.9,36233110016.0,35457197056.0,196391779.0,680518719.0,63516294.0,34742136.0
27.1,47.8,36233110016.0,35457205248.0,196665460.0,680611674.0,63528385.0,34749033.0
24.9,47.6,36233110016.0,35459687424.0,196891887.0,680702660.0,63539628.0,34754780.0
23.1,47.6,36233110016.0,35459703808.0,197079921.0,680794147.0,63550071.0,34760168.0
23.6,47.6,36233110016.0,35459712000.0,197306000.0,680888458.0,63560795.0,34765584.0
23.4,47.6,36233110016.0,35459720192.0,197477791.0,680980885.0,63571332.0,34771027.0
24.9,47.7,36233110016.0,35469353984.0,197749468.0,681075197.0,63582633.0,34776924.0
25.2,47.7,36233110016.0,35470402560.0,197932825.0,681167168.0,63594038.0,34782662.0
29.3,47.7,36233110016.0,35471197184.0,198188528.0,681260831.0,63606605.0,34789842.0
24.7,47.7,36233110016.0,35471205376.0,198404351.0,681352541.0,63617718.0,34795773.0
27.1,47.7,36233110016.0,35471819776.0,198649054.0,681451150.0,63630915.0,34803548.0
31.9,47.7,36233110016.0,35471827968.0,198863294.0,681542989.0,63645515.0,34812868.0
29.5,47.7,36233110016.0,35472622592.0,199131333.0,681636766.0,63659672.0,34822063.0
27.3,47.7,36233110016.0,35472630784.0,199311743.0,681729783.0,63672763.0,34830246.0
24.6,47.7,36233110016.0,35472655360.0,199521600.0,681823618.0,63683235.0,34835741.0
25.2,47.7,36233110016.0,35501728768.0,199747621.0,681921855.0,63697596.0,34842646.0
27.3,47.8,36233110016.0,35501736960.0,199999774.0,682016586.0,63710901.0,34850931.0
24.9,47.8,36233110016.0,35501745152.0,200186697.0,682112283.0,63722566.0,34857347.0
24.0,47.8,36233110016.0,35501753344.0,200444518.0,682207882.0,63733397.0,34862822.0
21.9,47.8,36233110016.0,35501761536.0,200624112.0,682299802.0,63743682.0,34868224.0
26.6,47.8,36233110016.0,35501769728.0,200958202.0,682391886.0,63754514.0,34873871.0
28.6,47.8,36233110016.0,35501777920.0,201535477.0,682485130.0,63766861.0,34880833.0
25.2,47.8,36233110016.0,35502040064.0,201800379.0,682582231.0,63777851.0,34886410.0
26.2,47.8,36233110016.0,35502048256.0,202152952.0,682679447.0,63788503.0,34891966.0
25.1,47.9,36233110016.0,35502056448.0,202697435.0,682778012.0,63799456.0,34897491.0
22.5,47.8,36233110016.0,35502064640.0,202929682.0,682877909.0,63810079.0,34902866.0
25.8,47.8,36233110016.0,35502072832.0,203461017.0,682978953.0,63821351.0,34908523.0
32.0,47.6,36233110016.0,35502089216.0,203701866.0,683079801.0,63831768.0,34916577.0
23.0,47.6,36233110016.0,35502097408.0,203955231.0,683180651.0,63842632.0,34922088.0
29.6,47.6,36233110016.0,35502113792.0,204197103.0,683275249.0,63853245.0,34927706.0
50.1,47.5,36233511424.0,35502507008.0,204492099.0,683367423.0,63864171.0,34935248.0
58.9,48.0,36233511424.0,35502736384.0,204820086.0,683543976.0,63874819.0,34942425.0
63.5,48.3,36233511424.0,35502760960.0,204986281.0,683638274.0,63885427.0,34949907.0
53.9,46.6,36239065600.0,35504653312.0,205291931.0,683750332.0,63898227.0,34957392.0
54.1,46.7,36239114752.0,35508036608.0,205562935.0,683857396.0,63910623.0,34964759.0
59.9,46.7,36239114752.0,35508044800.0,206104980.0,683953527.0,63921540.0,34972018.0
57.1,46.8,36239114752.0,35517793280.0,206525867.0,684048904.0,63933094.0,34979790.0
55.3,46.7,36239114752.0,35519308800.0,206832137.0,684145222.0,63945252.0,34988748.0
57.2,46.9,36239114752.0,35519316992.0,207083693.0,684237913.0,63958256.0,34999399.0
54.9,47.1,36239114752.0,35519333376.0,207323531.0,684331101.0,63969240.0,35007168.0
64.3,47.5,36239114752.0,35519341568.0,207574580.0,684423924.0,63979868.0,35015265.0
66.7,47.3,36239114752.0,35521643520.0,207808798.0,684517908.0,63990358.0,35024585.0
66.5,47.8,36239254016.0,35521790976.0,208220247.0,684613140.0,64000896.0,35032177.0
59.6,47.8,36239254016.0,35522446336.0,208784295.0,684713488.0,64011995.0,35039585.0
55.7,47.8,36239254016.0,35522454528.0,209140664.0,684811662.0,64023686.0,35048410.0
55.1,47.7,36239286784.0,35554280448.0,209431761.0,684920451.0,64036146.0,35057506.0
54.2,46.7,36239286784.0,35554296832.0,209650425.0,685018814.0,64047744.0,35065419.0
49.0,46.0,36239286784.0,35555206144.0,209931657.0,685128631.0,64058792.0,35071980.0
23.9,45.9,36239286784.0,35555214336.0,210129160.0,685226969.0,64069895.0,35078436.0
35.2,47.7,36239286784.0,35555222528.0,210626441.0,685325204.0,64083681.0,35088126.0
36.4,47.7,36239286784.0,35555230720.0,211197783.0,685422771.0,64098284.0,35099949.0
27.4,47.7,36239286784.0,35555238912.0,211580974.0,685521098.0,64110074.0,35107313.0
24.1,47.7,36239286784.0,35555247104.0,212041222.0,685619829.0,64121266.0,35112912.0
24.1,47.6,36239311360.0,35555255296.0,212215259.0,685722392.0,64131579.0,35118345.0
25.0,47.6,36239311360.0,35555296256.0,212447840.0,685821728.0,64142602.0,35123977.0
33.6,47.7,36239311360.0,35555329024.0,212671698.0,685921684.0,64156478.0,35131510.0
35.0,47.8,36239348224.0,35555492864.0,212873902.0,686017125.0,64170249.0,35137722.0
24.6,47.8,36239348224.0,35555795968.0,213118221.0,686112608.0,64181677.0,35143499.0
26.9,47.8,36239348224.0,35555804160.0,213334646.0,686204257.0,64194890.0,35151347.0
36.5,47.8,36239348224.0,35555812352.0,213606584.0,686297447.0,64209167.0,35162413.0
25.2,47.8,36239348224.0,35555820544.0,213789531.0,686390311.0,64221347.0,35169704.0
25.9,47.8,36239348224.0,35556049920.0,214037720.0,686481993.0,64233684.0,35177285.0
25.4,47.8,36250128896.0,35556099072.0,214300213.0,686573937.0,64244923.0,35182986.0
23.5,47.8,36250128896.0,35556107264.0,214492691.0,686665845.0,64255849.0,35188541.0
24.7,47.7,36250128896.0,35556738048.0,214788217.0,686842107.0,64267232.0,35194229.0
27.1,47.8,36255543808.0,35556746240.0,214955717.0,686939741.0,64278974.0,35200222.0
24.8,47.8,36255543808.0,35557450752.0,215155551.0,687035177.0,64290599.0,35206595.0
26.0,47.8,36255543808.0,35565093888.0,215423844.0,687127561.0,64303494.0,35213755.0
23.8,47.8,36255543808.0,35565102080.0,215656162.0,687222985.0,64314508.0,35219273.0
24.0,47.8,36255543808.0,35565274112.0,215927285.0,687314988.0,64325270.0,35224791.0
22.4,47.8,36255543808.0,35565282304.0,216137584.0,687408522.0,64336004.0,35230242.0
22.5,47.8,36255543808.0,35565290496.0,216358343.0,687505112.0,64346750.0,35235601.0
22.4,47.8,36255543808.0,35565298688.0,216569981.0,687596740.0,64357164.0,35241021.0
24.2,47.8,36255543808.0,35565315072.0,216777082.0,687690744.0,64367826.0,35246443.0
23.5,47.8,36255543808.0,35588867072.0,216984339.0,687782610.0,64381459.0,35252911.0
24.1,47.7,36255543808.0,35588883456.0,217215793.0,687876464.0,64392460.0,35258500.0
23.4,47.7,36255543808.0,35588891648.0,217409098.0,687970422.0,64403034.0,35263903.0
24.2,47.7,36255543808.0,35588899840.0,217646472.0,688065552.0,64413875.0,35269464.0
23.7,47.7,36255543808.0,35588908032.0,217893387.0,688159030.0,64424542.0,35274979.0
24.1,47.7,36255543808.0,35589825536.0,218098010.0,688255835.0,64435807.0,35280519.0
24.5,47.7,36255543808.0,35589833728.0,218335684.0,688350602.0,64446684.0,35285978.0
24.4,47.7,36255543808.0,35589841920.0,218541241.0,688442397.0,64458362.0,35292801.0
23.0,47.7,36255543808.0,35589858304.0,218748240.0,688534253.0,64469169.0,35298754.0
25.2,47.7,36255543808.0,35589866496.0,219094265.0,688626648.0,64480093.0,35304309.0
26.4,47.7,36255543808.0,35589874688.0,219730549.0,688726024.0,64491785.0,35309909.0
27.7,47.6,36255543808.0,35590480896.0,220171726.0,688826381.0,64503157.0,35315547.0
25.1,47.6,36255543808.0,35590792192.0,220551847.0,688929033.0,64514190.0,35321106.0
29.7,47.6,36255543808.0,35590956032.0,221088370.0,689030103.0,64525449.0,35326691.0
28.3,47.6,36255543808.0,35590964224.0,221587761.0,689128356.0,64538027.0,35333663.0
40.8,47.8,36255543808.0,35590972416.0,221974291.0,689228672.0,64552922.0,35343101.0
38.1,47.9,36255543808.0,35591209984.0,222274836.0,689326770.0,64566616.0,35351380.0
32.3,47.9,36255543808.0,35591218176.0,222565495.0,689426440.0,64578891.0,35358385.0
24.9,47.8,36255543808.0,35591226368.0,222801513.0,689524439.0,64589361.0,35363884.0
25.0,47.8,36255543808.0,35591234560.0,222977480.0,689624691.0,64600059.0,35369487.0
25.7,47.9,36255543808.0,35591906304.0,223230837.0,689724126.0,64611216.0,35375159.0
23.2,47.8,36255543808.0,35591914496.0,223480944.0,689823053.0,64622424.0,35380704.0
31.1,47.7,36255543808.0,35592496128.0,223714234.0,689923192.0,64633213.0,35388734.0
25.6,47.7,36255543808.0,35602990080.0,223946189.0,690014791.0,64645677.0,35395809.0
22.5,47.7,36255543808.0,35602998272.0,224149760.0,690107725.0,64656282.0,35401137.0
23.0,47.7,36255543808.0,35603031040.0,224389257.0,690199449.0,64666922.0,35406619.0
26.3,47.7,36255543808.0,35603039232.0,224635795.0,690295030.0,64678561.0,35412916.0
36.6,47.8,36255543808.0,35603047424.0,224868783.0,690390158.0,64692501.0,35421865.0
62.1,48.1,36255543808.0,35603055616.0,225451396.0,690490024.0,64710383.0,35432449.0
47.8,48.0,36255543808.0,35603072000.0,225784819.0,690589946.0,64728292.0,35443170.0
46.9,47.7,36255543808.0,35628106752.0,226030364.0,690691284.0,64745878.0,35453855.0
40.0,47.7,36255543808.0,35628123136.0,226247647.0,690789570.0,64761623.0,35462030.0
41.1,47.7,36255543808.0,35628131328.0,226434767.0,690888362.0,64778062.0,35472446.0
58.6,47.8,36255543808.0,35628147712.0,226736970.0,690984874.0,64794545.0,35481596.0
46.2,47.5,36255543808.0,35628164096.0,226989714.0,691076954.0,64811424.0,35490820.0
43.1,47.5,36255543808.0,35628180480.0,227191428.0,691174551.0,64827597.0,35498552.0
42.5,47.5,36255543808.0,35628188672.0,227390179.0,691275101.0,64842756.0,35506417.0
37.9,47.5,36255543808.0,35628205056.0,227555303.0,691372661.0,64857468.0,35513910.0
37.4,47.5,36255543808.0,35628213248.0,227715630.0,691472785.0,64872365.0,35521468.0
36.6,47.5,36255543808.0,35628221440.0,227868545.0,691572078.0,64887593.0,35529179.0
36.4,47.4,36255543808.0,35628237824.0,228019238.0,691669611.0,64902312.0,35537142.0
47.2,47.7,36255543808.0,35628262400.0,228287782.0,691851863.0,64919266.0,35546414.0
42.5,47.9,36255543808.0,35628270592.0,228825224.0,691955353.0,64933620.0,35554885.0
27.2,47.9,36255543808.0,35628278784.0,229259523.0,692053772.0,64945226.0,35560980.0
28.1,47.8,36255543808.0,35628286976.0,229483444.0,692153583.0,64956921.0,35567645.0
38.3,47.8,36255543808.0,35628516352.0,229757351.0,692251561.0,64970825.0,35576029.0
34.0,47.8,36255543808.0,35628516352.0,230252075.0,692257445.0,64985512.0,35584578.0
29.9,47.7,36255543808.0,35628532736.0,230653618.0,692437523.0,64999480.0,35593274.0
26.8,47.5,36263145984.0,35628614656.0,230854801.0,692538823.0,65011029.0,35599242.0
23.1,47.5,36263145984.0,35628622848.0,231055306.0,692633605.0,65021866.0,35604722.0
28.7,47.6,36263203328.0,35628631040.0,231239881.0,692727469.0,65035091.0,35611529.0
40.2,48.0,36263203328.0,35629655040.0,231760808.0,692824408.0,65048484.0,35620587.0
32.1,47.9,36263203328.0,35629892608.0,232278872.0,692915357.0,65060350.0,35629574.0
34.0,47.8,36263203328.0,35637789696.0,232739160.0,693005865.0,65073943.0,35638204.0
36.1,47.9,36263203328.0,35637797888.0,233173155.0,693098034.0,65087016.0,35646723.0
28.9,47.5,36263203328.0,35637814272.0,233677242.0,693190801.0,65100205.0,35654989.0
33.1,47.5,36263203328.0,35637822464.0,233931669.0,693288682.0,65114241.0,35664386.0
28.5,47.4,36263203328.0,35637830656.0,234122313.0,693387796.0,65127144.0,35673725.0
28.4,47.2,36263203328.0,35637838848.0,234298070.0,693489086.0,65140494.0,35682730.0
32.8,47.4,36263203328.0,35658269696.0,234477313.0,693588294.0,65156218.0,35692196.0
48.8,48.0,36263203328.0,35658302464.0,235017296.0,693772448.0,65171843.0,35701191.0
48.5,47.8,36263203328.0,35658318848.0,235493114.0,693866400.0,65186152.0,35714139.0
36.0,48.3,36271108608.0,35658318848.0,235706368.0,693873266.0,65201140.0,35722945.0
28.7,48.2,36271108608.0,35658556416.0,235915981.0,693964688.0,65212845.0,35731496.0
35.6,48.2,36272964096.0,35658572800.0,236574609.0,694057938.0,65225286.0,35740307.0
30.6,48.2,36279804416.0,35658580992.0,237018906.0,694154282.0,65237263.0,35748930.0
41.6,48.0,36279804416.0,35658589184.0,237571490.0,694255364.0,65251036.0,35758189.0
86.1,48.2,36283474432.0,35658761216.0,237957990.0,694374402.0,65268726.0,35770089.0
45.4,48.1,36283482624.0,35658769408.0,238455540.0,694473632.0,65282587.0,35778891.0
31.3,47.9,36283482624.0,35658777600.0,238898606.0,694577829.0,65295597.0,35787273.0
27.0,47.8,36283482624.0,35658785792.0,239165059.0,694670248.0,65307755.0,35795612.0
28.9,47.7,36283482624.0,35658793984.0,239357031.0,694762081.0,65320862.0,35804681.0
29.0,47.7,36283654656.0,35658802176.0,239795398.0,694854449.0,65333700.0,35813812.0
31.7,47.5,36283654656.0,35658810368.0,240337566.0,694947086.0,65347459.0,35822834.0
28.2,47.5,36283654656.0,35659228160.0,240676706.0,695042604.0,65360539.0,35831472.0
29.9,47.3,36283654656.0,35659244544.0,240991109.0,695222885.0,65373648.0,35840959.0
27.3,47.2,36283654656.0,35660866560.0,241160547.0,695315736.0,65386350.0,35849526.0
26.1,47.2,36283654656.0,35661489152.0,241351012.0,695410507.0,65398393.0,35856755.0
23.6,47.2,36283654656.0,35661571072.0,241543722.0,695503574.0,65409034.0,35862134.0
24.6,47.0,36283654656.0,35661579264.0,241725542.0,695595144.0,65419784.0,35868403.0
22.1,47.0,36283654656.0,35661775872.0,241909912.0,695687123.0,65430003.0,35873705.0
23.0,47.0,36283654656.0,35664503808.0,242082641.0,695780680.0,65440845.0,35879085.0
25.4,47.0,36283654656.0,35664512000.0,242265724.0,695875204.0,65453094.0,35887206.0
23.5,47.0,36283654656.0,35665429504.0,242452118.0,695968304.0,65464109.0,35893395.0
25.0,47.0,36283654656.0,35676595200.0,242623622.0,696060058.0,65475634.0,35899715.0
22.6,47.0,36283654656.0,35676603392.0,242779349.0,696152065.0,65486053.0,35905161.0
23.9,47.0,36283654656.0,35676849152.0,242927712.0,696246232.0,65496513.0,35910518.0
23.0,47.0,36283654656.0,35676972032.0,243068240.0,696337806.0,65506711.0,35915922.0
24.5,47.0,36283752960.0,35709477888.0,243221050.0,696433508.0,65520631.0,35922490.0
25.4,47.0,36283752960.0,35709486080.0,243362283.0,696525147.0,65531353.0,35929273.0
24.8,47.0,36283752960.0,35709494272.0,243500305.0,696620941.0,65543367.0,35936904.0
21.7,47.0,36283752960.0,35710682112.0,243627072.0,696718587.0,65554482.0,35944736.0
25.2,47.0,36283752960.0,35710698496.0,243769758.0,696816163.0,65566083.0,35952775.0
34.1,47.3,36283752960.0,35710706688.0,243917028.0,696914871.0,65579903.0,35961917.0
30.8,47.3,36283752960.0,35710714880.0,244389732.0,697013994.0,65592595.0,35971386.0
27.6,47.3,36283752960.0,35710723072.0,244669395.0,697114162.0,65605385.0,35981022.0
31.9,47.3,36283752960.0,35710731264.0,244953816.0,697215093.0,65618641.0,35989626.0
30.9,47.5,36283752960.0,35714130944.0,245152116.0,697317889.0,65631234.0,35996566.0
25.3,47.5,36283752960.0,35714139136.0,245386156.0,697416328.0,65642386.0,36002108.0
29.4,47.4,36283752960.0,35714147328.0,245551013.0,697515639.0,65653100.0,36010449.0
23.4,47.4,36283752960.0,35714155520.0,245726967.0,697615072.0,65663750.0,36015856.0
23.0,47.3,36283752960.0,35714163712.0,245923637.0,697709824.0,65674239.0,36021196.0
23.6,47.3,36283752960.0,35714270208.0,246111707.0,697808563.0,65684721.0,36026595.0
23.0,47.3,36283752960.0,35714499584.0,246285760.0,697905934.0,65694894.0,36032021.0
22.5,47.3,36283752960.0,35714507776.0,246442493.0,698004134.0,65704856.0,36038027.0
21.0,47.3,36283752960.0,35714515968.0,246589969.0,698102014.0,65714735.0,36043228.0
22.6,47.3,36283752960.0,35714524160.0,246719595.0,698200126.0,65724793.0,36048443.0
22.4,47.3,36283752960.0,35714532352.0,246882707.0,698303920.0,65735619.0,36053854.0
20.9,47.3,36283752960.0,35714745344.0,247030122.0,698404327.0,65746201.0,36059150.0
22.2,47.3,36283752960.0,35715376128.0,247186846.0,698507554.0,65757058.0,36065132.0
20.5,47.3,36283752960.0,35715384320.0,247318358.0,698606369.0,65767076.0,36070260.0
41.4,47.9,36283757056.0,35716367360.0,247620731.0,698712498.0,65782344.0,36078090.0
34.1,48.0,36283757056.0,35716375552.0,248062369.0,698814042.0,65797248.0,36086952.0
36.1,47.8,36283757056.0,35716908032.0,248309877.0,698917136.0,65812638.0,36096197.0
42.7,48.3,36283757056.0,35716940800.0,248725211.0,699103768.0,65827096.0,36105718.0
44.9,48.2,36283757056.0,35726320640.0,249221976.0,699292050.0,65844324.0,36116318.0
35.1,48.3,36283757056.0,35726337024.0,249618050.0,699470789.0,65857798.0,36123557.0
34.4,48.3,36283757056.0,35726967808.0,250182779.0,699576408.0,65871780.0,36131213.0
28.4,48.2,36283789824.0,35750790144.0,250559568.0,699676352.0,65885912.0,36139777.0
22.3,47.8,36283789824.0,35750798336.0,250764576.0,699778588.0,65896372.0,36145155.0
24.2,47.8,36283789824.0,35750806528.0,250947229.0,699904323.0,65908616.0,36152178.0
35.1,48.0,36283789824.0,35750814720.0,251131883.0,700122413.0,65923981.0,36161568.0
39.4,47.9,36283789824.0,35750822912.0,251572828.0,700247970.0,65939960.0,36170495.0
40.5,47.9,36283793920.0,35750839296.0,251829580.0,700353212.0,65957404.0,36180173.0
42.1,47.8,36283798016.0,35751142400.0,252078663.0,700456406.0,65975203.0,36190661.0
41.6,47.9,36283798016.0,35751150592.0,252415072.0,700549763.0,65992016.0,36200144.0
31.6,48.0,36283798016.0,35751158784.0,252584223.0,700648744.0,66007491.0,36210389.0
41.7,48.0,36283798016.0,35751166976.0,252991296.0,700830165.0,66025234.0,36220771.0
41.0,47.8,36283798016.0,35751175168.0,253257221.0,701030152.0,66043512.0,36230597.0
37.5,47.8,36283798016.0,35751183360.0,253487195.0,701165166.0,66060510.0,36240901.0
35.7,47.8,36283798016.0,35751191552.0,253821962.0,701261507.0,66076662.0,36251616.0
34.2,47.8,36283798016.0,35751199744.0,254005072.0,701382225.0,66093237.0,36261103.0
42.9,47.9,36283798016.0,35751429120.0,254290285.0,701585383.0,66111499.0,36270588.0
42.7,48.0,36283798016.0,35751453696.0,254545640.0,701806538.0,66127268.0,36282579.0
38.3,48.0,36283798016.0,35752911872.0,254793852.0,702082354.0,66144788.0,36292472.0
45.4,47.9,36283798016.0,35752920064.0,255056469.0,702581035.0,66163794.0,36303167.0
33.9,47.8,36283798016.0,35752936448.0,255270333.0,702888879.0,66180162.0,36313549.0
34.3,47.7,36283798016.0,35752944640.0,255481428.0,702982583.0,66196495.0,36323340.0
28.4,47.7,36283798016.0,35752952832.0,255666825.0,703075455.0,66211022.0,36332956.0
27.4,47.5,36283798016.0,35753190400.0,256098738.0,703171120.0,66223839.0,36341002.0
25.6,47.5,36283798016.0,35753206784.0,256322083.0,703264205.0,66236250.0,36348784.0
22.0,47.5,36283798016.0,35754714112.0,256531239.0,703357621.0,66247221.0,36354179.0
23.3,47.5,36283798016.0,35755320320.0,256734636.0,703451588.0,66257934.0,36359768.0
26.6,47.5,36283798016.0,35755328512.0,256910691.0,703543282.0,66270851.0,36368351.0
21.3,47.4,36283798016.0,35755336704.0,257091259.0,703634983.0,66281432.0,36373778.0
22.4,47.4,36283798016.0,35764872192.0,257269598.0,703728004.0,66292260.0,36379407.0
21.9,47.3,36283798016.0,35765535744.0,257453503.0,703825375.0,66303199.0,36385211.0
24.4,47.4,36283863552.0,35792438272.0,257634935.0,703918864.0,66317724.0,36394176.0
25.7,47.3,36283863552.0,35792446464.0,257812282.0,704014233.0,66330376.0,36402740.0
24.2,47.3,36283863552.0,35792462848.0,258065076.0,704194070.0,66343409.0,36410963.0
24.1,47.3,36283863552.0,35792471040.0,258236625.0,704287966.0,66355775.0,36419287.0
24.8,47.4,36283863552.0,35792479232.0,258388417.0,704383832.0,66368598.0,36427340.0
26.4,47.4,36283863552.0,35792487424.0,258549587.0,704476909.0,66382111.0,36435632.0
20.9,47.4,36283863552.0,35793101824.0,258686840.0,704572741.0,66392892.0,36441011.0
20.3,47.4,36283863552.0,35793404928.0,258824929.0,704664440.0,66403235.0,36446204.0
24.2,47.5,36283863552.0,35793413120.0,258969030.0,704758993.0,66414870.0,36452648.0
32.0,47.7,36283863552.0,35794035712.0,259124580.0,704857359.0,66429946.0,36462239.0
24.3,47.7,36283867648.0,35794289664.0,259256062.0,704955335.0,66441123.0,36469321.0
31.9,47.7,36283867648.0,35794297856.0,259533675.0,705053535.0,66454993.0,36478157.0
25.5,47.6,36283867648.0,35794306048.0,259674863.0,705152377.0,66468126.0,36485935.0
29.9,47.6,36283867648.0,35794314240.0,259815647.0,705251410.0,66481790.0,36494712.0
25.4,47.7,36283867648.0,35794543616.0,260062235.0,705349464.0,66493520.0,36500642.0
21.6,47.7,36283867648.0,35794551808.0,260193247.0,705447932.0,66503952.0,36506592.0
20.6,47.7,36283867648.0,35794568192.0,260319014.0,705544635.0,66514133.0,36511867.0
36.3,47.7,36283867648.0,35794576384.0,260529165.0,705642828.0,66530281.0,36521795.0
38.8,48.1,36283867648.0,35794584576.0,260723869.0,705741122.0,66544814.0,36530402.0
52.2,48.2,36283867648.0,35794592768.0,261173916.0,705841913.0,66562724.0,36540985.0
55.6,48.1,36283867648.0,35794609152.0,261431198.0,705941260.0,66578925.0,36550972.0
42.9,48.0,36283867648.0,35794617344.0,261642348.0,706041082.0,66595029.0,36558683.0
36.1,48.0,36283867648.0,35794625536.0,261805194.0,706139435.0,66609900.0,36566042.0
39.3,48.0,36283867648.0,35794633728.0,261966419.0,706237578.0,66625230.0,36573668.0
37.8,48.0,36283867648.0,35795682304.0,262140622.0,706335975.0,66640053.0,36581123.0
41.7,48.0,36283867648.0,35796100096.0,262343593.0,706436280.0,66655879.0,36589087.0
38.8,48.0,36283867648.0,35796280320.0,262534594.0,706535450.0,66671199.0,36596862.0
38.3,48.1,36283867648.0,35796288512.0,262701017.0,706634934.0,66686007.0,36604181.0
43.1,48.1,36283867648.0,35805062144.0,262869678.0,706734825.0,66702243.0,36612160.0
34.4,48.1,36283900416.0,35827311616.0,262927521.0,706749245.0,66719153.0,36620236.0
34.4,48.1,36283900416.0,35827319808.0,262983035.0,706763061.0,66734165.0,36627758.0
33.8,48.1,36283900416.0,35827926016.0,263040002.0,706776851.0,66748972.0,36635063.0
38.1,48.1,36283920896.0,35827926016.0,263112695.0,706786912.0,66764327.0,36643093.0
47.4,48.2,36283920896.0,35827926016.0,263242040.0,706803732.0,66782120.0,36653588.0
55.3,48.2,36283920896.0,35827926016.0,263324303.0,706813052.0,66799549.0,36664599.0
47.2,48.2,36283920896.0,35827926016.0,263433303.0,706828566.0,66816841.0,36674047.0
42.2,48.2,36283920896.0,35827926016.0,263531870.0,706844806.0,66833650.0,36682110.0
37.3,48.2,36283920896.0,35827926016.0,263603288.0,706859630.0,66849541.0,36689819.0
38.5,48.2,36283920896.0,35827926016.0,263692536.0,706873780.0,66865499.0,36697648.0
35.2,48.2,36283920896.0,35827926016.0,263759708.0,706881982.0,66880076.0,36704979.0
38.9,48.1,36283920896.0,35827926016.0,263826309.0,706894923.0,66896193.0,36714024.0
39.7,48.1,36283920896.0,35827926016.0,263891349.0,706908413.0,66912866.0,36723641.0
34.2,48.1,36283920896.0,35827926016.0,263931341.0,706924199.0,66927840.0,36731231.0
37.2,48.1,36283920896.0,35828376576.0,264010381.0,706943607.0,66943847.0,36738957.0
40.2,48.1,36283920896.0,35828376576.0,264086122.0,706951667.0,66959365.0,36746674.0
33.8,48.1,36283920896.0,35828376576.0,264144415.0,706960772.0,66974004.0,36753993.0
38.2,48.2,36283920896.0,35828376576.0,264215893.0,706974341.0,66989073.0,36761645.0
35.1,48.2,36283920896.0,35830359040.0,264277029.0,706990404.0,67004350.0,36769058.0
34.5,48.2,36283920896.0,35830359040.0,264334520.0,707004318.0,67019554.0,36776596.0
35.0,48.2,36283920896.0,35830359040.0,264387223.0,707018078.0,67034788.0,36784063.0
35.8,48.2,36283920896.0,35830514688.0,264459950.0,707028887.0,67050566.0,36791591.0
35.0,48.2,36283920896.0,35830965248.0,264518309.0,707040036.0,67065557.0,36799019.0
48.0,48.2,36283920896.0,35830965248.0,264574953.0,707053389.0,67081559.0,36808722.0
37.6,48.3,36283920896.0,35830965248.0,264638680.0,707065915.0,67097854.0,36818237.0
35.7,48.2,36283920896.0,35831710720.0,264704615.0,707081548.0,67113118.0,36825726.0
36.0,48.2,36283920896.0,35832071168.0,264756760.0,707095268.0,67128267.0,36833215.0
42.7,48.2,36283920896.0,35832071168.0,265195187.0,707113853.0,67143914.0,36841176.0
40.6,48.2,36283920896.0,35832071168.0,265518793.0,707130336.0,67159993.0,36849235.0
37.6,48.2,36283924992.0,35856204800.0,265666111.0,707144410.0,67176978.0,36857564.0
35.1,48.2,36283924992.0,35856204800.0,265767255.0,707156733.0,67192061.0,36864912.0
40.8,48.3,36283924992.0,35856212992.0,265884691.0,707173280.0,67207411.0,36872574.0
38.7,48.3,36283924992.0,35856212992.0,265999308.0,707191657.0,67222754.0,36880412.0
35.4,48.3,36283924992.0,35856212992.0,266095809.0,707207848.0,67237923.0,36888017.0
36.2,48.3,36283924992.0,35856827392.0,266193625.0,707224736.0,67253244.0,36895561.0
38.9,48.3,36283924992.0,35857441792.0,266310050.0,707240620.0,67269056.0,36903221.0
37.7,48.2,36283924992.0,35857441792.0,266415709.0,707254644.0,67284541.0,36910958.0
39.3,48.1,36283924992.0,35857441792.0,266492237.0,707270004.0,67301022.0,36920648.0
50.5,48.3,36283924992.0,35857449984.0,266645230.0,707369777.0,67316714.0,36930101.0
42.1,48.3,36283924992.0,35857458176.0,266728630.0,707382231.0,67332143.0,36937994.0
33.6,48.3,36283929088.0,35857458176.0,266810668.0,707391469.0,67346332.0,36945058.0
38.9,48.3,36283929088.0,35857458176.0,266890113.0,707405189.0,67362639.0,36954917.0
34.2,48.3,36283929088.0,35857458176.0,266947767.0,707419211.0,67377556.0,36962842.0
42.9,48.1,36283929088.0,35858056192.0,267004766.0,707433743.0,67392499.0,36970995.0
58.2,47.6,36283929088.0,35858277376.0,267017166.0,707459356.0,67408572.0,36981276.0
27.9,47.4,36283929088.0,35858277376.0,267035656.0,707473020.0,67423884.0,36990861.0
26.1,47.2,36283929088.0,35858277376.0,267047456.0,707482733.0,67438488.0,37000067.0
10.6,47.1,36283929088.0,35858277376.0,267051934.0,707491673.0,67447509.0,37005026.0
11.9,46.9,36283929088.0,35858277376.0,267056177.0,707501978.0,67457086.0,37010295.0
15.1,46.9,36283929088.0,35858277376.0,267059587.0,707507064.0,67468007.0,37017015.0
19.7,47.1,36283929088.0,35858277376.0,267066007.0,707512442.0,67480790.0,37025551.0
36.7,46.5,36284240384.0,35858277376.0,267078363.0,707522201.0,67495503.0,37036638.0
40.5,46.6,36284240384.0,35858277376.0,267084064.0,707532030.0,67508859.0,37046641.0
25.8,46.6,36284240384.0,35858277376.0,267101004.0,707543332.0,67522392.0,37055993.0
30.6,46.6,36284375552.0,35859301376.0,267357482.0,707582336.0,67536897.0,37065124.0
18.1,46.5,36284375552.0,35859596288.0,267368840.0,707594828.0,67546483.0,37071902.0
50.1,46.1,36284752384.0,35861398528.0,267515621.0,709859265.0,67563416.0,37082784.0
62.7,45.8,36286095872.0,35862225920.0,267689988.0,710137176.0,67581953.0,37092955.0
32.8,45.8,36286128640.0,35862873088.0,267730845.0,710181924.0,67591343.0,37098965.0
18.8,46.1,36286882304.0,35918742528.0,267863240.0,710271148.0,67605222.0,37105541.0
17.3,43.5,36286882304.0,35918750720.0,267956690.0,710366663.0,67611822.0,37111761.0
12.5,43.5,36286886400.0,35919954944.0,268042904.0,710452955.0,67618141.0,37117407.0
13.9,43.4,36286886400.0,35919963136.0,268129794.0,710540001.0,67625575.0,37124308.0
8.4,43.4,36286886400.0,35920200704.0,268216198.0,710626283.0,67629724.0,37128065.0
4.4,43.4,36286886400.0,35920208896.0,268302411.0,710712496.0,67631706.0,37129732.0
4.2,43.4,36286886400.0,35921937408.0,268388623.0,710798708.0,67634058.0,37131515.0
4.2,43.3,36286886400.0,35921945600.0,268474834.0,710884919.0,67635872.0,37132993.0
6.2,43.2,36286886400.0,35922740224.0,268561162.0,710971207.0,67639094.0,37135757.0
13.5,43.5,36286886400.0,35922748416.0,268647372.0,711057417.0,67645161.0,37142541.0
14.8,43.4,36286886400.0,35922920448.0,268733585.0,711143630.0,67651731.0,37149203.0
10.0,43.3,36286886400.0,35922928640.0,268828351.0,711235585.0,67657870.0,37154565.0
10.3,43.4,36286886400.0,35922953216.0,268914976.0,711323772.0,67663308.0,37159678.0
59.0,43.2,36316254720.0,35922961408.0,269002347.0,711411115.0,67669032.0,37166965.0
100.0,43.2,36316254720.0,35924640768.0,269088562.0,711497408.0,67674136.0,37176587.0
99.8,43.1,36316254720.0,35924657152.0,269174794.0,711583640.0,67682024.0,37187511.0
100.0,43.1,36316254720.0,35924714496.0,269261078.0,711669924.0,67690723.0,37198914.0
100.0,43.2,36316254720.0,35924771840.0,269348086.0,711756904.0,67698180.0,37209768.0
100.0,43.0,36316254720.0,35924902912.0,269518403.0,711927221.0,67705977.0,37220876.0
100.0,42.9,36316254720.0,35924911104.0,269604644.0,712013462.0,67713271.0,37231691.0
100.0,42.9,36316254720.0,35924919296.0,269690889.0,712099707.0,67720699.0,37242362.0
100.0,43.0,36316254720.0,35925156864.0,269777136.0,712186032.0,67726983.0,37251613.0
76.9,43.0,36316254720.0,35925173248.0,269863386.0,712272282.0,67733057.0,37259669.0
16.8,42.9,36316254720.0,35925943296.0,269949887.0,712358733.0,67739294.0,37264150.0
15.1,42.9,36316254720.0,35925984256.0,270036179.0,712445025.0,67745483.0,37268430.0
4.4,42.9,36316287488.0,35930817536.0,270122419.0,712531265.0,67748032.0,37270344.0
7.6,42.9,36316287488.0,35931702272.0,270208807.0,712617700.0,67752143.0,37273799.0
9.1,42.9,36316287488.0,35931759616.0,270295096.0,712703989.0,67757005.0,37278139.0
8.9,42.8,36316287488.0,35931767808.0,270381384.0,712790277.0,67762189.0,37282681.0
25.7,43.0,36316615168.0,35981673472.0,270467848.0,712876564.0,67774417.0,37290693.0
49.2,43.2,36316647936.0,35995182080.0,270554429.0,712963127.0,67780416.0,37298523.0
69.8,38.8,36317553152.0,35999695872.0,270559428.0,712967349.0,67789960.0,37306677.0
35.9,39.1,36322823680.0,36001719296.0,270574995.0,712987073.0,67797240.0,37314254.0
28.9,39.2,36322823680.0,36004324352.0,270589678.0,713001756.0,67803241.0,37321592.0
32.4,39.2,36322823680.0,36004324352.0,270591238.0,713003316.0,67808176.0,37327949.0
30.2,39.1,36322823680.0,36004340736.0,270592799.0,713004877.0,67812450.0,37336104.0
28.0,38.9,36322823680.0,36004340736.0,270594359.0,713006437.0,67814439.0,37339779.0
32.4,39.4,36322823680.0,36004365312.0,270596083.0,713008063.0,67817479.0,37343109.0
76.3,33.9,39733583872.0,31919805440.0,84118190.0,3244728654.0,22210595.0,14109540.0
100.0,35.4,39734026240.0,31919805440.0,84147050.0,3249546105.0,22215156.0,14117237.0
99.8,36.7,39734026240.0,31919805440.0,84177185.0,3254955018.0,22219741.0,14124428.0
100.0,37.8,39734710272.0,31920256000.0,84199868.0,3258020577.0,22224971.0,14131367.0
100.0,38.6,40181010432.0,31920452608.0,84215245.0,3260773864.0,22232093.0,14140399.0
99.8,39.9,40341532672.0,31922516992.0,84241296.0,3264913365.0,22248403.0,14156859.0
99.9,43.0,40734380032.0,31988892672.0,84370965.0,3274676669.0,22297944.0,14199606.0
100.0,44.1,40778383360.0,31997907968.0,84521881.0,3279402466.0,22320698.0,14216374.0
100.0,45.1,40809054208.0,32000791552.0,84561449.0,3283904266.0,22367443.0,14231191.0
100.0,45.7,40820441088.0,32004518912.0,84615109.0,3289342858.0,22408741.0,14249422.0
100.0,46.6,40830128128.0,32009720832.0,86555626.0,3296125868.0,22420407.0,14261612.0
100.0,49.1,40836415488.0,32143438848.0,88357192.0,3302747926.0,22433926.0,14274937.0
100.0,50.1,40840019968.0,32163263488.0,88789571.0,3303439387.0,22441756.0,14291812.0
100.0,48.9,40846602240.0,32199775232.0,88811966.0,3303477487.0,22449596.0,14321025.0
99.8,49.7,40848044032.0,32223298560.0,88829591.0,3303513628.0,22456093.0,14343586.0
71.4,50.3,40855740416.0,32223298560.0,88847020.0,3303645603.0,22464447.0,14354874.0
14.7,50.8,40855961600.0,32223298560.0,88865252.0,3304441791.0,22471824.0,14361600.0
17.2,51.0,40856088576.0,32263918592.0,88891313.0,3306170563.0,22478127.0,14380392.0
14.7,52.2,40856223744.0,32263918592.0,88923620.0,3308868476.0,22483742.0,14387859.0
16.3,52.2,40856281088.0,32263918592.0,88973433.0,3312736583.0,22489263.0,14395794.0
8.7,52.2,40856297472.0,32263918592.0,89012587.0,3316734625.0,22494704.0,14402353.0
7.1,52.1,40857800704.0,32293893120.0,89058154.0,3319984443.0,22503588.0,14406220.0
6.9,52.1,40857821184.0,32293909504.0,89097310.0,3323294979.0,22508008.0,14409357.0
10.1,52.1,40857886720.0,32293909504.0,89137529.0,3327124670.0,22514425.0,14415434.0
38.8,50.1,41289166848.0,32387957760.0,89170375.0,3329772657.0,22529575.0,14435135.0
44.3,50.5,41302224896.0,32388670464.0,89190779.0,3329810599.0,22539860.0,14443387.0
43.7,50.5,41302794240.0,32400446464.0,89207749.0,3329827681.0,22547511.0,14455215.0
45.7,50.9,41316945920.0,32414675968.0,89228803.0,3329862135.0,22563395.0,14464015.0
29.2,51.1,41317355520.0,32415183872.0,89245925.0,3329879257.0,22581433.0,14470760.0
14.9,50.9,41317380096.0,32417338368.0,89264245.0,3329897608.0,22588523.0,14476503.0
12.8,51.0,41317564416.0,32417592320.0,89282314.0,3329915654.0,22594577.0,14481438.0
16.7,51.4,41320407040.0,32419034112.0,89302749.0,3329942671.0,22603480.0,14488223.0
18.2,51.0,41320849408.0,32432161792.0,89322074.0,3329961798.0,22608923.0,14496103.0
15.3,52.2,41320927232.0,32433562624.0,89340924.0,3329980648.0,22616840.0,14501425.0
14.6,53.0,41321263104.0,32435061760.0,89360503.0,3330000040.0,22623285.0,14506643.0
26.7,50.8,41343713280.0,32540566528.0,89380346.0,3330019752.0,22637061.0,14517637.0
13.9,50.8,41343762432.0,32542696448.0,89403697.0,3330042102.0,22644373.0,14522784.0
14.1,50.6,41360621568.0,32542696448.0,89424446.0,3330062962.0,22651304.0,14528295.0
10.8,50.7,41360678912.0,32542696448.0,89445637.0,3330084125.0,22657141.0,14532515.0
10.4,52.9,41363664896.0,32545416192.0,89466557.0,3330105045.0,22663696.0,14536770.0
4.4,53.0,41363685376.0,32545416192.0,89487916.0,3330126376.0,22665847.0,14538578.0
8.8,52.8,41363750912.0,32545416192.0,89519252.0,3330163153.0,22668691.0,14541403.0
4.2,52.8,41363787776.0,32545416192.0,89541732.0,3330187773.0,22671079.0,14543382.0
18.9,52.8,41375961088.0,32545416192.0,89564301.0,3330210277.0,22679172.0,14548389.0
8.9,52.2,41376055296.0,32545440768.0,89586944.0,3330232920.0,22684196.0,14552603.0
10.6,52.2,41376067584.0,32546104320.0,89609932.0,3330255908.0,22689773.0,14556971.0
15.0,52.2,41376210944.0,32546341888.0,89634028.0,3330280004.0,22696214.0,14562232.0
9.4,52.1,41376227328.0,32546341888.0,89657897.0,3330303920.0,22700646.0,14566046.0
14.3,52.1,41376239616.0,32546341888.0,89681921.0,3330328022.0,22706939.0,14571803.0
8.1,52.2,41376251904.0,32546358272.0,89706481.0,3330352526.0,22711462.0,14576705.0
13.3,52.2,41376268288.0,32546358272.0,89731300.0,3330377345.0,22716882.0,14581773.0
26.9,52.3,41376284672.0,32552264704.0,89757489.0,3330403394.0,22723648.0,14588952.0
13.0,52.3,41376305152.0,32552264704.0,89783246.0,3330429039.0,22729852.0,14594582.0
9.4,52.3,41376800768.0,32552264704.0,89809402.0,3330455167.0,22734893.0,14599049.0
